loan_id,predicted_delinquency_prob,predicted_default_prob,predicted_prepayment_prob,next_state,anomaly_score,exception_type,exception_required,top_drivers,action,confidence
L100001,0.3217448643621583,0.24812161466047017,0.13500017301780656,current,0,none,0,"interest_rate, current_balance",monitor,low
L100001,0.33383919622720476,0.2711307671049403,0.1316048113470761,current,0,none,0,"interest_rate, current_balance",monitor,low
L100001,0.3318721739676851,0.298528321190407,0.11780670889771473,current,0,none,0,"interest_rate, current_balance",monitor,low
L100001,0.32531908709287277,0.2874108296044033,0.1109620553993061,current,0,none,0,"interest_rate, current_balance",monitor,low
L100001,0.33423522477751677,0.2926828245865776,0.10280652859653124,current,0,none,0,"interest_rate, current_balance",monitor,low
L100001,0.3124840552691888,0.2805219623420209,0.10520603854825766,current,0,none,0,"interest_rate, current_balance",monitor,low
L100001,0.3345373290224993,0.302235091220812,0.16675364858293773,current,0,none,0,"interest_rate, current_balance",monitor,medium
L100001,0.3073751093402271,0.29966648542892693,0.11247087435201124,current,0,none,0,"interest_rate, current_balance",monitor,low
L100001,0.33165670848764806,0.3305008720403363,0.1602601733224169,current,0,none,0,"interest_rate, current_balance",monitor,medium
L100001,0.31255339982376623,0.2907987547760877,0.10662450447354054,current,0,none,0,"interest_rate, current_balance",monitor,low
L100001,0.35274440925508094,0.3112693286931677,0.16253156292070844,current,0,none,0,"interest_rate, current_balance",monitor,medium
L100001,0.3547387964931593,0.267063755292796,0.11200586336557192,current,0,none,0,"interest_rate, current_balance",monitor,low
L100005,0.4534439205997997,0.487508541757143,0.25058342410312545,current,0,none,0,"interest_rate, current_balance",monitor,medium
L100005,0.46005427627996304,0.4875525841654339,0.25277798461643286,current,0,none,0,"interest_rate, current_balance",monitor,medium
L100005,0.48050741889267573,0.49855636168500156,0.2277859635079461,current,0,none,0,"interest_rate, current_balance",monitor,medium
L100005,0.4875560819221038,0.48172683263394334,0.24930565151524506,current,0,none,0,"interest_rate, current_balance",monitor,medium
L100005,0.49790853349196607,0.478445066166584,0.24963342805523112,current,0,none,0,"interest_rate, current_balance",monitor,medium
L100005,0.5057721883762206,0.4900340669507842,0.3722884465016128,current,0,none,0,"interest_rate, current_balance",monitor,medium
L100005,0.5183255924854664,0.4864427367764647,0.37263804992671773,current,0,none,0,"interest_rate, current_balance",monitor,medium
L100005,0.5177608452145793,0.4839078056241406,0.3875594948080734,current,0,none,0,"interest_rate, current_balance",monitor,medium
L100005,0.5163905543002336,0.4762109671225423,0.22705229684246955,current,0,none,0,"interest_rate, current_balance",monitor,medium
L100005,0.5162241417665128,0.4736901460446086,0.35658848229470613,current,0,none,0,"interest_rate, current_balance",monitor,medium
L100005,0.4935490681030364,0.44731485719455427,0.2608360611377359,current,0,none,0,"interest_rate, current_balance",monitor,medium
L100005,0.5042616453250013,0.41458350963404145,0.36718132498816414,current,0,none,0,"interest_rate, current_balance",monitor,medium
L100011,0.4862482968212694,0.540326231683527,0.16772653221724254,current,0,none,0,"interest_rate, current_balance",review,medium
L100011,0.4911030302625182,0.5337678118946468,0.48259551885365226,current,0,none,0,"interest_rate, current_balance",review,medium
L100011,0.5004411575263955,0.5360377829291361,0.188910195921337,current,0,none,0,"interest_rate, current_balance",review,medium
L100011,0.520741891665223,0.5570837465072771,0.1777332150719095,current,0,none,0,"interest_rate, current_balance",review,medium
L100011,0.5311130770296378,0.5520913057877518,0.1992829520437611,current,0,none,0,"interest_rate, current_balance",review,medium
L100011,0.5455933417067853,0.5420406360337043,0.1878566978104549,current,0,none,0,"interest_rate, current_balance",review,medium
L100011,0.5577062758602003,0.5373553504432065,0.18069349833590356,current,0,none,0,"interest_rate, current_balance",review,medium
L100011,0.5579784118507156,0.543483158486478,0.18368106318020122,current,0,none,0,"interest_rate, current_balance",review,medium
L100011,0.5334642050389848,0.5459920054599475,0.48665847624701836,current,0,none,0,"interest_rate, current_balance",review,medium
L100011,0.5363078129634521,0.5342335269988727,0.5069200722134595,current,0,none,0,"interest_rate, current_balance",review,medium
L100011,0.5031915666632706,0.5089537401513204,0.3657882322559816,current,0,none,0,"interest_rate, current_balance",review,medium
L100011,0.5248714184284172,0.45658895595336757,0.1244279118562715,current,0,none,0,"interest_rate, current_balance",monitor,medium
L100018,0.39218755619312307,0.42044287459660595,0.12495103714801284,current,0,none,0,"interest_rate, current_balance",monitor,medium
L100018,0.4486694377557089,0.45894205926882736,0.15316737889993107,current,0,none,0,"interest_rate, current_balance",monitor,medium
L100018,0.3783954156433153,0.3827107608850851,0.11258716736179468,current,0,none,0,"interest_rate, current_balance",monitor,medium
L100018,0.4273336228057342,0.37764211240003454,0.13050310290425146,current,0,none,0,"interest_rate, current_balance",monitor,medium
L100018,0.3268559216147516,0.31468802831741244,0.30100311507910454,current,0,balance_increase_anomaly,1,"interest_rate, current_balance",monitor,medium
L100018,0.3790998885483272,0.3029436322059198,0.12842248081138125,current,0,balance_increase_anomaly,1,"interest_rate, current_balance",monitor,medium
L100018,0.3563630347904157,0.26768041799709585,0.1082031014435272,delinquent_30_60,0,balance_increase_anomaly,1,"interest_rate, current_balance",monitor,low
L100018,0.35832862578609637,0.31951507476157476,0.10787693947006202,current,0,none,0,"interest_rate, current_balance",monitor,medium
L100018,0.3639627753276431,0.3411769479396959,0.10551445924463478,current,0,none,0,"interest_rate, current_balance",monitor,medium
L100018,0.3517896190633315,0.3754019817153937,0.10872404704310844,current,0,none,0,"interest_rate, current_balance",monitor,medium
L100018,0.34798894523995266,0.4288838495448971,0.24970217696803854,current,0,none,0,"interest_rate, current_balance",monitor,medium
L100018,0.3603215548259847,0.33606778979463614,0.11095838408624807,current,0,none,0,"interest_rate, current_balance",monitor,medium
L100021,0.3496033765260234,0.47411344495646546,0.0729288474167586,current,0,none,0,"interest_rate, current_balance",monitor,medium
L100021,0.3423025706689286,0.4940569799654684,0.21651820507451888,current,0,none,0,"interest_rate, current_balance",monitor,medium
L100021,0.3740504041359557,0.508459103108627,0.10389143563617378,current,0,none,0,"interest_rate, current_balance",review,medium
L100021,0.11860095586467931,0.09202692275536195,0.23934485224462052,unknown,0,none,0,"interest_rate, current_balance",monitor,low
L100029,0.4629101283851619,0.49483298019592326,0.28483823870599795,current,0,none,0,"interest_rate, current_balance",monitor,medium
L100029,0.4687574638231831,0.45104904540566165,0.7373357509152566,current,0,none,0,"interest_rate, current_balance",monitor,medium
L100029,0.455690654086935,0.4896314258904115,0.2647535111591611,current,0,none,0,"interest_rate, current_balance",monitor,medium
L100029,0.47834161337126224,0.46520467303912266,0.7844463746912729,current,0,none,0,"interest_rate, current_balance",monitor,medium
L100029,0.47975479227485673,0.46520467303912266,0.7632557123474465,current,0,none,0,"interest_rate, current_balance",monitor,medium
L100029,0.48854174274250756,0.45046897263668334,0.7423160099807219,current,0,balance_increase_anomaly,1,"interest_rate, current_balance",monitor,medium
L100029,0.49023278272663456,0.45303618970828796,0.7557862398650292,current,0,balance_increase_anomaly,1,"interest_rate, current_balance",monitor,medium
L100029,0.4803661339874684,0.42571205922734834,0.6532785291052554,current,0,balance_increase_anomaly,1,"interest_rate, current_balance",monitor,medium
L100029,0.4457719403420155,0.4494044951128164,0.7062500161842964,current,0,balance_increase_anomaly,1,"interest_rate, current_balance",monitor,medium
L100029,0.4901406418382129,0.5002150543446425,0.26310808249519996,current,0,balance_increase_anomaly,1,"interest_rate, current_balance",review,medium
L100029,0.47591058237999645,0.4413260778814856,0.7242494403602916,current,0,balance_increase_anomaly,1,"interest_rate, current_balance",monitor,medium
L100029,0.5006587272508947,0.41242107180155363,0.6831784433710787,current,0,balance_increase_anomaly,1,"interest_rate, current_balance",monitor,medium
L100033,0.5091030597918644,0.4677026506173301,0.1060423822769669,current,0,none,0,"interest_rate, current_balance",monitor,medium
L100033,0.49905058858141627,0.4562232248629623,0.35026637217452766,current,0,none,0,"interest_rate, current_balance",monitor,medium
L100033,0.4913960574935027,0.46082245737747274,0.13345180952519842,current,0,none,0,"interest_rate, current_balance",monitor,medium
L100033,0.5016262668914653,0.46398400253010486,0.3619729959250665,current,0,none,0,"interest_rate, current_balance",monitor,medium
L100033,0.4950730013073645,0.4635046219815061,0.1130821254138236,unknown,0,severe_delinquency,1,"interest_rate, current_balance",monitor,medium
L100035,0.4704936134699278,0.5371467626971098,0.33309305185987864,current,0,none,0,"interest_rate, current_balance",review,medium
L100035,0.46583000920704365,0.5376899965991695,0.3287774761695796,current,0,none,0,"interest_rate, current_balance",review,medium
L100035,0.4831283122253211,0.5108684114449702,0.11886392489355413,current,0,none,0,"interest_rate, current_balance",review,medium
L100035,0.48232121705805964,0.49592431285214644,0.10123969136175542,current,0,none,0,"interest_rate, current_balance",monitor,medium
L100035,0.4832020607348305,0.4983165426257741,0.10681428136883028,current,0,none,0,"interest_rate, current_balance",monitor,medium
L100035,0.4539522033849972,0.3756753189862304,0.08539967327333484,delinquent_30_60,1,flagged_anomaly,1,"interest_rate, current_balance",monitor,medium
L100035,0.49989535237427496,0.3955934745033533,0.2881306982040989,delinquent_30_60,0,severe_delinquency,1,"interest_rate, current_balance",monitor,medium
L100035,0.530437752974205,0.4631173222982908,0.0978892194941688,current,0,none,0,"interest_rate, current_balance",monitor,medium
L100035,0.5247982196949156,0.46658655437442764,0.1090123693199047,current,0,none,0,"interest_rate, current_balance",monitor,medium
L100035,0.5090146513839862,0.4930030334332647,0.11820319287754825,current,0,none,0,"interest_rate, current_balance",monitor,medium
L100035,0.4776610161703195,0.4826758095121864,0.12152447259939007,current,0,none,0,"interest_rate, current_balance",monitor,medium
L100035,0.4526515182836468,0.34964771997177335,0.09294566175229398,delinquent_30_60,1,flagged_anomaly,1,"interest_rate, current_balance",monitor,medium
L100039,0.40522979347360083,0.5672942556588674,0.12407542450617819,current,0,none,0,"interest_rate, current_balance",review,medium
L100039,0.4180260343636069,0.5542921475165176,0.10459486486430043,current,0,none,0,"interest_rate, current_balance",review,medium
L100039,0.39485512109838267,0.5857589005804111,0.10975771443984762,current,0,none,0,"interest_rate, current_balance",review,medium
L100039,0.42436889031154396,0.5256762653524474,0.35314529660671296,current,0,none,0,"interest_rate, current_balance",review,medium
L100039,0.4177598227889479,0.5682735923059344,0.10093981441695389,current,0,none,0,"interest_rate, current_balance",review,medium
L100039,0.5387778123344823,0.5414880636461731,0.1345154772675903,current,0,balance_increase_anomaly,1,"interest_rate, current_balance",review,medium
L100039,0.5651042468701579,0.5375200920336147,0.13840241607879902,current,0,balance_increase_anomaly,1,"interest_rate, current_balance",review,medium
L100039,0.5284493003569959,0.494455514968287,0.3922162312847276,current,0,balance_increase_anomaly,1,"interest_rate, current_balance",monitor,medium
L100039,0.558857185475301,0.532212281299758,0.1305822337717607,current,0,balance_increase_anomaly,1,"interest_rate, current_balance",review,medium
L100039,0.538357213230415,0.5441968876377142,0.13337363738294405,current,0,balance_increase_anomaly,1,"interest_rate, current_balance",review,medium
L100039,0.5488313584015917,0.5148325251293684,0.12689721688693023,current,0,balance_increase_anomaly,1,"interest_rate, current_balance",review,medium
L100039,0.530116287314643,0.43365022772307715,0.3029025159677574,current,0,balance_increase_anomaly,1,"interest_rate, current_balance",monitor,medium
L100044,0.33952073808827626,0.2993694091220848,0.2517355717018491,current,0,none,0,"interest_rate, current_balance",monitor,low
L100044,0.3101184483395907,0.2771469906328229,0.15126754040932208,current,0,none,0,"interest_rate, current_balance",monitor,low
L100044,0.3406933978178265,0.2898869178171797,0.142641666767536,current,0,none,0,"interest_rate, current_balance",monitor,low
L100044,0.3361581598115381,0.2966914261520891,0.156034794213366,current,0,none,0,"interest_rate, current_balance",monitor,low
L100044,0.3030176707316134,0.36383000498471574,0.27565266789536486,current,0,none,0,"interest_rate, current_balance",monitor,medium
L100044,0.32158071016719536,0.3519842217219668,0.27828720830755826,current,0,none,0,"interest_rate, current_balance",monitor,medium
L100044,0.3394204125634177,0.28329902156370723,0.15308702188350132,current,0,none,0,"interest_rate, current_balance",monitor,low
L100044,0.35162461424289715,0.2761746568335018,0.14696878184617793,current,0,none,0,"interest_rate, current_balance",monitor,low
L100044,0.36365624606470043,0.2716609056356908,0.11308024054290966,current,0,none,0,"interest_rate, current_balance",monitor,low
L100044,0.3333418929955257,0.3670975006761023,0.21495970843391946,current,0,none,0,"interest_rate, current_balance",monitor,medium
L100044,0.3656043180782578,0.2659919803428863,0.09296494364650565,current,0,none,0,"interest_rate, current_balance",monitor,low
L100044,0.35271936676826,0.243002600833048,0.08665441784518357,current,0,none,0,"interest_rate, current_balance",monitor,low
L100045,0.2603469343790215,0.3605062085679678,0.18835702837007864,current,0,none,0,"interest_rate, current_balance",monitor,medium
L100045,0.25834777217916394,0.42155168488275147,0.27475098293381167,current,0,none,0,"interest_rate, current_balance",monitor,medium
L100045,0.22936902255357733,0.34291380915169023,0.16669944533465764,current,0,none,0,"interest_rate, current_balance",monitor,medium
L100045,0.1986944956040902,0.35696820782990824,0.1587414996208014,current,0,none,0,"interest_rate, current_balance",monitor,medium
L100045,0.20476897140332165,0.33980555458270845,0.14770243322604978,current,0,none,0,"interest_rate, current_balance",monitor,medium
L100045,0.23698709887426786,0.40974230141464785,0.20428742452759532,current,0,none,0,"interest_rate, current_balance",monitor,medium
L100045,0.2523441653311958,0.415836750448487,0.19049232567061647,current,0,none,0,"interest_rate, current_balance",monitor,medium
L100045,0.2121935106665191,0.3658434338404459,0.14387402911360755,current,0,none,0,"interest_rate, current_balance",monitor,medium
L100045,0.22186924121261054,0.33777948854212714,0.11147159152464163,current,0,none,0,"interest_rate, current_balance",monitor,medium
L100045,0.2113787452318471,0.3742237468611715,0.10941033189960803,current,0,none,0,"interest_rate, current_balance",monitor,medium
L100045,0.21013202297665184,0.4195705616991114,0.12044781180179323,current,0,none,0,"interest_rate, current_balance",monitor,medium
L100045,0.22507613299044774,0.3184779679434564,0.10846075120187912,delinquent_30_60,1,flagged_anomaly,1,"interest_rate, current_balance",monitor,medium
L100047,0.3285903530576453,0.297717702586799,0.09085990585152982,current,0,none,0,"interest_rate, current_balance",monitor,low
L100047,0.2937736310495275,0.32149425114989205,0.288490606839178,current,0,none,0,"interest_rate, current_balance",monitor,medium
L100047,0.2740933807136491,0.3434732952304577,0.10130487726273053,current,0,none,0,"interest_rate, current_balance",monitor,medium
L100047,0.32612836758559977,0.3049693193711073,0.0994072782792116,current,0,none,0,"interest_rate, current_balance",monitor,medium
L100047,0.28210395640884356,0.38577983835033947,0.2628824926846509,current,0,none,0,"interest_rate, current_balance",monitor,medium
L100047,0.2756333709991612,0.34863956232177773,0.0932443506836784,current,0,none,0,"interest_rate, current_balance",monitor,medium
L100047,0.2899170503073396,0.37570951880066206,0.247475831183322,current,0,none,0,"interest_rate, current_balance",monitor,medium
L100047,0.31089060261587725,0.37145056045265384,0.25860291385408496,current,0,none,0,"interest_rate, current_balance",monitor,medium
L100047,0.2961364014653629,0.38098305814321587,0.09871809537369608,current,0,none,0,"interest_rate, current_balance",monitor,medium
L100047,0.24803486703585909,0.3667093612570689,0.08729979437404883,current,0,none,0,"interest_rate, current_balance",monitor,medium
L100047,0.25922099923586067,0.3717103296168402,0.09373262272835642,current,0,none,0,"interest_rate, current_balance",monitor,medium
L100047,0.25105786699862087,0.3163926748297517,0.09016700127161274,current,0,none,0,"interest_rate, current_balance",monitor,medium
L100049,0.4131276648797469,0.4983761869696996,0.272122466194473,current,0,none,0,"interest_rate, current_balance",monitor,medium
L100049,0.4181655116217491,0.5105668720285145,0.09644367185009055,current,0,none,0,"interest_rate, current_balance",review,medium
L100049,0.4232331574594524,0.506847573642868,0.10773760833327088,current,0,none,0,"interest_rate, current_balance",review,medium
L100049,0.4378555357349141,0.5171936410885981,0.09618354886222337,current,0,none,0,"interest_rate, current_balance",review,medium
L100049,0.44317991179745586,0.4783119744227947,0.10777927129505348,current,0,balance_increase_anomaly,1,"interest_rate, current_balance",monitor,medium
L100049,0.4441252380573827,0.4586947552552449,0.08325573299532377,current,0,balance_increase_anomaly,1,"interest_rate, current_balance",monitor,medium
L100049,0.45747053220653605,0.4630260925669314,0.09784826711879795,current,0,balance_increase_anomaly,1,"interest_rate, current_balance",monitor,medium
L100049,0.4657684943616498,0.46087414127699844,0.09842780131322591,current,0,balance_increase_anomaly,1,"interest_rate, current_balance",monitor,medium
L100049,0.13852619656376722,0.08945535143624012,0.33571816021499734,unknown,0,balance_increase_anomaly,1,"interest_rate, current_balance",monitor,low
L100069,0.41078547331561954,0.38417977742670134,0.2317612027209188,current,0,none,0,"interest_rate, current_balance",monitor,medium
L100069,0.3996555032968064,0.3869290902206014,0.2542960140071608,current,0,none,0,"interest_rate, current_balance",monitor,medium
L100069,0.4207795729149761,0.40069784189823904,0.320908858725017,current,0,none,0,"interest_rate, current_balance",monitor,medium
L100069,0.42481348764397336,0.38926974207537274,0.2361380156501301,current,0,none,0,"interest_rate, current_balance",monitor,medium
L100069,0.33589079682607514,0.3775190668941479,0.18102040533121314,current,0,none,0,"interest_rate, current_balance",monitor,medium
L100069,0.3234405290737881,0.35847219748007203,0.18205522611134706,current,0,none,0,"interest_rate, current_balance",monitor,medium
L100069,0.3769031030222415,0.37928723502586953,0.1659592398809603,current,0,none,0,"interest_rate, current_balance",monitor,medium
L100069,0.3684136283457651,0.39751099513731486,0.2500414190039845,current,0,none,0,"interest_rate, current_balance",monitor,medium
L100069,0.35296180590236004,0.37971840172390053,0.17230084098881515,current,0,none,0,"interest_rate, current_balance",monitor,medium
L100069,0.3821106748910715,0.38428791075244106,0.15919281167297275,current,0,none,0,"interest_rate, current_balance",monitor,medium
L100069,0.3739569677590127,0.37949061081116703,0.1644729806979053,current,0,none,0,"interest_rate, current_balance",monitor,medium
L100069,0.3543606025222783,0.35806814232705203,0.2382408024497518,current,0,none,0,"interest_rate, current_balance",monitor,medium
L100073,0.5257272366590019,0.5277325963846843,0.09524065117688707,current,0,none,0,"interest_rate, current_balance",review,medium
L100073,0.4703844947530383,0.5990781781927665,0.29932857603374935,current,0,none,0,"interest_rate, current_balance",review,medium
L100073,0.5020253315321374,0.6120726558681885,0.2501552114742719,current,0,none,0,"interest_rate, current_balance",review,medium
L100073,0.49950928535398154,0.6010903957638156,0.2895681007276909,current,0,none,0,"interest_rate, current_balance",review,medium
L100073,0.5210021742647265,0.5574186877547705,0.09845059910618201,current,0,none,0,"interest_rate, current_balance",review,medium
L100073,0.5147376714515852,0.5491327390388726,0.12442911935477352,current,0,none,0,"interest_rate, current_balance",review,medium
L100073,0.5529568305299484,0.5055518925095756,0.12287639514818596,current,0,none,0,"interest_rate, current_balance",review,medium
L100073,0.5904930449532799,0.5083013405116676,0.11553100489015444,current,0,none,0,"interest_rate, current_balance",review,medium
L100073,0.5721547096606328,0.5049962990342545,0.11267976233203929,current,0,none,0,"interest_rate, current_balance",review,medium
L100073,0.4933645335762505,0.5021488229451362,0.09361037996744524,current,0,none,0,"interest_rate, current_balance",review,medium
L100073,0.5364958524487966,0.4785897654855329,0.09724018468998241,current,0,none,0,"interest_rate, current_balance",monitor,medium
L100073,0.540416313456631,0.4463902267711498,0.10642887238835923,current,0,none,0,"interest_rate, current_balance",monitor,medium
L100078,0.21459620683241473,0.30661348896769725,0.25177434372804824,current,0,none,0,"interest_rate, current_balance",monitor,medium
L100078,0.26083778963780646,0.34356206869679423,0.09608968931253727,current,0,none,0,"interest_rate, current_balance",monitor,medium
L100078,0.2541208431078481,0.31211956275315,0.26949252004965324,current,0,none,0,"interest_rate, current_balance",monitor,medium
L100078,0.2355593754182056,0.3069768565211291,0.08672874121827477,current,0,none,0,"interest_rate, current_balance",monitor,medium
L100078,0.26211916261680085,0.29621069027964375,0.08957435440400681,current,0,balance_increase_anomaly,1,"interest_rate, current_balance",monitor,low
L100078,0.24125130766606928,0.2825499068008898,0.07659102147315935,current,0,balance_increase_anomaly,1,"interest_rate, current_balance",monitor,low
L100078,0.2840061222781815,0.31301744565566375,0.08972096481311002,current,0,balance_increase_anomaly,1,"interest_rate, current_balance",monitor,medium
L100078,0.29348122718336406,0.30756189277792034,0.08155928939692457,current,0,balance_increase_anomaly,1,"interest_rate, current_balance",monitor,medium
L100078,0.30309626675491025,0.338210867645694,0.21835868180963047,current,0,balance_increase_anomaly,1,"interest_rate, current_balance",monitor,medium
L100078,0.2378697144118874,0.2675878471590744,0.05642166307144476,current,0,none,0,"interest_rate, current_balance",monitor,low
L100078,0.2530027740153976,0.2736481537487881,0.15272030006226084,current,0,none,0,"interest_rate, current_balance",monitor,low
L100078,0.24285996751022884,0.25820762037534123,0.16032906562686736,current,0,none,0,"interest_rate, current_balance",monitor,low
L100085,0.42977646755562,0.40914288596509096,0.10365902408045305,current,0,none,0,"interest_rate, current_balance",monitor,medium
L100085,0.46459356518924466,0.42701713280010833,0.13185762262180487,current,0,none,0,"interest_rate, current_balance",monitor,medium
L100085,0.3561273516576376,0.5018811022842016,0.28866378112793006,current,0,none,0,"interest_rate, current_balance",review,medium
L100085,0.38500246252956755,0.420574267251702,0.11324227950352023,current,0,none,0,"interest_rate, current_balance",monitor,medium
L100085,0.3913330072161093,0.42134639792106715,0.1106960463483823,current,0,none,0,"interest_rate, current_balance",monitor,medium
L100085,0.38742212977700735,0.4150060143067208,0.10836985815798993,current,0,none,0,"interest_rate, current_balance",monitor,medium
L100085,0.4177373651761409,0.4901521677418961,0.24026263507915957,current,0,none,0,"interest_rate, current_balance",monitor,medium
L100085,0.4272559308517786,0.4065843949666422,0.10990559339940274,current,0,none,0,"interest_rate, current_balance",monitor,medium
L100085,0.4109936168346846,0.4957188137688293,0.2296329663775616,current,0,none,0,"interest_rate, current_balance",monitor,medium
L100085,0.2870988459940056,0.35614126101764576,0.08508184922294852,unknown,1,flagged_anomaly,1,"interest_rate, current_balance",monitor,medium
L100091,0.41217660872567924,0.3545090078655162,0.28386928421366486,current,0,none,0,"interest_rate, current_balance",monitor,medium
L100091,0.3355584125795989,0.3379141228269023,0.16209216536748744,current,0,none,0,"interest_rate, current_balance",monitor,medium
L100091,0.37198393902040483,0.3416895387584931,0.18356405425161454,current,0,none,0,"interest_rate, current_balance",monitor,medium
L100091,0.3549807910082438,0.3438673282922494,0.16657464743749423,current,0,none,0,"interest_rate, current_balance",monitor,medium
L100091,0.3511586205797867,0.36173429422245873,0.18076260874079228,current,0,none,0,"interest_rate, current_balance",monitor,medium
L100091,0.3737588187453112,0.31017160415465755,0.21730825039643983,current,0,none,0,"interest_rate, current_balance",monitor,medium
L100091,0.34852640713410155,0.3142609028757419,0.32589096354733843,current,0,none,0,"interest_rate, current_balance",monitor,medium
L100091,0.3909535875744407,0.3812563092311204,0.2655564401961792,current,0,none,0,"interest_rate, current_balance",monitor,medium
L100091,0.3815855498680493,0.44240663429903776,0.1820903415988975,current,0,none,0,"interest_rate, current_balance",monitor,medium
L100091,0.3487842401259335,0.4038524798584289,0.17112801656360777,current,0,none,0,"interest_rate, current_balance",monitor,medium
L100091,0.35809031159647037,0.42590025189870434,0.1977276554063204,current,0,none,0,"interest_rate, current_balance",monitor,medium
L100091,0.3691587213969842,0.38014050306755676,0.19934765453369527,current,0,none,0,"interest_rate, current_balance",monitor,medium
L100092,0.34232879230155133,0.4516620933789711,0.1137573597805671,current,0,none,0,"interest_rate, current_balance",monitor,medium
L100092,0.3615002398230586,0.4371248710668685,0.29492417800799914,current,0,none,0,"interest_rate, current_balance",monitor,medium
L100092,0.3345572182613621,0.4317057638616161,0.12488855288323443,current,0,none,0,"interest_rate, current_balance",monitor,medium
L100092,0.3628129292430693,0.43627965365006777,0.27120653764140884,current,0,none,0,"interest_rate, current_balance",monitor,medium
L100092,0.3730613174148065,0.42219167125791435,0.08685580985357388,delinquent_30_60,0,severe_delinquency,1,"interest_rate, current_balance",monitor,medium
L100092,0.4141561811569892,0.434949044132215,0.09831858451010772,current,0,none,0,"interest_rate, current_balance",monitor,medium
L100092,0.4195119660425847,0.42909237216451307,0.09991072198647612,current,0,none,0,"interest_rate, current_balance",monitor,medium
L100092,0.4206853299477756,0.454115540078646,0.09967408067160953,current,0,none,0,"interest_rate, current_balance",monitor,medium
L100092,0.364012052965772,0.42702829663734615,0.2684036869775705,current,0,none,0,"interest_rate, current_balance",monitor,medium
L100092,0.3860717324603595,0.46438729086398484,0.09651528230658639,current,0,none,0,"interest_rate, current_balance",monitor,medium
L100092,0.39146697200341324,0.440356290227207,0.26420929613182714,current,0,none,0,"interest_rate, current_balance",monitor,medium
L100092,0.38383255472613875,0.40015836479079997,0.26641575531912814,current,0,none,0,"interest_rate, current_balance",monitor,medium
L100100,0.46979291521411276,0.39392526786815174,0.6273193258313129,current,0,none,0,"interest_rate, current_balance",monitor,medium
L100100,0.46043606577004254,0.400433130140601,0.6906565663974106,current,0,none,0,"interest_rate, current_balance",monitor,medium
L100100,0.3855140990283269,0.33465018574396344,0.5379035220867697,delinquent_30_60,1,flagged_anomaly,1,"interest_rate, current_balance",monitor,medium
L100100,0.47466995148431484,0.35772145690062623,0.6089894453900107,current,1,flagged_anomaly,1,"interest_rate, current_balance",monitor,medium
L100100,0.49451527132140854,0.4294838054696042,0.19953965072173357,current,0,none,0,"interest_rate, current_balance",monitor,medium
L100100,0.49273634124962107,0.4252549624184623,0.212284779765036,current,0,none,0,"interest_rate, current_balance",monitor,medium
L100100,0.4410140105196411,0.38162439874918624,0.6773820472883798,current,0,none,0,"interest_rate, current_balance",monitor,medium
L100100,0.44134175991143004,0.3992433448001593,0.6731865907153582,current,0,none,0,"interest_rate, current_balance",monitor,medium
L100100,0.44261064827943064,0.4778130882035746,0.22277351527775124,current,0,none,0,"interest_rate, current_balance",monitor,medium
L100100,0.4106329974028276,0.43568617243752444,0.6111575878369968,current,0,none,0,"interest_rate, current_balance",monitor,medium
L100100,0.4230881428983795,0.4128313386448408,0.5891896173996759,current,1,flagged_anomaly,1,"interest_rate, current_balance",monitor,medium
L100100,0.4065033331930226,0.36082855927366897,0.6516405524279701,current,0,none,0,"interest_rate, current_balance",monitor,medium
L100102,0.5430768228676802,0.5598368916140801,0.2828568771104842,current,0,none,0,"interest_rate, current_balance",review,medium
L100102,0.5458440295696837,0.5903735866483051,0.4020058253881529,current,0,none,0,"interest_rate, current_balance",review,medium
L100102,0.5432479015915752,0.5520147349535759,0.320784535278857,current,0,none,0,"interest_rate, current_balance",review,medium
L100102,0.5179034728761502,0.5650346504229106,0.19741320599735757,current,0,none,0,"interest_rate, current_balance",review,medium
L100102,0.5146023647771535,0.5578326033623312,0.2120084285254205,current,0,none,0,"interest_rate, current_balance",review,medium
L100102,0.5398216714645949,0.5394166477704307,0.19619875843746812,current,0,none,0,"interest_rate, current_balance",review,medium
L100102,0.551346242016737,0.5326668208925851,0.1951406840249515,current,0,none,0,"interest_rate, current_balance",review,medium
L100102,0.5607983181803826,0.5442604904984678,0.19924300328369385,current,0,none,0,"interest_rate, current_balance",review,medium
L100102,0.5710990096041132,0.5640900688443142,0.29129299251048735,current,0,none,0,"interest_rate, current_balance",review,medium
L100102,0.5094579767508448,0.5373620891667024,0.20734488130608256,current,0,none,0,"interest_rate, current_balance",review,medium
L100102,0.5451700065829356,0.5308061827423544,0.1862482152100495,current,0,none,0,"interest_rate, current_balance",review,medium
L100102,0.5361797620949011,0.5253332125608193,0.3061284111096708,current,0,none,0,"interest_rate, current_balance",review,medium
L100104,0.3214352524555504,0.4014869933834924,0.34031074790403393,current,0,none,0,"interest_rate, current_balance",monitor,medium
L100104,0.2989671829878238,0.4026818171246612,0.1302261852632571,current,0,none,0,"interest_rate, current_balance",monitor,medium
L100104,0.29135114336451734,0.4176393686931584,0.13095354610266619,current,0,none,0,"interest_rate, current_balance",monitor,medium
L100104,0.33092049360568676,0.39797873115718424,0.118269902393689,current,0,none,0,"interest_rate, current_balance",monitor,medium
L100104,0.29905609345929063,0.417423447230582,0.10900701657519014,current,0,none,0,"interest_rate, current_balance",monitor,medium
L100104,0.3013896829058126,0.3847489731324111,0.11496549661723146,current,0,none,0,"interest_rate, current_balance",monitor,medium
L100104,0.3221578881214001,0.3666652311135136,0.1065041088298545,current,0,none,0,"interest_rate, current_balance",monitor,medium
L100104,0.3400925680147571,0.37037832511914404,0.11188044406996565,current,0,none,0,"interest_rate, current_balance",monitor,medium
L100104,0.3457203538403258,0.38196061216757377,0.10484194785097763,current,0,none,0,"interest_rate, current_balance",monitor,medium
L100104,0.3238932966387672,0.33246061804817456,0.09560239089791739,current,0,none,0,"interest_rate, current_balance",monitor,medium
L100104,0.3656979485407681,0.3689729002591472,0.2157928896705685,current,0,none,0,"interest_rate, current_balance",monitor,medium
L100104,0.34235728069531796,0.3467043749249426,0.09195538782139885,current,0,none,0,"interest_rate, current_balance",monitor,medium
L100106,0.4627504774834297,0.3809171529048064,0.04805360448512192,current,1,flagged_anomaly,1,"interest_rate, current_balance",monitor,medium
L100106,0.45818991119725183,0.3712194788494264,0.054529014687868284,current,1,flagged_anomaly,1,"interest_rate, current_balance",monitor,medium
L100106,0.47410110677173595,0.36371701399300593,0.04319286752030911,current,1,flagged_anomaly,1,"interest_rate, current_balance",monitor,medium
L100106,0.4883689536668552,0.35659513541425203,0.048236869411319515,current,1,flagged_anomaly,1,"interest_rate, current_balance",monitor,medium
L100106,0.5179173342067237,0.49237547293579337,0.19340050736559478,current,0,none,0,"interest_rate, current_balance",monitor,medium
L100106,0.5163255659548287,0.48943176883187345,0.2010166909484169,current,0,none,0,"interest_rate, current_balance",monitor,medium
L100106,0.4820619136258238,0.38248053841098995,0.053129990832797985,current,1,flagged_anomaly,1,"interest_rate, current_balance",monitor,medium
L100106,0.4819512540738135,0.4046498918149916,0.05183940012737884,current,1,flagged_anomaly,1,"interest_rate, current_balance",monitor,medium
L100106,0.4787204925347538,0.5104057792600223,0.18484187268508626,current,0,none,0,"interest_rate, current_balance",review,medium
L100106,0.46893106076772106,0.40690842998531973,0.03981423655843208,current,1,flagged_anomaly,1,"interest_rate, current_balance",monitor,medium
L100106,0.47575976387193986,0.4996411812017835,0.17891548890668696,current,0,none,0,"interest_rate, current_balance",monitor,medium
L100106,0.40270981215532087,0.3255205586518885,0.05007833785831919,current,1,flagged_anomaly,1,"interest_rate, current_balance",monitor,medium
L100107,0.4301568509294211,0.4351416049387394,0.25441500352477553,current,0,none,0,"interest_rate, current_balance",monitor,medium
L100107,0.46090938436591244,0.4680006246853405,0.24654582422611165,current,0,none,0,"interest_rate, current_balance",monitor,medium
L100107,0.4626653220125264,0.47093141033783836,0.24734863070715582,current,0,none,0,"interest_rate, current_balance",monitor,medium
L100107,0.48180734121402885,0.4860157603230906,0.24239044853760958,current,0,none,0,"interest_rate, current_balance",monitor,medium
L100107,0.48216461240733743,0.48140126895350316,0.23768495141962584,current,0,none,0,"interest_rate, current_balance",monitor,medium
L100107,0.49377041026840196,0.4917441920824241,0.2232954364142458,current,0,none,0,"interest_rate, current_balance",monitor,medium
L100107,0.49020941982207383,0.4832392825940094,0.2450611774221906,current,0,none,0,"interest_rate, current_balance",monitor,medium
L100107,0.4676880913741536,0.4763936967210062,0.2008657251242242,current,0,balance_increase_anomaly,1,"interest_rate, current_balance",monitor,medium
L100107,0.4770554449200531,0.4915275050628306,0.2859650414189601,current,0,balance_increase_anomaly,1,"interest_rate, current_balance",monitor,medium
L100107,0.4563694915068044,0.4486993712307005,0.1953541918168542,current,0,balance_increase_anomaly,1,"interest_rate, current_balance",monitor,medium
L100107,0.475674063811164,0.43688539117178266,0.26789074926536016,current,0,balance_increase_anomaly,1,"interest_rate, current_balance",monitor,medium
L100107,0.4916192057102946,0.3941373386808339,0.26964120852583895,current,0,balance_increase_anomaly,1,"interest_rate, current_balance",monitor,medium
L100121,0.4250284747663999,0.39742749741533606,0.27593580844093396,current,0,none,0,"interest_rate, current_balance",monitor,medium
L100121,0.38884184097133,0.33767848156610936,0.7333218016832536,current,0,none,0,"interest_rate, current_balance",monitor,medium
L100121,0.3799339916003868,0.342247339089973,0.739638259201946,current,0,none,0,"interest_rate, current_balance",monitor,medium
L100121,0.1201126461599341,0.06772089167236052,0.44075141251645106,unknown,0,none,0,"interest_rate, current_balance",monitor,low
L100126,0.4429199942993402,0.47397050943280256,0.29614844421904235,current,0,none,0,"interest_rate, current_balance",monitor,medium
L100126,0.3912785157000686,0.42895188463170625,0.7462297153807459,current,0,none,0,"interest_rate, current_balance",monitor,medium
L100126,0.3786908656877942,0.42882603218146137,0.7491263571365856,current,0,none,0,"interest_rate, current_balance",monitor,medium
L100126,0.38437593521011676,0.42897703420858174,0.7350786645756254,current,0,none,0,"interest_rate, current_balance",monitor,medium
L100126,0.41163004751076493,0.46843381048904764,0.2729144914363129,current,0,none,0,"interest_rate, current_balance",monitor,medium
L100126,0.10355414855759133,0.09236541177614983,0.2667095981611635,unknown,0,none,0,"interest_rate, current_balance",monitor,low
L100143,0.4865890254527369,0.519514818670033,0.26375658874627694,current,0,none,0,"interest_rate, current_balance",review,medium
L100143,0.48281607403599064,0.5151177660782422,0.29370530714320947,current,0,none,0,"interest_rate, current_balance",review,medium
L100143,0.4194045730440512,0.49728207647634987,0.1680095746431814,current,0,none,0,"interest_rate, current_balance",monitor,medium
L100143,0.3627171524872855,0.49519957681841076,0.16997923521500213,current,0,none,0,"interest_rate, current_balance",monitor,medium
L100143,0.3585154767376339,0.49038688898618404,0.14608228111066693,current,0,none,0,"interest_rate, current_balance",monitor,medium
L100143,0.4005436653795465,0.48115099513159276,0.16306037063038287,current,0,none,0,"interest_rate, current_balance",monitor,medium
L100143,0.4245165162138895,0.4814743192928007,0.18800274698207645,current,0,none,0,"interest_rate, current_balance",monitor,medium
L100143,0.45009702212236524,0.46213814343774023,0.14004112676500335,current,0,none,0,"interest_rate, current_balance",monitor,medium
L100143,0.4398711881889155,0.47089259129769306,0.14223811697472546,current,0,none,0,"interest_rate, current_balance",monitor,medium
L100143,0.3970490040406296,0.47618771770416923,0.2154560474789399,current,0,none,0,"interest_rate, current_balance",monitor,medium
L100143,0.42860762374684064,0.4510214485476281,0.20692204146112847,current,0,none,0,"interest_rate, current_balance",monitor,medium
L100143,0.4104620576206917,0.41067052609519,0.12350407348630765,current,0,none,0,"interest_rate, current_balance",monitor,medium
L100144,0.4672963292149125,0.4705970533935066,0.2891188401905989,current,0,none,0,"interest_rate, current_balance",monitor,medium
L100144,0.43794484272067563,0.4024786689382028,0.25993324417170893,current,0,balance_increase_anomaly,1,"interest_rate, current_balance",monitor,medium
L100144,0.4508768674063163,0.32090446930191857,0.09967201613387738,current,1,balance_increase_anomaly,1,"interest_rate, current_balance",monitor,medium
L100144,0.45236824183145935,0.29119120233771395,0.0848717676877956,current,1,balance_increase_anomaly,1,"interest_rate, current_balance",monitor,low
L100144,0.4544156425451613,0.30435401435884096,0.08640902115727575,current,1,balance_increase_anomaly,1,"interest_rate, current_balance",monitor,medium
L100144,0.42701601449434323,0.38091512613512024,0.246548768472625,current,0,balance_increase_anomaly,1,"interest_rate, current_balance",monitor,medium
L100144,0.44416099155602806,0.3088867343717127,0.08520775186889386,current,1,balance_increase_anomaly,1,"interest_rate, current_balance",monitor,medium
L100144,0.45193427415977994,0.311747579578315,0.08902356965077018,current,1,balance_increase_anomaly,1,"interest_rate, current_balance",monitor,medium
L100144,0.4289585336171777,0.3684815561456152,0.23085803561694127,current,0,balance_increase_anomaly,1,"interest_rate, current_balance",monitor,medium
L100144,0.4773747533566152,0.4108879490035894,0.09533188232831219,current,1,flagged_anomaly,1,"interest_rate, current_balance",monitor,medium
L100144,0.46253414437147217,0.47768806282847587,0.22115664656848427,current,0,none,0,"interest_rate, current_balance",monitor,medium
L100144,0.4671671250134553,0.35800777713648246,0.09003517063698295,current,1,flagged_anomaly,1,"interest_rate, current_balance",monitor,medium
L100156,0.25683291884825177,0.35747972369933645,0.10214663314282565,current,0,none,0,"interest_rate, current_balance",monitor,medium
L100156,0.2880722645123381,0.36083756606917833,0.3160365138445216,current,0,none,0,"interest_rate, current_balance",monitor,medium
L100156,0.2538672236273319,0.36065296852025447,0.09863702619850352,current,0,none,0,"interest_rate, current_balance",monitor,medium
L100156,0.2706713545760634,0.3607333690009542,0.1097438356488865,current,0,none,0,"interest_rate, current_balance",monitor,medium
L100156,0.28919067434303564,0.38478184458025916,0.11221496900670885,current,0,none,0,"interest_rate, current_balance",monitor,medium
L100156,0.29423698623946737,0.3336850801378184,0.289409295092122,current,0,none,0,"interest_rate, current_balance",monitor,medium
L100156,0.31538637215127086,0.3158226163055174,0.3119445495362543,current,0,none,0,"interest_rate, current_balance",monitor,medium
L100156,0.3174617417194389,0.3240703242298361,0.09986779341163876,current,0,none,0,"interest_rate, current_balance",monitor,medium
L100156,0.3007002764955677,0.3590590056151797,0.0890757294012439,current,0,none,0,"interest_rate, current_balance",monitor,medium
L100156,0.29483937332407656,0.3375468767242252,0.0960568229578407,current,0,none,0,"interest_rate, current_balance",monitor,medium
L100156,0.3020568444130898,0.34559704585748086,0.09640137298830628,current,0,none,0,"interest_rate, current_balance",monitor,medium
L100156,0.3153036116399795,0.3403020415242727,0.27747668616161075,current,0,none,0,"interest_rate, current_balance",monitor,medium
L100161,0.4562771814682973,0.4847126767431444,0.3598136126903669,current,0,none,0,"interest_rate, current_balance",monitor,medium
L100161,0.4699198627245123,0.4899792350317271,0.3452255031556571,current,0,none,0,"interest_rate, current_balance",monitor,medium
L100161,0.4817408713537867,0.4978632062082601,0.1420710350391659,current,0,none,0,"interest_rate, current_balance",monitor,medium
L100161,0.4914514414443593,0.5063988115574186,0.14191921584696884,current,0,none,0,"interest_rate, current_balance",review,medium
L100161,0.5037370525361218,0.5076071589191363,0.13910314886790326,current,0,none,0,"interest_rate, current_balance",review,medium
L100161,0.49816948547068507,0.5091012875899896,0.31802966912990177,current,0,none,0,"interest_rate, current_balance",review,medium
L100161,0.497961062021644,0.49787579616998057,0.2474834540414552,current,0,none,0,"interest_rate, current_balance",monitor,medium
L100161,0.4832372505075358,0.49816539655631215,0.134045932147045,current,0,none,0,"interest_rate, current_balance",monitor,medium
L100161,0.47509307436758436,0.49214519297489895,0.2537290166649518,current,0,none,0,"interest_rate, current_balance",monitor,medium
L100161,0.47027447636114195,0.4775194704467478,0.2563382299530626,current,0,none,0,"interest_rate, current_balance",monitor,medium
L100161,0.4618429017260604,0.45890882815983997,0.11772653272965394,current,0,none,0,"interest_rate, current_balance",monitor,medium
L100161,0.48523892461366314,0.4191099012623457,0.10594621793965905,current,0,none,0,"interest_rate, current_balance",monitor,medium
L100169,0.4591545377565443,0.4344725765392034,0.09497993982007122,current,0,none,0,"interest_rate, current_balance",monitor,medium
L100169,0.4434234088243034,0.4463829450078049,0.10440359353506619,current,0,none,0,"interest_rate, current_balance",monitor,medium
L100169,0.4374716916431178,0.442401952908515,0.09884751147817754,current,0,none,0,"interest_rate, current_balance",monitor,medium
L100169,0.4395309174042399,0.45635008819849066,0.08011447908009724,current,0,none,0,"interest_rate, current_balance",monitor,medium
L100169,0.4326615594331501,0.4413832478603237,0.10447474851699777,current,0,none,0,"interest_rate, current_balance",monitor,medium
L100169,0.44481647097034177,0.47941882517681544,0.27601969081655037,current,0,none,0,"interest_rate, current_balance",monitor,medium
L100169,0.4094183477800301,0.47595591837202933,0.3056742398173286,current,0,none,0,"interest_rate, current_balance",monitor,medium
L100169,0.42779424889366463,0.47622417803779893,0.10534117468723764,current,0,none,0,"interest_rate, current_balance",monitor,medium
L100169,0.3882187359193274,0.4685622759173874,0.09828358114194272,current,0,none,0,"interest_rate, current_balance",monitor,medium
L100169,0.27759251320014516,0.42017072439586733,0.10373281747196561,current,0,none,0,"interest_rate, current_balance",monitor,medium
L100169,0.26498342253694623,0.4174819006887021,0.10373281747196561,current,0,none,0,"interest_rate, current_balance",monitor,medium
L100169,0.2689096888252001,0.35850761280888066,0.1002960517956684,current,0,none,0,"interest_rate, current_balance",monitor,medium
L100175,0.3776962175458403,0.40075395810362713,0.15545314661351003,current,0,balance_increase_anomaly,1,"interest_rate, current_balance",monitor,medium
L100175,0.39913690383619116,0.40064405509718487,0.23633758975269206,current,0,balance_increase_anomaly,1,"interest_rate, current_balance",monitor,medium
L100175,0.42515682667472104,0.3700809875100972,0.1407820987090335,current,0,balance_increase_anomaly,1,"interest_rate, current_balance",monitor,medium
L100175,0.42009129343012935,0.3782167264130554,0.16248303030618858,current,0,balance_increase_anomaly,1,"interest_rate, current_balance",monitor,medium
L100175,0.4234242469989046,0.37259106826296207,0.1630108040065553,current,0,balance_increase_anomaly,1,"interest_rate, current_balance",monitor,medium
L100175,0.4186594505156214,0.37656111777477896,0.16783983185456505,current,0,balance_increase_anomaly,1,"interest_rate, current_balance",monitor,medium
L100175,0.4241519187165921,0.3821120433185905,0.249839347177461,current,0,balance_increase_anomaly,1,"interest_rate, current_balance",monitor,medium
L100175,0.38178059808998815,0.35363924400210967,0.15493608686949828,current,0,balance_increase_anomaly,1,"interest_rate, current_balance",monitor,medium
L100175,0.42584107631278073,0.3858534595924945,0.2189857372252404,current,0,balance_increase_anomaly,1,"interest_rate, current_balance",monitor,medium
L100175,0.4064360287449045,0.3738313533853906,0.15101960360535235,current,0,balance_increase_anomaly,1,"interest_rate, current_balance",monitor,medium
L100175,0.42230499805077326,0.36120632263750185,0.21296566516651597,current,0,balance_increase_anomaly,1,"interest_rate, current_balance",monitor,medium
L100175,0.39382799150781583,0.33551524698435975,0.15359713445885498,current,0,balance_increase_anomaly,1,"interest_rate, current_balance",monitor,medium
L100176,0.5807237129029126,0.4766335533087835,0.8070500971082085,current,0,none,0,"interest_rate, current_balance",monitor,medium
L100176,0.5419664880441631,0.47775000542344354,0.8061671787324316,current,0,none,0,"interest_rate, current_balance",monitor,medium
L100176,0.5438146872280591,0.4781593423528137,0.8006848032650837,current,0,none,0,"interest_rate, current_balance",monitor,medium
L100176,0.5509127837001083,0.4816989292154937,0.7972917871551862,current,0,none,0,"interest_rate, current_balance",monitor,medium
L100176,0.5688724951074114,0.48026495044308964,0.7822230111824598,current,0,none,0,"interest_rate, current_balance",monitor,medium
L100176,0.6150816486669917,0.4769223320888154,0.7867384436232626,current,0,none,0,"interest_rate, current_balance",monitor,medium
L100176,0.6084049296166615,0.49152839366359197,0.7772996555731566,current,0,none,0,"interest_rate, current_balance",monitor,medium
L100176,0.1267070898376214,0.10325948202096845,0.4978279955661227,unknown,0,none,0,"interest_rate, current_balance",monitor,low
L100181,0.39636657654460716,0.35266055365293186,0.13356884172683822,current,0,none,0,"interest_rate, current_balance",monitor,medium
L100181,0.36006626905801925,0.3986946269150218,0.45106206386331915,current,0,none,0,"interest_rate, current_balance",monitor,medium
L100181,0.36456428747978775,0.37323634111191456,0.45194083881052083,current,0,none,0,"interest_rate, current_balance",monitor,medium
L100181,0.4099096306358446,0.34599629627690726,0.1404406738533298,current,0,none,0,"interest_rate, current_balance",monitor,medium
L100181,0.42967260214917985,0.34700227423874636,0.15477864401540897,current,0,none,0,"interest_rate, current_balance",monitor,medium
L100181,0.4374132370161504,0.32094598592528245,0.13494591633963418,current,0,none,0,"interest_rate, current_balance",monitor,medium
L100181,0.4459728367831,0.32082098692285127,0.15325721036084838,current,0,none,0,"interest_rate, current_balance",monitor,medium
L100181,0.3731235102874381,0.32893110640435286,0.4349694201026891,current,0,none,0,"interest_rate, current_balance",monitor,medium
L100181,0.38713125964957473,0.3454668182806165,0.2754622387553986,current,0,none,0,"interest_rate, current_balance",monitor,medium
L100181,0.4285964813011614,0.2842868522149021,0.10858327791789878,current,0,none,0,"interest_rate, current_balance",monitor,low
L100181,0.43210895802479776,0.2974428461978062,0.1455533553418387,current,0,none,0,"interest_rate, current_balance",monitor,low
L100181,0.43216788152418817,0.2525701937527334,0.1271347581183056,current,0,none,0,"interest_rate, current_balance",monitor,low
L100182,0.4391959398602344,0.517397730856394,0.14721080447198714,current,0,none,0,"interest_rate, current_balance",review,medium
L100182,0.48112645719079317,0.5357951899041544,0.1670450689820653,current,0,none,0,"interest_rate, current_balance",review,medium
L100182,0.4894663350196442,0.5549823837826715,0.23151138548146585,current,0,none,0,"interest_rate, current_balance",review,medium
L100182,0.4753604366068508,0.5373758799564583,0.13642087839157319,current,0,none,0,"interest_rate, current_balance",review,medium
L100182,0.48450848224633336,0.5376998128763164,0.1341824622273609,current,0,none,0,"interest_rate, current_balance",review,medium
L100182,0.5255769705151451,0.5363586372483884,0.23158186754164367,current,0,none,0,"interest_rate, current_balance",review,medium
L100182,0.5237549070552485,0.536077688122667,0.22942275516440228,current,0,none,0,"interest_rate, current_balance",review,medium
L100182,0.48704065965941673,0.5251782304116368,0.13773097616858046,current,0,none,0,"interest_rate, current_balance",review,medium
L100182,0.46834985929969797,0.47736814045199255,0.11214297789398273,current,0,none,0,"interest_rate, current_balance",monitor,medium
L100182,0.4610631033991831,0.49001997266093755,0.12834113730894162,current,0,none,0,"interest_rate, current_balance",monitor,medium
L100182,0.4860965440684721,0.4850732373649861,0.12387141893401261,current,0,none,0,"interest_rate, current_balance",monitor,medium
L100182,0.4779203560054705,0.46041280494259507,0.1290153231850521,current,0,none,0,"interest_rate, current_balance",monitor,medium
L100183,0.5899276061762206,0.5632866709766217,0.3315610647217062,current,0,none,0,"interest_rate, current_balance",review,medium
L100183,0.5334119835236574,0.44272261844391236,0.799407661204088,current,0,none,0,"interest_rate, current_balance",monitor,medium
L100183,0.5379921883388966,0.4441714636875429,0.796249907874903,current,0,none,0,"interest_rate, current_balance",monitor,medium
L100183,0.5414221379455849,0.4562332514474658,0.8013512664907047,current,0,none,0,"interest_rate, current_balance",monitor,medium
L100183,0.5089294124209843,0.4145883855877131,0.6989699891525212,unknown,1,flagged_anomaly,1,"interest_rate, current_balance",monitor,medium
L100184,0.22109578535427654,0.31961215160761164,0.7908418938758185,current,0,none,0,"interest_rate, current_balance",monitor,medium
L100184,0.19892523858060718,0.2973309030776139,0.8149697930842117,current,0,none,0,"interest_rate, current_balance",monitor,low
L100184,0.16081530476925845,0.3553002298391511,0.7968200498798816,current,0,none,0,"interest_rate, current_balance",monitor,medium
L100184,0.14475079468755342,0.344262234243788,0.7762510181743602,current,0,none,0,"interest_rate, current_balance",monitor,medium
L100184,0.14208669164283028,0.33385322035038145,0.7636845793432488,current,0,none,0,"interest_rate, current_balance",monitor,medium
L100184,0.14903008281486116,0.32497738798513537,0.7566135057691199,current,0,none,0,"interest_rate, current_balance",monitor,medium
L100184,0.16966925516872006,0.33538082264298236,0.7567706539374754,current,0,none,0,"interest_rate, current_balance",monitor,medium
L100184,0.17648222214058418,0.33601895897549006,0.7420598427025458,current,0,none,0,"interest_rate, current_balance",monitor,medium
L100184,0.16133964428069753,0.359949134808801,0.7326575412711874,current,0,none,0,"interest_rate, current_balance",monitor,medium
L100184,0.15788318700220738,0.3496609206605043,0.7217387825172323,current,0,none,0,"interest_rate, current_balance",monitor,medium
L100184,0.20055362365270663,0.34697720582304337,0.2829208918835993,current,0,none,0,"interest_rate, current_balance",monitor,medium
L100184,0.20363701124977368,0.3304919605184498,0.2841343545204678,current,0,none,0,"interest_rate, current_balance",monitor,medium
L100190,0.5871240407285583,0.5530456192083527,0.30191925006229003,current,0,none,0,"interest_rate, current_balance",review,medium
L100190,0.5688326481790259,0.5603658264388942,0.2847766374145516,current,0,none,0,"interest_rate, current_balance",review,medium
L100190,0.5729922039825655,0.5727021396768895,0.2805649365397875,current,0,none,0,"interest_rate, current_balance",review,medium
L100190,0.5870906430930064,0.563124135448062,0.11213231925404642,current,0,none,0,"interest_rate, current_balance",review,medium
L100190,0.5797869108647755,0.5473969757110091,0.2960794384025223,current,0,none,0,"interest_rate, current_balance",review,medium
L100190,0.6075779135433246,0.5601807570269671,0.10672425740416579,current,0,none,0,"interest_rate, current_balance",review,medium
L100190,0.6123014975779396,0.5763639805269068,0.11038903964288306,current,0,none,0,"interest_rate, current_balance",review,medium
L100190,0.6208513118003507,0.5834952159734147,0.2820643215523453,current,0,none,0,"interest_rate, current_balance",review,medium
L100190,0.6216032520855422,0.5782176086230316,0.10005676816964422,current,0,none,0,"interest_rate, current_balance",review,medium
L100190,0.5598778166652255,0.5569676460967614,0.10402894286038981,current,0,none,0,"interest_rate, current_balance",review,medium
L100190,0.5601808450213632,0.4819317839635973,0.06131799318324566,unknown,1,flagged_anomaly,1,"interest_rate, current_balance",monitor,medium
L100197,0.44053386196585487,0.5142552645798297,0.16785538945998557,current,0,none,0,"interest_rate, current_balance",review,medium
L100197,0.3670954846581951,0.4816962743162612,0.6288863407445826,current,0,none,0,"interest_rate, current_balance",monitor,medium
L100197,0.4052052287492842,0.5044737957915953,0.6572248390046029,current,0,none,0,"interest_rate, current_balance",review,medium
L100197,0.35968591244470194,0.5043901405100649,0.6367670964852763,current,0,none,0,"interest_rate, current_balance",review,medium
L100197,0.40525650742750197,0.511310477733553,0.6213364701119115,current,0,none,0,"interest_rate, current_balance",review,medium
L100197,0.37995278369857766,0.49660463748875266,0.6468130373246174,current,0,none,0,"interest_rate, current_balance",monitor,medium
L100197,0.390400607770723,0.48291147077146773,0.642781127933225,current,0,none,0,"interest_rate, current_balance",monitor,medium
L100197,0.3777154114116258,0.4890214195924989,0.6015620243323888,current,0,none,0,"interest_rate, current_balance",monitor,medium
L100197,0.10318550906783466,0.11891135956288944,0.4181035385645154,unknown,0,none,0,"interest_rate, current_balance",monitor,low
L100201,0.3715932982101126,0.29426914167544177,0.7485891891870787,current,0,none,0,"interest_rate, current_balance",monitor,low
L100201,0.3535694068132882,0.28783885572048057,0.7876690789685145,current,0,none,0,"interest_rate, current_balance",monitor,low
L100201,0.33736748745547024,0.34247723915009537,0.8016566673992727,current,0,none,0,"interest_rate, current_balance",monitor,medium
L100201,0.32446408909908525,0.3225864432990381,0.5999124528932281,delinquent_30_60,1,flagged_anomaly,1,"interest_rate, current_balance",monitor,medium
L100201,0.3399979009135635,0.2852606278662762,0.6483811785429878,current,0,none,0,"interest_rate, current_balance",monitor,low
L100201,0.3364304227210876,0.28470379354456343,0.6628541539473705,current,0,none,0,"interest_rate, current_balance",monitor,low
L100201,0.3598920808081779,0.31237341509686495,0.7591166447144716,current,0,none,0,"interest_rate, current_balance",monitor,medium
L100201,0.3953294852997605,0.37074095559861925,0.28812091912238486,current,0,none,0,"interest_rate, current_balance",monitor,medium
L100201,0.4098079564000738,0.4222486516234492,0.26231744353237085,current,0,none,0,"interest_rate, current_balance",monitor,medium
L100201,0.3965441406980783,0.4080482362239426,0.2706186319936006,current,0,none,0,"interest_rate, current_balance",monitor,medium
L100201,0.39253089339804353,0.34368854233583995,0.7563486755282309,current,0,none,0,"interest_rate, current_balance",monitor,medium
L100201,0.3765853628787331,0.3189575066079411,0.7164430626009927,current,0,none,0,"interest_rate, current_balance",monitor,medium
L100203,0.5405905133664995,0.4917865449367043,0.22218715020116042,current,0,none,0,"interest_rate, current_balance",monitor,medium
L100203,0.542797891399505,0.5178915856881738,0.36358595152098516,current,0,none,0,"interest_rate, current_balance",review,medium
L100203,0.5343993844573961,0.5175363129378501,0.33670744720183365,current,0,none,0,"interest_rate, current_balance",review,medium
L100203,0.5368665032757853,0.5063062556869896,0.3544199236919745,current,0,none,0,"interest_rate, current_balance",review,medium
L100203,0.5419713699548777,0.5234124277403657,0.34619496431673163,current,0,none,0,"interest_rate, current_balance",review,medium
L100203,0.5490737082720005,0.5231175193207688,0.37044495233449665,current,0,none,0,"interest_rate, current_balance",review,medium
L100203,0.5278711817484391,0.5221083923595463,0.24740285905900658,current,0,none,0,"interest_rate, current_balance",review,medium
L100203,0.5492552100649132,0.5472513039774641,0.3422214875863078,current,0,none,0,"interest_rate, current_balance",review,medium
L100203,0.5306642203928466,0.5381937028768115,0.21836290682360426,current,0,none,0,"interest_rate, current_balance",review,medium
L100203,0.5191261653342242,0.5626132264382755,0.3365426564493521,current,0,none,0,"interest_rate, current_balance",review,medium
L100203,0.5436214973854856,0.5231242778673509,0.20337328593742873,current,0,none,0,"interest_rate, current_balance",review,medium
L100203,0.5405147701058087,0.43629915170510447,0.22945348904969742,current,0,none,0,"interest_rate, current_balance",monitor,medium
L100208,0.3579984093582003,0.4609888038297953,0.3159065148876694,current,0,none,0,"interest_rate, current_balance",monitor,medium
L100208,0.3062587873059179,0.44337672961771557,0.2681897419631549,current,0,none,0,"interest_rate, current_balance",monitor,medium
L100208,0.31938284688540486,0.4429408179812945,0.26481347375781433,current,0,none,0,"interest_rate, current_balance",monitor,medium
L100208,0.3394065799883352,0.43073309639319574,0.24585351320891335,current,0,none,0,"interest_rate, current_balance",monitor,medium
L100208,0.35023395360958937,0.45135104454435615,0.10633919898125145,current,0,none,0,"interest_rate, current_balance",monitor,medium
L100208,0.3843978072696317,0.43447109781026483,0.25494806397161646,current,0,none,0,"interest_rate, current_balance",monitor,medium
L100208,0.40854266130093514,0.4499087272507685,0.1084690811257245,current,0,none,0,"interest_rate, current_balance",monitor,medium
L100208,0.43503085570889266,0.42295413381609054,0.2659520162293679,current,0,none,0,"interest_rate, current_balance",monitor,medium
L100208,0.42846759747291285,0.4479874559352945,0.10471918670543258,current,0,none,0,"interest_rate, current_balance",monitor,medium
L100208,0.3816518378722986,0.4317491211476063,0.09133836008614386,current,0,none,0,"interest_rate, current_balance",monitor,medium
L100208,0.37927066878684823,0.4226047341486079,0.08711756866024736,current,0,none,0,"interest_rate, current_balance",monitor,medium
L100208,0.385669161371013,0.38554309506440454,0.10843006560703553,current,0,none,0,"interest_rate, current_balance",monitor,medium
L100211,0.4223763231115865,0.39155018596426927,0.27372018872530696,current,0,none,0,"interest_rate, current_balance",monitor,medium
L100211,0.4012617130093512,0.37742456492895243,0.2369519164378147,current,0,none,0,"interest_rate, current_balance",monitor,medium
L100211,0.3807643244982529,0.4181337013475485,0.23431733950427003,current,0,none,0,"interest_rate, current_balance",monitor,medium
L100211,0.40335370544460203,0.4125397288384981,0.38003435080378284,current,0,none,0,"interest_rate, current_balance",monitor,medium
L100211,0.3837838933454224,0.3910743052639969,0.2605211553067357,current,0,none,0,"interest_rate, current_balance",monitor,medium
L100211,0.4142336829729379,0.3958183918761387,0.33554546380452355,current,0,none,0,"interest_rate, current_balance",monitor,medium
L100211,0.4225566661188514,0.3951266380731096,0.33176102132444385,current,0,none,0,"interest_rate, current_balance",monitor,medium
L100211,0.3847874855587539,0.4073984411526067,0.29224308371348023,current,0,none,0,"interest_rate, current_balance",monitor,medium
L100211,0.3557558741147151,0.4159742688484782,0.20663020495781442,current,0,none,0,"interest_rate, current_balance",monitor,medium
L100211,0.36123696265672034,0.3841255822461052,0.20549475098155046,current,0,none,0,"interest_rate, current_balance",monitor,medium
L100211,0.36254879596374745,0.3895426060572542,0.19023554866285905,current,0,none,0,"interest_rate, current_balance",monitor,medium
L100211,0.36732766764694647,0.278044933340201,0.19682831663309444,current,0,none,0,"interest_rate, current_balance",monitor,low
L100212,0.37913427025562035,0.3905877236327623,0.23441860215180516,current,0,none,0,"interest_rate, current_balance",monitor,medium
L100212,0.33416926788893836,0.3643842472742672,0.35359586354533407,current,0,none,0,"interest_rate, current_balance",monitor,medium
L100212,0.38206106260783684,0.356022341007729,0.24575590827785504,current,0,none,0,"interest_rate, current_balance",monitor,medium
L100212,0.38030035629983855,0.36191220367004867,0.36446494259589723,current,0,none,0,"interest_rate, current_balance",monitor,medium
L100212,0.37868942878309286,0.3449484075182374,0.25763898387625506,current,0,none,0,"interest_rate, current_balance",monitor,medium
L100212,0.40302886961536,0.34875404785728614,0.3547621110593063,current,0,none,0,"interest_rate, current_balance",monitor,medium
L100212,0.39736799403048517,0.32009526964967644,0.2613165043288481,current,0,none,0,"interest_rate, current_balance",monitor,medium
L100212,0.39182152813108173,0.3383380680161948,0.3339287603933001,current,0,none,0,"interest_rate, current_balance",monitor,medium
L100212,0.3432753978447615,0.2571207390085648,0.19740938433935729,current,0,balance_increase_anomaly,1,"interest_rate, current_balance",monitor,low
L100212,0.3263441296379093,0.2707505114157751,0.23084477830189049,current,0,balance_increase_anomaly,1,"interest_rate, current_balance",monitor,low
L100212,0.32330958802260806,0.2809071398152832,0.22741471773110428,current,0,balance_increase_anomaly,1,"interest_rate, current_balance",monitor,low
L100212,0.3358919078391997,0.25554859111672096,0.21652807888466266,current,0,balance_increase_anomaly,1,"interest_rate, current_balance",monitor,low
L100225,0.31379103859400265,0.36918603595782595,0.18850472201006072,current,0,none,0,"interest_rate, current_balance",monitor,medium
L100225,0.31977724910047317,0.3736101933099904,0.18216997405157476,current,0,none,0,"interest_rate, current_balance",monitor,medium
L100225,0.2455891363284472,0.36688462759256635,0.6770667306823006,current,0,none,0,"interest_rate, current_balance",monitor,medium
L100225,0.26358516609935523,0.3668162402388579,0.6679651577707939,current,0,none,0,"interest_rate, current_balance",monitor,medium
L100225,0.23329745492347778,0.2889792348608074,0.49145622236731046,current,0,none,0,"interest_rate, current_balance",monitor,low
L100225,0.25669706636800316,0.3133736146813402,0.5552824243159282,current,0,none,0,"interest_rate, current_balance",monitor,medium
L100225,0.2530018838156677,0.35130317569191444,0.6420956897546737,current,0,none,0,"interest_rate, current_balance",monitor,medium
L100225,0.2527566318748802,0.3052328613827204,0.5623826824564875,current,0,none,0,"interest_rate, current_balance",monitor,medium
L100225,0.2775807513526722,0.3582177817494881,0.5711250716641019,current,0,none,0,"interest_rate, current_balance",monitor,medium
L100225,0.359682366658806,0.3817820542163222,0.12072570160455887,current,0,none,0,"interest_rate, current_balance",monitor,medium
L100225,0.26622714717689,0.3554448969247562,0.5440398798501799,current,0,none,0,"interest_rate, current_balance",monitor,medium
L100225,0.27248434683515094,0.34562764850046407,0.5710928505776516,current,0,none,0,"interest_rate, current_balance",monitor,medium
L100230,0.6214922902523801,0.5420887834861787,0.2416493311265801,current,0,none,0,"interest_rate, current_balance",review,medium
L100230,0.6107956801510319,0.5478539316613408,0.23227623535922362,current,0,none,0,"interest_rate, current_balance",review,medium
L100230,0.623656590951561,0.539509939857035,0.35833642443702646,current,0,none,0,"interest_rate, current_balance",review,medium
L100230,0.6236900810525686,0.5414308063595505,0.214033736761417,current,0,none,0,"interest_rate, current_balance",review,medium
L100230,0.6233625919790468,0.558321188870982,0.2278491243438621,current,0,none,0,"interest_rate, current_balance",review,medium
L100230,0.6539658265834237,0.543352301789003,0.36528024247714547,current,0,none,0,"interest_rate, current_balance",review,medium
L100230,0.6176280568441054,0.5491988881112942,0.21074392131569208,current,0,none,0,"interest_rate, current_balance",review,medium
L100230,0.6354753045122365,0.5750218470167507,0.22989550553322266,current,0,none,0,"interest_rate, current_balance",review,medium
L100230,0.6411422517401396,0.5583098912073822,0.3594085525508886,current,0,none,0,"interest_rate, current_balance",review,medium
L100230,0.6198518370868779,0.5557683325215954,0.35565057246208553,current,0,none,0,"interest_rate, current_balance",review,medium
L100230,0.6177661370591743,0.5640349542617137,0.22753109332637622,current,0,none,0,"interest_rate, current_balance",review,medium
L100230,0.6318801223566378,0.4443465551921735,0.3449456744680183,current,0,none,0,"interest_rate, current_balance",monitor,medium
L100233,0.5330348352662808,0.43830791814089176,0.7752819678477759,current,0,none,0,"interest_rate, current_balance",monitor,medium
L100233,0.5536727286027269,0.4433624573368926,0.7969867819619095,current,0,none,0,"interest_rate, current_balance",monitor,medium
L100233,0.5368632033434191,0.43405027992113787,0.8048502252063143,current,0,none,0,"interest_rate, current_balance",monitor,medium
L100233,0.5526556359516881,0.5315431860811305,0.3206284682652773,current,0,none,0,"interest_rate, current_balance",review,medium
L100233,0.5667765575194588,0.45707595560419917,0.7769391299683596,current,0,none,0,"interest_rate, current_balance",monitor,medium
L100233,0.532296003542378,0.4258067244294784,0.7511323444329087,current,0,none,0,"interest_rate, current_balance",monitor,medium
L100233,0.5955841228792295,0.42932025658344003,0.7683274836995596,current,0,none,0,"interest_rate, current_balance",monitor,medium
L100233,0.5915410115304524,0.4391870503160543,0.7629804082827306,current,0,none,0,"interest_rate, current_balance",monitor,medium
L100233,0.5842469217970131,0.5240508367928921,0.3090695488264396,current,0,none,0,"interest_rate, current_balance",review,medium
L100233,0.5767032081839678,0.5229404495290852,0.30829657735378824,current,0,none,0,"interest_rate, current_balance",review,medium
L100233,0.5693367772348811,0.42591800021189563,0.7131830730888304,current,0,none,0,"interest_rate, current_balance",monitor,medium
L100233,0.5704769708443612,0.43599401893275236,0.32003045217152304,current,0,none,0,"interest_rate, current_balance",monitor,medium
L100238,0.42553642510172274,0.40831427555064415,0.10389321441700775,current,0,none,0,"interest_rate, current_balance",monitor,medium
L100238,0.4822720278344336,0.5019830929759842,0.26602219722345677,current,0,none,0,"interest_rate, current_balance",review,medium
L100238,0.4856124379494891,0.48307543647350004,0.2729438827844517,current,0,balance_increase_anomaly,1,"interest_rate, current_balance",monitor,medium
L100238,0.510297169590105,0.4049595884230331,0.08959903632806135,current,0,balance_increase_anomaly,1,"interest_rate, current_balance",monitor,medium
L100238,0.5051080688808416,0.41122434454017487,0.09778411181052592,current,0,balance_increase_anomaly,1,"interest_rate, current_balance",monitor,medium
L100238,0.513958873120994,0.486848659086941,0.23671074353618715,current,0,balance_increase_anomaly,1,"interest_rate, current_balance",monitor,medium
L100238,0.5205553082767467,0.39096060938522215,0.10349011689059552,current,0,balance_increase_anomaly,1,"interest_rate, current_balance",monitor,medium
L100238,0.5349905206483747,0.41345043052645447,0.08868242415283487,current,0,balance_increase_anomaly,1,"interest_rate, current_balance",monitor,medium
L100238,0.5204152517997838,0.49883419132691936,0.22243556950788693,current,0,balance_increase_anomaly,1,"interest_rate, current_balance",monitor,medium
L100238,0.5322557723959888,0.420599037118833,0.08199342148463064,current,0,balance_increase_anomaly,1,"interest_rate, current_balance",monitor,medium
L100238,0.5142160331061303,0.39770013562022066,0.08509106229893015,current,0,balance_increase_anomaly,1,"interest_rate, current_balance",monitor,medium
L100238,0.503344945489618,0.44627305346664836,0.23709295410069306,current,0,balance_increase_anomaly,1,"interest_rate, current_balance",monitor,medium
L100247,0.49561482682873664,0.5614402973504637,0.35410170098112753,current,0,none,0,"interest_rate, current_balance",review,medium
L100247,0.4828620336080823,0.5475472875564481,0.10745436308756792,current,0,none,0,"interest_rate, current_balance",review,medium
L100247,0.5185942669670245,0.5608530313115521,0.36934188576637056,current,0,none,0,"interest_rate, current_balance",review,medium
L100247,0.49923277407874195,0.534438080336772,0.11654970769223565,current,0,none,0,"interest_rate, current_balance",review,medium
L100247,0.49634132961660204,0.5603156871551204,0.11878775736321012,current,0,none,0,"interest_rate, current_balance",review,medium
L100247,0.49953280077058293,0.5364393010606713,0.11566900334210783,current,0,none,0,"interest_rate, current_balance",review,medium
L100247,0.5350826939798443,0.5246348417480982,0.3370536150783799,current,0,none,0,"interest_rate, current_balance",review,medium
L100247,0.5194792804084762,0.5164596767829915,0.09836200131568139,current,0,none,0,"interest_rate, current_balance",review,medium
L100247,0.4931900753625689,0.540753180676991,0.10741087760810454,current,0,none,0,"interest_rate, current_balance",review,medium
L100247,0.5030839993551153,0.5237501945791888,0.33569509094783306,current,0,none,0,"interest_rate, current_balance",review,medium
L100247,0.4883782807127263,0.522001071340146,0.10315099100230664,current,0,none,0,"interest_rate, current_balance",review,medium
L100247,0.46758627148331233,0.45790261442397384,0.11840113768057887,current,0,none,0,"interest_rate, current_balance",monitor,medium
L100250,0.4200363605611174,0.4790867298564037,0.14765050203504024,current,0,none,0,"interest_rate, current_balance",monitor,medium
L100250,0.41308159940610617,0.4743248757444107,0.21802660762530138,current,0,none,0,"interest_rate, current_balance",monitor,medium
L100250,0.40239443943188585,0.4487745895948157,0.1322180259594435,current,0,none,0,"interest_rate, current_balance",monitor,medium
L100250,0.41895123952294683,0.46724086756442895,0.13864408077540946,current,0,none,0,"interest_rate, current_balance",monitor,medium
L100250,0.40384141174953037,0.44906259316199615,0.14699779595174112,current,0,none,0,"interest_rate, current_balance",monitor,medium
L100250,0.39816097105255416,0.4558007487576122,0.15144766216752606,current,0,none,0,"interest_rate, current_balance",monitor,medium
L100250,0.37838216331381885,0.4459129591377932,0.13355770381085252,current,0,none,0,"interest_rate, current_balance",monitor,medium
L100250,0.37585178491214694,0.4510919467500138,0.13458962442458422,current,0,none,0,"interest_rate, current_balance",monitor,medium
L100250,0.36997701152721857,0.43325987592713344,0.12611510763711797,current,0,none,0,"interest_rate, current_balance",monitor,medium
L100250,0.3682489990806315,0.43317512997397417,0.12371201857546309,current,0,none,0,"interest_rate, current_balance",monitor,medium
L100250,0.37315671707990133,0.427960050603661,0.21182695266968551,current,0,none,0,"interest_rate, current_balance",monitor,medium
L100250,0.3881565309411582,0.3650693969565963,0.1760500221440098,current,0,none,0,"interest_rate, current_balance",monitor,medium
L100255,0.4667497859693608,0.4342305644032906,0.1141338330681595,current,0,none,0,"interest_rate, current_balance",monitor,medium
L100255,0.4689965136846805,0.4441043789194954,0.1316159342051421,current,0,none,0,"interest_rate, current_balance",monitor,medium
L100255,0.44597186911960174,0.3855470475451474,0.2572311747558435,current,0,balance_increase_anomaly,1,"interest_rate, current_balance",monitor,medium
L100255,0.45022935413500353,0.32740179571664063,0.10328823538519533,current,0,balance_increase_anomaly,1,"interest_rate, current_balance",monitor,medium
L100255,0.40189483948860993,0.34712366039499654,0.08330253355375379,unknown,1,balance_increase_anomaly,1,"interest_rate, current_balance",monitor,medium
L100257,0.3581630586813928,0.3809227325149247,0.3575495861763806,current,0,none,0,"interest_rate, current_balance",monitor,medium
L100257,0.3599673803674703,0.3446095642279663,0.24804374174337387,current,0,none,0,"interest_rate, current_balance",monitor,medium
L100257,0.36652571745047774,0.3611999612050295,0.24445516034301173,current,0,none,0,"interest_rate, current_balance",monitor,medium
L100257,0.37636523280039064,0.3642010106715132,0.2252593629613412,current,0,none,0,"interest_rate, current_balance",monitor,medium
L100257,0.36332625433577226,0.3451913843673646,0.2486793174709841,current,0,none,0,"interest_rate, current_balance",monitor,medium
L100257,0.34499222343970987,0.3251476709463121,0.19944693820467777,current,0,none,0,"interest_rate, current_balance",monitor,medium
L100257,0.38631670825318554,0.37206697996701504,0.31155573170110085,current,0,none,0,"interest_rate, current_balance",monitor,medium
L100257,0.14562320305473705,0.0841723272316893,0.21495284577372759,unknown,0,none,0,"interest_rate, current_balance",monitor,low
L100260,0.3772503536643915,0.3523999741587969,0.28191831715335475,current,0,none,0,"interest_rate, current_balance",monitor,medium
L100260,0.38695180861878653,0.38269453099010875,0.39662881434229164,current,0,none,0,"interest_rate, current_balance",monitor,medium
L100260,0.37046827315530717,0.37244847736187925,0.3017904701992314,current,0,none,0,"interest_rate, current_balance",monitor,medium
L100260,0.3939125309040961,0.4213193345168004,0.34526259478427485,current,0,none,0,"interest_rate, current_balance",monitor,medium
L100260,0.4030409298182688,0.4257082732883145,0.35876150899347675,current,0,none,0,"interest_rate, current_balance",monitor,medium
L100260,0.41111290449195675,0.39708354821892156,0.29233417868214356,delinquent_30_60,0,severe_delinquency,1,"interest_rate, current_balance",monitor,medium
L100260,0.31350656896456175,0.3551742896732387,0.25039933402424464,unknown,0,severe_delinquency,1,"interest_rate, current_balance",monitor,medium
L100265,0.514726550095407,0.4343231232341525,0.24377262573432087,current,0,none,0,"interest_rate, current_balance",monitor,medium
L100265,0.5034865479851246,0.43550197258397183,0.23702865640527307,current,0,none,0,"interest_rate, current_balance",monitor,medium
L100265,0.49618762944251,0.4558906234034376,0.3501004172187947,current,0,none,0,"interest_rate, current_balance",monitor,medium
L100265,0.5041750564018075,0.45289196545340216,0.2350479793881162,current,0,none,0,"interest_rate, current_balance",monitor,medium
L100265,0.506539878175357,0.4647930147676419,0.3193876415331419,current,0,none,0,"interest_rate, current_balance",monitor,medium
L100265,0.5047355479560881,0.4579094117669168,0.3234027824588041,current,0,none,0,"interest_rate, current_balance",monitor,medium
L100265,0.514843848423574,0.4401882235214355,0.2033606616226312,current,0,none,0,"interest_rate, current_balance",monitor,medium
L100265,0.5012942400964894,0.46729174973279175,0.2296494110522536,current,0,none,0,"interest_rate, current_balance",monitor,medium
L100265,0.49888807730728746,0.45121845637972635,0.22540001782085392,current,0,none,0,"interest_rate, current_balance",monitor,medium
L100265,0.4895896015592225,0.45723001793694046,0.2114710094466463,current,0,none,0,"interest_rate, current_balance",monitor,medium
L100265,0.10315415406790263,0.07368575317907404,0.2752068401205578,unknown,0,none,0,"interest_rate, current_balance",monitor,low
L100267,0.4472982061686482,0.40941077141633114,0.13729914847009256,current,0,none,0,"interest_rate, current_balance",monitor,medium
L100267,0.4373660020507156,0.3925304102441367,0.15006966640097996,current,0,none,0,"interest_rate, current_balance",monitor,medium
L100267,0.4149902587367801,0.3792992107057763,0.14236914244391574,current,0,none,0,"interest_rate, current_balance",monitor,medium
L100267,0.45847062907678815,0.39140012715905204,0.138773641852559,current,0,none,0,"interest_rate, current_balance",monitor,medium
L100267,0.4467333979232191,0.39805758372775557,0.12950826610748392,current,0,none,0,"interest_rate, current_balance",monitor,medium
L100267,0.42429324383737305,0.33835057211891734,0.1267276926123601,current,0,none,0,"interest_rate, current_balance",monitor,medium
L100267,0.43540086363457786,0.3845449633111933,0.34612683812946604,current,0,none,0,"interest_rate, current_balance",monitor,medium
L100267,0.45299728209371126,0.33364286546443034,0.12907598333440296,current,0,none,0,"interest_rate, current_balance",monitor,medium
L100267,0.45608921923675555,0.3545527393705194,0.13033663702077602,current,0,none,0,"interest_rate, current_balance",monitor,medium
L100267,0.4374802734130315,0.3268757489082094,0.12907723560372333,current,0,none,0,"interest_rate, current_balance",monitor,medium
L100267,0.44154860101455956,0.369617049166847,0.37509951601160063,current,0,none,0,"interest_rate, current_balance",monitor,medium
L100267,0.41471197883717725,0.2685528692992741,0.09681228659037765,unknown,1,flagged_anomaly,1,"interest_rate, current_balance",monitor,low
L100269,0.4796538379477651,0.534516739874074,0.25716764568038714,current,0,none,0,"interest_rate, current_balance",review,medium
L100269,0.48589032611190724,0.4930886286462417,0.2353034690184084,current,0,none,0,"interest_rate, current_balance",monitor,medium
L100269,0.4853172697640323,0.48269676392061533,0.15483624920494576,current,0,none,0,"interest_rate, current_balance",monitor,medium
L100269,0.5052266343087196,0.5021993841273698,0.26046033351360326,current,0,none,0,"interest_rate, current_balance",review,medium
L100269,0.5199355623099312,0.4784657110279562,0.25157279069117294,current,0,none,0,"interest_rate, current_balance",monitor,medium
L100269,0.5110231594862139,0.5072631512741902,0.2537927641676255,current,0,none,0,"interest_rate, current_balance",review,medium
L100269,0.5224890997776629,0.466137332598065,0.15212891855949479,current,0,none,0,"interest_rate, current_balance",monitor,medium
L100269,0.5385373739659193,0.4681773394277955,0.16591613637783142,current,0,none,0,"interest_rate, current_balance",monitor,medium
L100269,0.4790104188396275,0.4955342085390437,0.13956237123600515,current,0,none,0,"interest_rate, current_balance",monitor,medium
L100269,0.5327389305828878,0.50916610070802,0.1897912949378559,current,0,none,0,"interest_rate, current_balance",review,medium
L100269,0.5294211167765687,0.510556872216532,0.19065149132460743,current,0,none,0,"interest_rate, current_balance",review,medium
L100269,0.485025057732296,0.4653933541255365,0.14853125381525797,current,0,none,0,"interest_rate, current_balance",monitor,medium
L100274,0.3781000672054361,0.37231895579948443,0.6711599997298684,current,0,none,0,"interest_rate, current_balance",monitor,medium
L100274,0.3692287312722365,0.40456492024665786,0.7300480715213443,current,0,none,0,"interest_rate, current_balance",monitor,medium
L100274,0.380501755444193,0.42070974540103107,0.7246918047832658,current,0,none,0,"interest_rate, current_balance",monitor,medium
L100274,0.3751116661808985,0.4338602822634912,0.7448905966422582,current,0,none,0,"interest_rate, current_balance",monitor,medium
L100274,0.3823610524048221,0.4502461918832128,0.728533208299284,current,0,none,0,"interest_rate, current_balance",monitor,medium
L100274,0.3792432693041917,0.4517262465019348,0.7328716679233896,current,0,none,0,"interest_rate, current_balance",monitor,medium
L100274,0.40420821441834254,0.46333540788653826,0.3256654651396091,current,0,none,0,"interest_rate, current_balance",monitor,medium
L100274,0.32302346236325336,0.44352065420495357,0.6754340451459222,current,0,none,0,"interest_rate, current_balance",monitor,medium
L100274,0.3461998010644848,0.48943340489564063,0.2279941456846513,current,0,none,0,"interest_rate, current_balance",monitor,medium
L100274,0.30967162648645513,0.42561194406479536,0.6258332513211656,current,0,none,0,"interest_rate, current_balance",monitor,medium
L100274,0.2972714289711325,0.42426266195833284,0.6236117605881272,current,0,none,0,"interest_rate, current_balance",monitor,medium
L100274,0.32842933517587203,0.4485047184165122,0.2257672593107719,current,0,none,0,"interest_rate, current_balance",monitor,medium
L100276,0.4465075079148182,0.47480292220411874,0.1165857365156063,current,0,none,0,"interest_rate, current_balance",monitor,medium
L100276,0.4600673847072542,0.47857518300164303,0.11775652953332504,current,0,none,0,"interest_rate, current_balance",monitor,medium
L100276,0.47676173054107984,0.48950365452032857,0.12709085275757429,current,0,none,0,"interest_rate, current_balance",monitor,medium
L100276,0.5093805740596085,0.482949597764252,0.2740459662397734,current,0,none,0,"interest_rate, current_balance",monitor,medium
L100276,0.5018885429857369,0.4804292696826269,0.11492951971478121,current,0,none,0,"interest_rate, current_balance",monitor,medium
L100276,0.5012978313584396,0.4771291945338128,0.3157989945165172,current,0,none,0,"interest_rate, current_balance",monitor,medium
L100276,0.4968739127613618,0.4747457153079878,0.12164812482405742,current,0,none,0,"interest_rate, current_balance",monitor,medium
L100276,0.511852369331888,0.479059763972287,0.32106606484545963,current,0,none,0,"interest_rate, current_balance",monitor,medium
L100276,0.5055790206965152,0.47365110733394694,0.3022670533034617,current,0,none,0,"interest_rate, current_balance",monitor,medium
L100276,0.5046817549182105,0.4615046697760462,0.10514322106304208,current,0,none,0,"interest_rate, current_balance",monitor,medium
L100276,0.49720851363268403,0.4448537872954596,0.11087958428235564,current,0,none,0,"interest_rate, current_balance",monitor,medium
L100276,0.5083069878241494,0.40553286746848416,0.29316537736143106,current,0,none,0,"interest_rate, current_balance",monitor,medium
L100279,0.37705203124791564,0.3368912406541916,0.2756865971497612,current,0,none,0,"interest_rate, current_balance",monitor,medium
L100279,0.4382034259018024,0.37103713771733854,0.34078501016127694,current,0,balance_increase_anomaly,1,"interest_rate, current_balance",monitor,medium
L100279,0.4425593629738979,0.3737378233017942,0.31113800625862803,current,0,balance_increase_anomaly,1,"interest_rate, current_balance",monitor,medium
L100279,0.44033515471902795,0.4305410648224074,0.3979558485974989,current,0,balance_increase_anomaly,1,"interest_rate, current_balance",monitor,medium
L100279,0.42890319194501664,0.45036230229991275,0.4140403402095613,current,0,balance_increase_anomaly,1,"interest_rate, current_balance",monitor,medium
L100279,0.4242578807899718,0.3704855898493922,0.3189240925705967,current,0,balance_increase_anomaly,1,"interest_rate, current_balance",monitor,medium
L100279,0.4273455716865152,0.3950786998672706,0.3162232978950239,current,0,balance_increase_anomaly,1,"interest_rate, current_balance",monitor,medium
L100279,0.3979518091613178,0.4534662123033186,0.22884811059731874,current,0,none,0,"interest_rate, current_balance",monitor,medium
L100279,0.3951748160463933,0.5127145254612789,0.28348234851880205,current,0,none,0,"interest_rate, current_balance",review,medium
L100279,0.4163092571233992,0.5102912774078924,0.30464406811176187,current,0,none,0,"interest_rate, current_balance",review,medium
L100279,0.4024233257055881,0.5040011823697398,0.22964952909770583,current,0,none,0,"interest_rate, current_balance",review,medium
L100279,0.3851937427285651,0.49481219556099226,0.2112256259438133,current,0,none,0,"interest_rate, current_balance",monitor,medium
L100282,0.34039480343071865,0.35939651095027886,0.7898013380668609,current,0,none,0,"interest_rate, current_balance",monitor,medium
L100282,0.3264957406034046,0.37820907537325743,0.4011293358956218,current,0,none,0,"interest_rate, current_balance",monitor,medium
L100282,0.3070656358291968,0.36171131017985253,0.7796501832272265,current,0,none,0,"interest_rate, current_balance",monitor,medium
L100282,0.3171550013080358,0.3674850719217543,0.7731250201182008,current,0,none,0,"interest_rate, current_balance",monitor,medium
L100282,0.31729966787277786,0.38499628335593744,0.7273316380779126,current,0,none,0,"interest_rate, current_balance",monitor,medium
L100282,0.23789881037244143,0.29910445114565076,0.4623255513844912,delinquent_30_60,1,flagged_anomaly,1,"interest_rate, current_balance",monitor,low
L100282,0.30749870663177803,0.3573097277704947,0.23374569770300618,unknown,0,severe_delinquency,1,"interest_rate, current_balance",monitor,medium
L100288,0.45088183962263306,0.5307577342479324,0.18660773955956766,current,0,none,0,"interest_rate, current_balance",review,medium
L100288,0.4337254440305886,0.5374769154253929,0.19777490356063737,current,0,none,0,"interest_rate, current_balance",review,medium
L100288,0.4078038936084251,0.5358739188435376,0.1043594027007166,current,0,none,0,"interest_rate, current_balance",review,medium
L100288,0.34476725638488837,0.5170952309750858,0.1271255765151165,current,0,none,0,"interest_rate, current_balance",review,medium
L100288,0.40280802111522984,0.5381752179919957,0.09673288429579359,current,0,none,0,"interest_rate, current_balance",review,medium
L100288,0.386173371774012,0.5344977386345946,0.13451726825040206,current,0,none,0,"interest_rate, current_balance",review,medium
L100288,0.4041625216589364,0.5198266890063606,0.14460178432832896,current,0,none,0,"interest_rate, current_balance",review,medium
L100288,0.4559802905082814,0.5147044049570461,0.09951670711954508,current,0,none,0,"interest_rate, current_balance",review,medium
L100288,0.3930089050446395,0.5101248416893378,0.10533817965954102,current,0,none,0,"interest_rate, current_balance",review,medium
L100288,0.3691415015723036,0.49559207826333,0.10767808486791533,current,0,none,0,"interest_rate, current_balance",monitor,medium
L100288,0.43517600406741386,0.5078631352570634,0.14424230494196022,current,0,none,0,"interest_rate, current_balance",review,medium
L100288,0.4212147116857255,0.43520012298793714,0.09791752808856995,current,0,none,0,"interest_rate, current_balance",monitor,medium
L100290,0.4683043656945543,0.48016334042961206,0.19146957245488416,current,0,none,0,"interest_rate, current_balance",monitor,medium
L100290,0.437741236394819,0.5200278291099297,0.23627001413864415,current,0,none,0,"interest_rate, current_balance",review,medium
L100290,0.4284652940245101,0.5191431788094271,0.16243076190908592,current,0,none,0,"interest_rate, current_balance",review,medium
L100290,0.4264332335631298,0.5183190933739692,0.16245421074585834,current,0,none,0,"interest_rate, current_balance",review,medium
L100290,0.42185048747687603,0.5206885021187865,0.16903317190168737,current,0,none,0,"interest_rate, current_balance",review,medium
L100290,0.4553082660115372,0.5180019205874404,0.1607417708986269,current,0,none,0,"interest_rate, current_balance",review,medium
L100290,0.5072960657073097,0.5361534246650564,0.2264816091385054,current,0,none,0,"interest_rate, current_balance",review,medium
L100290,0.47364992609766515,0.5198381264319587,0.16581742456062215,current,0,none,0,"interest_rate, current_balance",review,medium
L100290,0.5031518910375794,0.5391028914165716,0.22289013810927263,current,0,none,0,"interest_rate, current_balance",review,medium
L100290,0.48946842139882096,0.5053695221248291,0.1396251480288669,current,0,none,0,"interest_rate, current_balance",review,medium
L100290,0.49068223353956286,0.5033472531456236,0.13560076200891685,current,0,none,0,"interest_rate, current_balance",review,medium
L100290,0.4882062914228474,0.4668937356909088,0.13656234514931437,current,0,none,0,"interest_rate, current_balance",monitor,medium
L100295,0.46137101550582316,0.4650295665364979,0.1148056543900834,current,0,none,0,"interest_rate, current_balance",monitor,medium
L100295,0.4350899412648528,0.44161308175853736,0.09556816405170895,current,0,none,0,"interest_rate, current_balance",monitor,medium
L100295,0.431885892128475,0.4535848264900078,0.10843720015110012,current,0,none,0,"interest_rate, current_balance",monitor,medium
L100295,0.3471382695597367,0.40303245909824625,0.11167075389974182,current,0,none,0,"interest_rate, current_balance",monitor,medium
L100295,0.3588255918248098,0.4069311096467711,0.08970963045532562,current,0,none,0,"interest_rate, current_balance",monitor,medium
L100295,0.3726075222881066,0.4097685119524019,0.09474339949319074,current,0,none,0,"interest_rate, current_balance",monitor,medium
L100295,0.3691142911548513,0.4022318378471066,0.10262358365617584,current,0,none,0,"interest_rate, current_balance",monitor,medium
L100295,0.3665113944554639,0.4063105838989413,0.10121096999867084,current,0,none,0,"interest_rate, current_balance",monitor,medium
L100295,0.3689147207669696,0.4081254821950074,0.1010824717009056,current,0,none,0,"interest_rate, current_balance",monitor,medium
L100295,0.3622255521732377,0.41889309510990413,0.23885998498986377,current,0,none,0,"interest_rate, current_balance",monitor,medium
L100295,0.38654395716166456,0.3662076540445297,0.05244476163302833,current,0,balance_increase_anomaly,1,"interest_rate, current_balance",monitor,medium
L100295,0.3623150155877026,0.30114855221403836,0.04081015094157327,current,0,balance_increase_anomaly,1,"interest_rate, current_balance",monitor,medium
L100303,0.5839208541134036,0.5602053202492212,0.3620707240255346,current,0,none,0,"interest_rate, current_balance",review,medium
L100303,0.5723291242206431,0.43769924901642665,0.15003088274738582,current,0,none,0,"interest_rate, current_balance",monitor,medium
L100303,0.5729926824222098,0.42366341380300876,0.15626120045546527,current,0,none,0,"interest_rate, current_balance",monitor,medium
L100303,0.5666991940472937,0.5445228761570354,0.37355792939790256,current,0,none,0,"interest_rate, current_balance",review,medium
L100303,0.5702741119338396,0.434587121402379,0.16543455556880968,current,0,none,0,"interest_rate, current_balance",monitor,medium
L100303,0.5922582387211475,0.4403423041066896,0.16207214093337918,current,0,none,0,"interest_rate, current_balance",monitor,medium
L100303,0.5048692256165749,0.42991742655699405,0.12986164302428535,current,0,none,0,"interest_rate, current_balance",monitor,medium
L100303,0.5001074125237327,0.4383845884435878,0.1382820913895323,current,0,none,0,"interest_rate, current_balance",monitor,medium
L100303,0.47174417173051464,0.4396424003367424,0.11384756836994021,current,0,none,0,"interest_rate, current_balance",monitor,medium
L100303,0.5240987737630572,0.5738121660894636,0.3136211632073245,current,0,none,0,"interest_rate, current_balance",review,medium
L100303,0.4324356031543061,0.4550864579395858,0.14271606321290528,current,0,none,0,"interest_rate, current_balance",monitor,medium
L100303,0.4734388250803811,0.47892502413602356,0.3060046505673771,current,0,none,0,"interest_rate, current_balance",monitor,medium
L100309,0.4808811800996106,0.4896173215692059,0.10851069368892223,current,0,none,0,"interest_rate, current_balance",monitor,medium
L100309,0.48605590461709625,0.5048388881499228,0.14131178427546265,current,0,none,0,"interest_rate, current_balance",review,medium
L100309,0.47366582794235124,0.490533540081086,0.11927448091325628,current,0,none,0,"interest_rate, current_balance",monitor,medium
L100309,0.4024901163136728,0.469430116258613,0.10296111578598247,current,0,none,0,"interest_rate, current_balance",monitor,medium
L100309,0.39820787394638607,0.46975094881718105,0.08480673906195228,current,0,none,0,"interest_rate, current_balance",monitor,medium
L100309,0.4041304890153448,0.4707240200172374,0.0774279466427988,current,0,none,0,"interest_rate, current_balance",monitor,medium
L100309,0.4053549691616745,0.5071854880434834,0.17349535320957238,current,0,none,0,"interest_rate, current_balance",review,medium
L100309,0.39450737261551583,0.4842980142715254,0.07546720166700976,current,0,none,0,"interest_rate, current_balance",monitor,medium
L100309,0.39657692435293335,0.47420368549626923,0.06686602197779032,current,0,none,0,"interest_rate, current_balance",monitor,medium
L100309,0.38883232105435783,0.48544282742012457,0.16975106775872598,current,0,none,0,"interest_rate, current_balance",monitor,medium
L100309,0.3985794270380721,0.47467559061067666,0.1415824036923969,current,0,none,0,"interest_rate, current_balance",monitor,medium
L100309,0.36936932145313284,0.40476961036290865,0.05429478334871791,current,0,none,0,"interest_rate, current_balance",monitor,medium
L100312,0.2711392360246085,0.35266947340893895,0.09885824136149858,delinquent_30_60,1,flagged_anomaly,1,"interest_rate, current_balance",monitor,medium
L100312,0.28975871106805606,0.37650460171039346,0.14778468501374686,current,0,none,0,"interest_rate, current_balance",monitor,medium
L100312,0.3336804455565106,0.46482005305576185,0.062203600603672866,current,0,none,0,"interest_rate, current_balance",monitor,medium
L100312,0.32152064936076397,0.46147436080996024,0.05269574218333965,current,0,none,0,"interest_rate, current_balance",monitor,medium
L100312,0.32835770028075817,0.4715311210297061,0.05785710686014343,current,0,none,0,"interest_rate, current_balance",monitor,medium
L100312,0.3412330370320181,0.49673923131869524,0.055323678948172784,current,0,none,0,"interest_rate, current_balance",monitor,medium
L100312,0.3502339414403386,0.4855797199810981,0.14898223564275456,current,0,none,0,"interest_rate, current_balance",monitor,medium
L100312,0.3542415208371366,0.38825840641678955,0.05063485207975573,delinquent_30_60,1,flagged_anomaly,1,"interest_rate, current_balance",monitor,medium
L100312,0.33406330029215375,0.40191483144442053,0.05221198216512559,delinquent_30_60,0,severe_delinquency,1,"interest_rate, current_balance",monitor,medium
L100312,0.33590295168879847,0.4159649576076248,0.054664524871908204,current,0,none,0,"interest_rate, current_balance",monitor,medium
L100312,0.3407057801727365,0.43406049800021007,0.053196912129511054,current,0,none,0,"interest_rate, current_balance",monitor,medium
L100312,0.27664801105993725,0.43291661471238324,0.05969919078120839,current,0,none,0,"interest_rate, current_balance",monitor,medium
L100331,0.4133627089685796,0.3540962705793748,0.14221896246391222,current,0,none,0,"interest_rate, current_balance",monitor,medium
L100331,0.37972645297892094,0.3689336791316066,0.392639921487224,current,0,none,0,"interest_rate, current_balance",monitor,medium
L100331,0.4215721163892796,0.3371222374837315,0.14206103541514456,current,0,none,0,"interest_rate, current_balance",monitor,medium
L100331,0.4322073171128247,0.35871413813392244,0.4642685454350627,current,0,none,0,"interest_rate, current_balance",monitor,medium
L100331,0.4408970730112094,0.33409409951813834,0.14482224872934263,current,0,none,0,"interest_rate, current_balance",monitor,medium
L100331,0.45999673272071706,0.31327640121635736,0.13566261044148048,current,0,none,0,"interest_rate, current_balance",monitor,medium
L100331,0.41472598208426803,0.3572274557743752,0.4622113046518469,current,0,none,0,"interest_rate, current_balance",monitor,medium
L100331,0.47992367363116584,0.29042525155002663,0.15049235332545596,current,0,none,0,"interest_rate, current_balance",monitor,low
L100331,0.4545969211667648,0.2770366921316479,0.14904109413335737,current,0,none,0,"interest_rate, current_balance",monitor,low
L100331,0.4436249042076204,0.2575673119561418,0.1283804185326381,current,0,none,0,"interest_rate, current_balance",monitor,low
L100331,0.426914302911527,0.26057209459297564,0.13943462999083356,current,0,none,0,"interest_rate, current_balance",monitor,low
L100331,0.42841331750132317,0.22168634303927012,0.14907995326729354,current,0,none,0,"interest_rate, current_balance",monitor,low
L100342,0.4451538168315857,0.46750687250001943,0.0787447166226195,current,0,none,0,"interest_rate, current_balance",monitor,medium
L100342,0.4609254540656278,0.4841713749687774,0.09245653317845026,current,0,none,0,"interest_rate, current_balance",monitor,medium
L100342,0.462963233324103,0.4719955595903883,0.19989110115718822,current,0,none,0,"interest_rate, current_balance",monitor,medium
L100342,0.47084532770978665,0.4491438836394934,0.06476315596741285,current,0,none,0,"interest_rate, current_balance",monitor,medium
L100342,0.4833338349678135,0.5055514341650106,0.07813499017615877,current,0,none,0,"interest_rate, current_balance",review,medium
L100342,0.43394841994350286,0.4692818180087006,0.10827938170519391,current,0,none,0,"interest_rate, current_balance",monitor,medium
L100342,0.4376778830429575,0.4667880667610234,0.09737349311898585,current,0,none,0,"interest_rate, current_balance",monitor,medium
L100342,0.4202219487053011,0.43106401814133155,0.08691681766677363,current,0,none,0,"interest_rate, current_balance",monitor,medium
L100342,0.4682268380345564,0.45516017410736814,0.09323608168423705,current,0,none,0,"interest_rate, current_balance",monitor,medium
L100342,0.43080536036986783,0.47302167734575923,0.18079147230937978,current,0,none,0,"interest_rate, current_balance",monitor,medium
L100342,0.4023362629180161,0.4588053330278377,0.0777760332772516,current,0,none,0,"interest_rate, current_balance",monitor,medium
L100342,0.39035478125896284,0.4034001091355149,0.07922288031439839,current,0,none,0,"interest_rate, current_balance",monitor,medium
L100345,0.2722784968591579,0.3890479521993579,0.21542610702534282,unknown,1,flagged_anomaly,1,"interest_rate, current_balance",monitor,medium
L100349,0.5138574010629962,0.45711014574047454,0.1515605231686951,current,0,none,0,"interest_rate, current_balance",monitor,medium
L100349,0.43342036394504174,0.47887862752937954,0.3090643253403525,current,0,none,0,"interest_rate, current_balance",monitor,medium
L100349,0.42245188458456623,0.4737851648635774,0.12083197658584317,current,0,none,0,"interest_rate, current_balance",monitor,medium
L100349,0.433535562905138,0.49245995296069384,0.316345327032123,current,0,none,0,"interest_rate, current_balance",monitor,medium
L100349,0.421994455180035,0.49035876886225604,0.35876522142188405,current,0,none,0,"interest_rate, current_balance",monitor,medium
L100349,0.43124535938577696,0.4760934541905066,0.15295431579129262,current,0,none,0,"interest_rate, current_balance",monitor,medium
L100349,0.44288460912379973,0.5055472613084943,0.3579726140888158,current,0,none,0,"interest_rate, current_balance",review,medium
L100349,0.440582698121976,0.4724495382438662,0.1578471585286044,current,0,none,0,"interest_rate, current_balance",monitor,medium
L100349,0.4461774508732855,0.4855055652194946,0.1526633678789744,current,0,none,0,"interest_rate, current_balance",monitor,medium
L100349,0.415267879931703,0.500696446228466,0.35938431251923963,current,0,none,0,"interest_rate, current_balance",review,medium
L100349,0.40863376567866333,0.44536461149845136,0.14812307829277185,current,0,none,0,"interest_rate, current_balance",monitor,medium
L100349,0.39636098063987674,0.4078517547117709,0.14371724446158998,current,0,none,0,"interest_rate, current_balance",monitor,medium
L100356,0.4215736372332865,0.4671516315277792,0.31454642483748974,current,0,none,0,"interest_rate, current_balance",monitor,medium
L100356,0.4373146357627331,0.48115904096249296,0.10185246798071892,current,0,none,0,"interest_rate, current_balance",monitor,medium
L100356,0.4492791935556852,0.4961763788144799,0.31258002531575024,current,0,none,0,"interest_rate, current_balance",monitor,medium
L100356,0.46136329882739546,0.49790295151107405,0.10333926923115376,current,0,none,0,"interest_rate, current_balance",monitor,medium
L100356,0.47151261348630963,0.4976770584176466,0.13122510296908657,current,0,none,0,"interest_rate, current_balance",monitor,medium
L100356,0.45916364355608424,0.4979066020310111,0.11404525885592548,current,0,none,0,"interest_rate, current_balance",monitor,medium
L100356,0.4932214109652967,0.490141293613639,0.13205436288971717,current,0,none,0,"interest_rate, current_balance",monitor,medium
L100356,0.5035397957351727,0.47725578936818286,0.36051493565954573,current,0,none,0,"interest_rate, current_balance",monitor,medium
L100356,0.495839262790768,0.4818919718092002,0.11039652864549382,current,0,none,0,"interest_rate, current_balance",monitor,medium
L100356,0.4832035580199188,0.4635498604005812,0.11910207119062963,current,0,none,0,"interest_rate, current_balance",monitor,medium
L100356,0.47896248869325914,0.4386400202758736,0.31439615280167693,current,0,none,0,"interest_rate, current_balance",monitor,medium
L100356,0.4825525671477154,0.38727976359939303,0.2905504588950445,current,0,none,0,"interest_rate, current_balance",monitor,medium
L100366,0.5406124147119874,0.5213458718550943,0.0837447013182707,current,0,none,0,"interest_rate, current_balance",review,medium
L100366,0.5546769596461146,0.5283768920416391,0.09055434637696906,current,0,none,0,"interest_rate, current_balance",review,medium
L100366,0.4744200183359015,0.5042555444963281,0.07628511098449814,delinquent_30_60,1,flagged_anomaly,1,"interest_rate, current_balance",review,medium
L100366,0.5357205765279469,0.496517477891781,0.07220138915851163,unknown,0,severe_delinquency,1,"interest_rate, current_balance",monitor,medium
L100373,0.5250837332738225,0.5313795545637076,0.1410479835373967,current,0,none,0,"interest_rate, current_balance",review,medium
L100373,0.5090567563415328,0.5342771108218578,0.19313782704078922,current,0,none,0,"interest_rate, current_balance",review,medium
L100373,0.5001986932646062,0.5319499215506583,0.24834092821904705,current,0,none,0,"interest_rate, current_balance",review,medium
L100373,0.4725869487602742,0.5240498829920291,0.18320365314702963,current,0,none,0,"interest_rate, current_balance",review,medium
L100373,0.4947970043848711,0.5385409786036957,0.17401949013036674,current,0,none,0,"interest_rate, current_balance",review,medium
L100373,0.51042889238288,0.526498094250764,0.3004358554164742,current,0,none,0,"interest_rate, current_balance",review,medium
L100373,0.5074241584070204,0.5351645301303212,0.28919427485260635,current,0,none,0,"interest_rate, current_balance",review,medium
L100373,0.49938393125079605,0.5431501958982317,0.19796894380793625,current,0,none,0,"interest_rate, current_balance",review,medium
L100373,0.5112614160818022,0.526555367586885,0.18607695994600648,current,0,none,0,"interest_rate, current_balance",review,medium
L100373,0.48523502177536026,0.52984153358452,0.18374126511407576,current,0,none,0,"interest_rate, current_balance",review,medium
L100373,0.4882096642057503,0.5242463722094943,0.15856719043125428,current,0,none,0,"interest_rate, current_balance",review,medium
L100373,0.47520531589700216,0.48198258589678794,0.15927074228027516,current,0,none,0,"interest_rate, current_balance",monitor,medium
L100380,0.4468718628498067,0.36301725369995014,0.07965732653127452,current,0,none,0,"interest_rate, current_balance",monitor,medium
L100380,0.43086077068280637,0.3949398913077681,0.10396273086508351,current,0,none,0,"interest_rate, current_balance",monitor,medium
L100380,0.44737390509355124,0.3805214653433468,0.09444863319509901,current,0,none,0,"interest_rate, current_balance",monitor,medium
L100380,0.43899096919258046,0.40282425664277144,0.12855959308220416,current,0,none,0,"interest_rate, current_balance",monitor,medium
L100380,0.4302477088360479,0.4163801027150276,0.1515716726394625,current,0,none,0,"interest_rate, current_balance",monitor,medium
L100380,0.4098681831703493,0.22061021098773395,0.11015815475831461,current,1,balance_increase_anomaly,1,"interest_rate, current_balance",monitor,low
L100380,0.43470856080135206,0.37106773100753654,0.14058613770747738,current,0,none,0,"interest_rate, current_balance",monitor,medium
L100380,0.4711506182614025,0.35052781478591194,0.11448398900089439,current,0,none,0,"interest_rate, current_balance",monitor,medium
L100380,0.46013551372995937,0.35228895757026735,0.11974543443584056,current,0,none,0,"interest_rate, current_balance",monitor,medium
L100380,0.3659054909427303,0.35139122642581805,0.13453136394881512,current,0,none,0,"interest_rate, current_balance",monitor,medium
L100380,0.36084419122508044,0.34402298299794365,0.12848618761102956,current,0,none,0,"interest_rate, current_balance",monitor,medium
L100380,0.3384133550379934,0.3838097095640681,0.2750622696997814,current,0,none,0,"interest_rate, current_balance",monitor,medium
L100391,0.42045464337237126,0.4152828481679091,0.20345538914435715,current,0,none,0,"interest_rate, current_balance",monitor,medium
L100391,0.42074541606136523,0.4286200720374752,0.1907488561559768,current,0,none,0,"interest_rate, current_balance",monitor,medium
L100391,0.3985881321066195,0.43727105913527237,0.18627525271248813,current,0,none,0,"interest_rate, current_balance",monitor,medium
L100391,0.40537667292881047,0.41175309869846816,0.19114765461942412,delinquent_30_60,0,severe_delinquency,1,"interest_rate, current_balance",monitor,medium
L100391,0.4026157579897035,0.36317669459123897,0.12465474382146473,delinquent_30_60,0,severe_delinquency,1,"interest_rate, current_balance",monitor,medium
L100391,0.38248972645285906,0.40574206018915226,0.14651120314576604,current,0,none,0,"interest_rate, current_balance",monitor,medium
L100391,0.36523877212545613,0.41335244490458145,0.14427290681712318,current,0,none,0,"interest_rate, current_balance",monitor,medium
L100391,0.41998097518734157,0.47248289653369235,0.24810705178962106,current,0,none,0,"interest_rate, current_balance",monitor,medium
L100391,0.3626017803326742,0.4332410857664301,0.16495408446133245,current,0,none,0,"interest_rate, current_balance",monitor,medium
L100391,0.41171607494167894,0.46461532828435204,0.2225301591132425,current,0,none,0,"interest_rate, current_balance",monitor,medium
L100391,0.36915618623239477,0.4455448984529468,0.14847625096544026,current,0,none,0,"interest_rate, current_balance",monitor,medium
L100391,0.3607999599205507,0.371764381996259,0.13959959126771537,current,0,none,0,"interest_rate, current_balance",monitor,medium
L100393,0.4137548385658532,0.44162891337486654,0.16147704016155195,current,0,none,0,"interest_rate, current_balance",monitor,medium
L100393,0.4212964645278427,0.45660797722551183,0.16597736326094978,current,0,none,0,"interest_rate, current_balance",monitor,medium
L100393,0.37875328389433344,0.45171836344403593,0.188455228852044,current,0,none,0,"interest_rate, current_balance",monitor,medium
L100393,0.394971761327223,0.47923299984284284,0.17590199815990631,current,0,none,0,"interest_rate, current_balance",monitor,medium
L100393,0.46086841245921506,0.49286904148783456,0.28240791992992487,current,0,none,0,"interest_rate, current_balance",monitor,medium
L100393,0.3945057324903828,0.471252217645596,0.19934894068398626,current,0,none,0,"interest_rate, current_balance",monitor,medium
L100393,0.3823524407319129,0.49461513258108236,0.18824310591042864,current,0,none,0,"interest_rate, current_balance",monitor,medium
L100393,0.4193107534899002,0.49583224536429155,0.1678722564351383,current,0,none,0,"interest_rate, current_balance",monitor,medium
L100393,0.44916113520165274,0.48585646947931677,0.2144506605659617,current,0,none,0,"interest_rate, current_balance",monitor,medium
L100393,0.3904294255809425,0.4915434496679064,0.21759149360089652,current,0,none,0,"interest_rate, current_balance",monitor,medium
L100393,0.38472679255014847,0.4737878487860183,0.20438596183030933,current,0,none,0,"interest_rate, current_balance",monitor,medium
L100393,0.36972082258740246,0.4093555456996386,0.19782684369810405,current,0,none,0,"interest_rate, current_balance",monitor,medium
L100398,0.36404270651721254,0.33455319990342697,0.12508545759248624,current,0,none,0,"interest_rate, current_balance",monitor,medium
L100398,0.3753646934992882,0.36794656739204384,0.13164570560700115,current,0,none,0,"interest_rate, current_balance",monitor,medium
L100398,0.3513983187238697,0.35228656507764256,0.12792697535920225,current,0,none,0,"interest_rate, current_balance",monitor,medium
L100398,0.36574304415623093,0.3654333803337451,0.13029799115676297,current,0,none,0,"interest_rate, current_balance",monitor,medium
L100398,0.4178048658359937,0.3609897017794869,0.13692067153275345,current,0,none,0,"interest_rate, current_balance",monitor,medium
L100398,0.4137300583833673,0.3951820533953988,0.29785870814659715,current,0,none,0,"interest_rate, current_balance",monitor,medium
L100398,0.4065375791822206,0.33801744307674797,0.14107042445210746,current,0,none,0,"interest_rate, current_balance",monitor,medium
L100398,0.41460507566056426,0.3682427760088995,0.14157353663367414,current,0,none,0,"interest_rate, current_balance",monitor,medium
L100398,0.40158256013906163,0.3708600849262387,0.13618407240375993,current,0,none,0,"interest_rate, current_balance",monitor,medium
L100398,0.39663287672372477,0.3569118951167007,0.1443990386785939,current,0,none,0,"interest_rate, current_balance",monitor,medium
L100398,0.39482472694748433,0.35225327821473196,0.1373237743181677,current,0,none,0,"interest_rate, current_balance",monitor,medium
L100398,0.39771618331935066,0.3053264859157982,0.13787322726367252,current,0,none,0,"interest_rate, current_balance",monitor,medium
L100400,0.5040836329907127,0.49779019133290847,0.3784919591480264,current,0,none,0,"interest_rate, current_balance",monitor,medium
L100400,0.5042845373665861,0.49858160857597994,0.3920391639304712,current,0,none,0,"interest_rate, current_balance",monitor,medium
L100400,0.5101667908240639,0.5050109482268411,0.14777392199779635,current,0,none,0,"interest_rate, current_balance",review,medium
L100400,0.5345326557038365,0.5150188191509617,0.3409062903023897,current,0,none,0,"interest_rate, current_balance",review,medium
L100400,0.5224595965345067,0.5084100431879826,0.13237682538694157,current,0,none,0,"interest_rate, current_balance",review,medium
L100400,0.4943325225487913,0.4988256287090082,0.14212461773491247,current,0,none,0,"interest_rate, current_balance",monitor,medium
L100400,0.51814009601661,0.5046780860472638,0.14002555985773502,current,0,none,0,"interest_rate, current_balance",review,medium
L100400,0.5070211507350489,0.4997254730776055,0.15375899091155928,current,0,none,0,"interest_rate, current_balance",monitor,medium
L100400,0.5004067756624944,0.5076149057810116,0.14878169054680407,current,0,none,0,"interest_rate, current_balance",review,medium
L100400,0.506051100850687,0.4960323273614633,0.1353749556622474,current,0,none,0,"interest_rate, current_balance",monitor,medium
L100400,0.5189632919792544,0.4859669541957094,0.12313051730813687,current,0,none,0,"interest_rate, current_balance",monitor,medium
L100400,0.5228250789758964,0.44087312792863503,0.12288547137246676,current,0,none,0,"interest_rate, current_balance",monitor,medium
L100402,0.36317831925692157,0.4427295886592082,0.2422205914034366,current,0,none,0,"interest_rate, current_balance",monitor,medium
L100402,0.3581977039745947,0.4664575588237916,0.24472022737464552,current,0,none,0,"interest_rate, current_balance",monitor,medium
L100402,0.3461671818514666,0.42161697381054286,0.7421837298357795,current,0,none,0,"interest_rate, current_balance",monitor,medium
L100402,0.33627989856526636,0.42794819044772436,0.7314490607538453,current,0,none,0,"interest_rate, current_balance",monitor,medium
L100402,0.3252313523560899,0.3998811388591787,0.694641138507458,current,0,none,0,"interest_rate, current_balance",monitor,medium
L100402,0.34584816960979314,0.4086466146250492,0.7568378429284425,current,0,none,0,"interest_rate, current_balance",monitor,medium
L100402,0.37946594586823146,0.4386071390344957,0.2564347215767299,current,0,none,0,"interest_rate, current_balance",monitor,medium
L100402,0.36883280275824876,0.43681759849371266,0.23494216830563508,current,0,none,0,"interest_rate, current_balance",monitor,medium
L100402,0.3364322259850025,0.3960065301880055,0.7010241656717462,current,0,none,0,"interest_rate, current_balance",monitor,medium
L100402,0.33092387182452865,0.44245935703034417,0.240598383831371,current,0,none,0,"interest_rate, current_balance",monitor,medium
L100402,0.3351552410683469,0.4383062186992055,0.21505930989266644,current,0,none,0,"interest_rate, current_balance",monitor,medium
L100402,0.3173532530105025,0.3473053416037292,0.6605058965076869,current,0,none,0,"interest_rate, current_balance",monitor,medium
L100405,0.45711480183623093,0.4449618369695551,0.15972003107845828,current,0,none,0,"interest_rate, current_balance",monitor,medium
L100405,0.46468354637050935,0.4484615922966439,0.14908979867296063,current,0,none,0,"interest_rate, current_balance",monitor,medium
L100405,0.45012925432243406,0.42924706716413863,0.21022423458643053,delinquent_30_60,1,flagged_anomaly,1,"interest_rate, current_balance",monitor,medium
L100405,0.4903689071760045,0.4382298894746883,0.12920918269125636,current,1,flagged_anomaly,1,"interest_rate, current_balance",monitor,medium
L100405,0.46544853732984637,0.44293107733881903,0.2136529359088722,current,0,none,0,"interest_rate, current_balance",monitor,medium
L100405,0.42477518204821174,0.41631692075789734,0.13046143893497106,delinquent_30_60,1,flagged_anomaly,1,"interest_rate, current_balance",monitor,medium
L100405,0.4414636246763893,0.3809274505455286,0.1440638224554455,delinquent_30_60,1,flagged_anomaly,1,"interest_rate, current_balance",monitor,medium
L100405,0.48431518451012406,0.4335098929369526,0.23059692139681084,current,1,flagged_anomaly,1,"interest_rate, current_balance",monitor,medium
L100405,0.476716842158763,0.43809569522844055,0.21125557365548206,current,0,none,0,"interest_rate, current_balance",monitor,medium
L100405,0.4881516287951077,0.4341158053923321,0.20828109586458043,current,0,none,0,"interest_rate, current_balance",monitor,medium
L100405,0.4839331130854825,0.41172579303976903,0.13996600478996582,current,0,none,0,"interest_rate, current_balance",monitor,medium
L100405,0.4808239722826754,0.394595451281798,0.1376490914331223,current,0,none,0,"interest_rate, current_balance",monitor,medium
L100406,0.4863050196246847,0.565532800228056,0.16948812913865097,current,0,none,0,"interest_rate, current_balance",review,medium
L100406,0.4946488349467095,0.5651221257093421,0.1661942155001812,current,0,none,0,"interest_rate, current_balance",review,medium
L100406,0.4910315881458359,0.5498910335297396,0.1722407151064814,current,0,none,0,"interest_rate, current_balance",review,medium
L100406,0.5090532301802203,0.5610832742124906,0.1564414313828213,current,0,none,0,"interest_rate, current_balance",review,medium
L100406,0.48901368669483836,0.5522876028592072,0.13949924624070953,current,0,none,0,"interest_rate, current_balance",review,medium
L100406,0.4604720128059562,0.5489104477758584,0.11957070582456232,current,0,none,0,"interest_rate, current_balance",review,medium
L100406,0.5207424405625755,0.556453343809442,0.3191312875867129,current,0,none,0,"interest_rate, current_balance",review,medium
L100406,0.5187565191389829,0.5358280996950936,0.1334463023313241,current,0,none,0,"interest_rate, current_balance",review,medium
L100406,0.4943602799113371,0.5296953508391228,0.13262962733908815,current,0,none,0,"interest_rate, current_balance",review,medium
L100406,0.494031265211404,0.5242730054896981,0.13031765801945225,current,0,none,0,"interest_rate, current_balance",review,medium
L100406,0.42592832967350364,0.4508177508850748,0.10378703757900501,delinquent_30_60,1,flagged_anomaly,1,"interest_rate, current_balance",monitor,medium
L100406,0.4480598976551622,0.41707702843199695,0.10663502497708414,current,1,flagged_anomaly,1,"interest_rate, current_balance",monitor,medium
L100421,0.5321458661252578,0.5088887455763664,0.33118641969516516,current,0,none,0,"interest_rate, current_balance",review,medium
L100421,0.5449629046914976,0.5125013493835094,0.34886218189646895,current,0,none,0,"interest_rate, current_balance",review,medium
L100421,0.5389905801915437,0.5266523363477813,0.30759099031572595,current,0,none,0,"interest_rate, current_balance",review,medium
L100421,0.5780241324099679,0.5124310588221741,0.32989228125390346,current,0,none,0,"interest_rate, current_balance",review,medium
L100421,0.578999916383895,0.5152880345730567,0.34075508576408803,current,0,none,0,"interest_rate, current_balance",review,medium
L100421,0.6038783920633131,0.5078074360606111,0.35142032048306115,current,0,none,0,"interest_rate, current_balance",review,medium
L100421,0.5967437825302832,0.5227043967061828,0.48183420012980066,current,0,none,0,"interest_rate, current_balance",review,medium
L100421,0.5639280738989736,0.5055256402144525,0.33039308111309557,current,0,none,0,"interest_rate, current_balance",review,medium
L100421,0.6044452205923821,0.5042117486127129,0.336438612984687,current,0,none,0,"interest_rate, current_balance",review,medium
L100421,0.6066378450818991,0.5249937531375249,0.41798226202587657,current,0,none,0,"interest_rate, current_balance",review,medium
L100421,0.602161078342612,0.48982187061542287,0.3132095837086746,current,0,none,0,"interest_rate, current_balance",monitor,medium
L100421,0.6125009634913888,0.4217374310288859,0.30031143261682375,current,0,none,0,"interest_rate, current_balance",monitor,medium
L100427,0.5281999842308707,0.5310472777000342,0.1207464452259166,current,0,none,0,"interest_rate, current_balance",review,medium
L100427,0.5283284422574575,0.533934678803197,0.14448458555528,current,0,none,0,"interest_rate, current_balance",review,medium
L100427,0.5303878030454295,0.5155779587766793,0.13251683252438864,current,0,none,0,"interest_rate, current_balance",review,medium
L100427,0.5487990244141944,0.50586872681763,0.3454458422733529,current,0,none,0,"interest_rate, current_balance",review,medium
L100427,0.5530735488944584,0.5218236192006912,0.33468844381609103,current,0,none,0,"interest_rate, current_balance",review,medium
L100427,0.5579564255201546,0.507687097496538,0.14812364139068737,current,0,none,0,"interest_rate, current_balance",review,medium
L100427,0.5422311456373812,0.5255517576799709,0.1295721342975293,current,0,none,0,"interest_rate, current_balance",review,medium
L100427,0.5631939053816908,0.48468223430526486,0.2871119578364018,current,0,none,0,"interest_rate, current_balance",monitor,medium
L100427,0.4802395727631723,0.4939237007948597,0.11072604553657951,current,0,none,0,"interest_rate, current_balance",monitor,medium
L100427,0.4982539515049126,0.5407783948318299,0.1199835884952897,current,0,none,0,"interest_rate, current_balance",review,medium
L100427,0.5044719939144876,0.532110469018623,0.25105128636361723,current,0,none,0,"interest_rate, current_balance",review,medium
L100427,0.4923106638106835,0.44919684932819953,0.12330404494710505,current,0,none,0,"interest_rate, current_balance",monitor,medium
L100428,0.39755940238571585,0.38323351812774187,0.1915194859483325,current,0,none,0,"interest_rate, current_balance",monitor,medium
L100428,0.38955488446911035,0.37430236746694434,0.20811742034033123,current,0,none,0,"interest_rate, current_balance",monitor,medium
L100428,0.37649174732354085,0.38100690549086214,0.21053147569171038,current,0,none,0,"interest_rate, current_balance",monitor,medium
L100428,0.38186613273559405,0.38139837198628,0.17926380474334075,current,0,none,0,"interest_rate, current_balance",monitor,medium
L100428,0.4034943410824679,0.3765060666101791,0.19221552930708152,current,0,none,0,"interest_rate, current_balance",monitor,medium
L100428,0.42039942124436935,0.4019934755958531,0.2627551944152136,current,0,none,0,"interest_rate, current_balance",monitor,medium
L100428,0.40886595199688625,0.4076636786554537,0.19025514288357495,current,0,none,0,"interest_rate, current_balance",monitor,medium
L100428,0.36617231841332054,0.43428005209382975,0.1805471369508209,current,0,none,0,"interest_rate, current_balance",monitor,medium
L100428,0.3549916895747142,0.41289896027361245,0.18673697627506597,current,0,none,0,"interest_rate, current_balance",monitor,medium
L100428,0.3508709112606305,0.41125097057425,0.17984008424738962,current,0,none,0,"interest_rate, current_balance",monitor,medium
L100428,0.27394272294662075,0.4193833983424846,0.1374573226990357,current,0,none,0,"interest_rate, current_balance",monitor,medium
L100428,0.25335919045076044,0.3533742384886534,0.147115360918439,current,0,none,0,"interest_rate, current_balance",monitor,medium
L100433,0.3572364889433003,0.36808296728517653,0.2369258952550779,current,0,none,0,"interest_rate, current_balance",monitor,medium
L100433,0.3146481070439616,0.3015351301002665,0.1758303201106548,current,0,none,0,"interest_rate, current_balance",monitor,medium
L100433,0.30438961157029737,0.30432713051471866,0.16853996966308155,current,0,none,0,"interest_rate, current_balance",monitor,medium
L100433,0.3296262591264783,0.3588658962208857,0.17548568225148609,current,0,none,0,"interest_rate, current_balance",monitor,medium
L100433,0.3079515151746714,0.30850543237293887,0.1563445709535273,current,0,none,0,"interest_rate, current_balance",monitor,medium
L100433,0.3245943367031271,0.3298340283181995,0.22895280140392696,current,0,none,0,"interest_rate, current_balance",monitor,medium
L100433,0.3281838345191969,0.3110964043177811,0.17239674215363948,current,0,none,0,"interest_rate, current_balance",monitor,medium
L100433,0.3015676581737194,0.2573424145443935,0.12651924713981,current,0,none,0,"interest_rate, current_balance",monitor,low
L100433,0.32639567428348754,0.324371750706198,0.1657719595344817,current,0,none,0,"interest_rate, current_balance",monitor,medium
L100433,0.3113667851032093,0.34062220113941616,0.1469614414859347,current,0,none,0,"interest_rate, current_balance",monitor,medium
L100433,0.32224486960103055,0.3332813396693622,0.1721280483543555,current,0,none,0,"interest_rate, current_balance",monitor,medium
L100433,0.3064012278120087,0.3022268136509211,0.1267792327191719,current,0,none,0,"interest_rate, current_balance",monitor,medium
L100434,0.42300852336638967,0.42356325488084434,0.4214456739678134,current,0,none,0,"interest_rate, current_balance",monitor,medium
L100434,0.3893047569172685,0.4196248887389251,0.15086545489224767,current,0,none,0,"interest_rate, current_balance",monitor,medium
L100434,0.393135653743099,0.47144045819827873,0.12508003415082725,current,0,none,0,"interest_rate, current_balance",monitor,medium
L100434,0.3861510289728638,0.4372148397478476,0.12996117324317674,current,0,none,0,"interest_rate, current_balance",monitor,medium
L100434,0.38180577070153743,0.459337181861,0.1518765207188634,current,0,none,0,"interest_rate, current_balance",monitor,medium
L100434,0.38444145441144695,0.3963968305009239,0.42976823436321004,current,0,none,0,"interest_rate, current_balance",monitor,medium
L100434,0.38597344176040344,0.3933817804875094,0.15130264861385556,current,0,none,0,"interest_rate, current_balance",monitor,medium
L100434,0.3882161404721904,0.39149997886543936,0.38147303040110025,current,0,none,0,"interest_rate, current_balance",monitor,medium
L100434,0.3895852560711333,0.42088243085292654,0.11640351698928458,current,0,none,0,"interest_rate, current_balance",monitor,medium
L100434,0.3856495805866133,0.42128619199169975,0.12553377673831684,current,0,none,0,"interest_rate, current_balance",monitor,medium
L100434,0.3961163732609345,0.44705964148548977,0.13301212489421135,current,0,none,0,"interest_rate, current_balance",monitor,medium
L100434,0.38396102712290653,0.40380813150385414,0.11259631709223465,current,0,none,0,"interest_rate, current_balance",monitor,medium
L100436,0.5205681674904705,0.47676923985443825,0.13251344568563758,current,0,none,0,"interest_rate, current_balance",monitor,medium
L100436,0.5136060560562864,0.48216691260045946,0.13755912633250997,current,0,none,0,"interest_rate, current_balance",monitor,medium
L100436,0.43612420072593855,0.4685420896987206,0.13661201822829575,current,0,none,0,"interest_rate, current_balance",monitor,medium
L100436,0.5006355080012335,0.4724726546918731,0.12343793216569039,current,0,balance_increase_anomaly,1,"interest_rate, current_balance",monitor,medium
L100436,0.4920301910332544,0.4726008598418168,0.12203516528649484,current,0,balance_increase_anomaly,1,"interest_rate, current_balance",monitor,medium
L100436,0.48483230115523135,0.4616085763339879,0.3435424935961379,current,0,balance_increase_anomaly,1,"interest_rate, current_balance",monitor,medium
L100436,0.5060467619225882,0.45243973429416673,0.32884079415595946,current,0,balance_increase_anomaly,1,"interest_rate, current_balance",monitor,medium
L100436,0.49585522435883933,0.471331327970877,0.1286309361027969,current,0,balance_increase_anomaly,1,"interest_rate, current_balance",monitor,medium
L100436,0.47226074675706914,0.4698114394520425,0.11703805254273957,current,0,balance_increase_anomaly,1,"interest_rate, current_balance",monitor,medium
L100436,0.492294474462245,0.4636836556507088,0.2982348838765297,current,0,balance_increase_anomaly,1,"interest_rate, current_balance",monitor,medium
L100436,0.4680413706098199,0.4328367959273224,0.3037226376473297,current,0,balance_increase_anomaly,1,"interest_rate, current_balance",monitor,medium
L100436,0.4857416841557372,0.388039298221789,0.10989601549626658,current,0,balance_increase_anomaly,1,"interest_rate, current_balance",monitor,medium
L100439,0.2817496224887428,0.27305176928511204,0.11307251408919214,current,0,none,0,"interest_rate, current_balance",monitor,low
L100439,0.30393148425849337,0.29685353750543436,0.1200987766278358,current,0,none,0,"interest_rate, current_balance",monitor,low
L100439,0.25772747724750134,0.320524191963377,0.39123291217438355,current,0,none,0,"interest_rate, current_balance",monitor,medium
L100439,0.2839336514392996,0.3264454667469302,0.3807045569655331,current,0,none,0,"interest_rate, current_balance",monitor,medium
L100439,0.27635598849579374,0.33190650225781837,0.37521162625805105,current,0,none,0,"interest_rate, current_balance",monitor,medium
L100439,0.29564707001373786,0.281789965486832,0.149626723841876,current,0,none,0,"interest_rate, current_balance",monitor,low
L100439,0.2901978122120153,0.3198451378316942,0.3414927544562198,current,0,none,0,"interest_rate, current_balance",monitor,medium
L100439,0.2926120240251908,0.29746155078574543,0.395254258666518,current,0,none,0,"interest_rate, current_balance",monitor,low
L100439,0.3507233134474689,0.27763681004164037,0.15005807531325763,current,0,none,0,"interest_rate, current_balance",monitor,low
L100439,0.3510998425728777,0.2764178900946972,0.13866504764468834,current,0,none,0,"interest_rate, current_balance",monitor,low
L100439,0.33347186305787346,0.260395529079242,0.15185414415956575,current,0,none,0,"interest_rate, current_balance",monitor,low
L100439,0.30738400317209896,0.21311410173197753,0.1603495605976809,current,0,none,0,"interest_rate, current_balance",monitor,low
L100440,0.47217204292700077,0.463592088914365,0.15727173436229014,current,0,none,0,"interest_rate, current_balance",monitor,medium
L100440,0.48115733393348487,0.467517079654764,0.1631575313972319,current,0,none,0,"interest_rate, current_balance",monitor,medium
L100440,0.49452761315279836,0.47041689899757366,0.40043177077156095,current,0,none,0,"interest_rate, current_balance",monitor,medium
L100440,0.4795872432902204,0.472567690929603,0.14499991508123208,current,0,none,0,"interest_rate, current_balance",monitor,medium
L100440,0.49730558170025346,0.4740272197495839,0.15041412574724078,current,0,none,0,"interest_rate, current_balance",monitor,medium
L100440,0.49542386623504947,0.4659100096086876,0.14786197286709427,current,0,none,0,"interest_rate, current_balance",monitor,medium
L100440,0.5129830414815251,0.45902595848852346,0.37624754192675725,current,0,none,0,"interest_rate, current_balance",monitor,medium
L100440,0.5244984550250469,0.4688635503814422,0.3812580666827662,current,0,none,0,"interest_rate, current_balance",monitor,medium
L100440,0.5086168970704729,0.47298303876670883,0.3684982619075772,current,0,none,0,"interest_rate, current_balance",monitor,medium
L100440,0.49252913214054883,0.46089982480513614,0.13560763239316467,current,0,none,0,"interest_rate, current_balance",monitor,medium
L100440,0.4936038226451753,0.4429734719831679,0.1286630721081227,current,0,none,0,"interest_rate, current_balance",monitor,medium
L100440,0.4911049077790716,0.4030850340674548,0.14185972749123651,current,0,none,0,"interest_rate, current_balance",monitor,medium
L100443,0.43545228264274716,0.45012292228193784,0.15877821496444983,current,0,none,0,"interest_rate, current_balance",monitor,medium
L100443,0.3756660505012172,0.4998809992283939,0.244117154840076,current,0,none,0,"interest_rate, current_balance",monitor,medium
L100443,0.3910712102889841,0.4731527220713344,0.2536027879525722,current,0,balance_increase_anomaly,1,"interest_rate, current_balance",monitor,medium
L100443,0.4178691652336058,0.4524865536948105,0.2515443391500038,current,0,balance_increase_anomaly,1,"interest_rate, current_balance",monitor,medium
L100443,0.3940453923806704,0.45192014342368425,0.16749248861631555,current,0,balance_increase_anomaly,1,"interest_rate, current_balance",monitor,medium
L100443,0.3855904579137338,0.4333886329261885,0.14121946957333653,current,0,balance_increase_anomaly,1,"interest_rate, current_balance",monitor,medium
L100443,0.38783770608832435,0.44905187404695474,0.21439111330076732,current,0,balance_increase_anomaly,1,"interest_rate, current_balance",monitor,medium
L100443,0.3725422908312301,0.41127843477489673,0.13390438377867017,current,0,balance_increase_anomaly,1,"interest_rate, current_balance",monitor,medium
L100443,0.4051445236865805,0.4123498186945823,0.22627048075325823,current,0,balance_increase_anomaly,1,"interest_rate, current_balance",monitor,medium
L100443,0.38019969472839893,0.35826820130238235,0.1565743972268573,current,0,balance_increase_anomaly,1,"interest_rate, current_balance",monitor,medium
L100443,0.38138415376625834,0.35663049711744466,0.21785497959674538,current,0,balance_increase_anomaly,1,"interest_rate, current_balance",monitor,medium
L100443,0.3448267656473495,0.28911620922818426,0.14372447066033855,current,0,balance_increase_anomaly,1,"interest_rate, current_balance",monitor,low
L100456,0.4264276324128826,0.37020017299788144,0.13992393852057605,current,0,none,0,"interest_rate, current_balance",monitor,medium
L100456,0.439733566706203,0.37782553011769254,0.15425890187865843,current,0,none,0,"interest_rate, current_balance",monitor,medium
L100456,0.42885886703506004,0.36702153749917543,0.1447079734794902,current,0,none,0,"interest_rate, current_balance",monitor,medium
L100456,0.35750068680139724,0.32697923005433754,0.11126419114501784,current,0,none,0,"interest_rate, current_balance",monitor,medium
L100456,0.36755720468883807,0.3654728225839637,0.10533095133055088,current,0,none,0,"interest_rate, current_balance",monitor,medium
L100456,0.16106454125992897,0.11777309049209696,0.08437197489733693,unknown,0,none,0,"interest_rate, current_balance",monitor,low
L100460,0.33451030790503716,0.48303565966240086,0.38787584583346046,current,0,none,0,"interest_rate, current_balance",monitor,medium
L100460,0.31132726016124923,0.48016812574171003,0.16842715625937907,current,0,none,0,"interest_rate, current_balance",monitor,medium
L100460,0.29364895327371543,0.44938781401187555,0.3992941871454019,current,0,none,0,"interest_rate, current_balance",monitor,medium
L100460,0.30847534872931137,0.4528190375772766,0.3694987546377463,current,0,none,0,"interest_rate, current_balance",monitor,medium
L100460,0.3091481285776243,0.42928735014430863,0.1440877359955279,current,0,none,0,"interest_rate, current_balance",monitor,medium
L100460,0.3048437034784175,0.4117214981360748,0.3599830796046778,current,0,none,0,"interest_rate, current_balance",monitor,medium
L100460,0.2938290943406351,0.3661976356851501,0.12316071405006584,current,0,none,0,"interest_rate, current_balance",monitor,medium
L100460,0.30690282027287613,0.3852363051831571,0.13727832685642075,current,0,none,0,"interest_rate, current_balance",monitor,medium
L100460,0.29547037794946296,0.3947210385008047,0.12658767633569845,current,0,none,0,"interest_rate, current_balance",monitor,medium
L100460,0.2815172260336828,0.37509022950270915,0.12796649497441345,current,0,none,0,"interest_rate, current_balance",monitor,medium
L100460,0.29558028825728766,0.42672112578791305,0.32260384203008174,current,0,none,0,"interest_rate, current_balance",monitor,medium
L100460,0.3003246076942902,0.41121448795234844,0.3178294329021396,current,0,none,0,"interest_rate, current_balance",monitor,medium
L100461,0.39453209115614774,0.3583839555839622,0.24371438205419385,current,0,none,0,"interest_rate, current_balance",monitor,medium
L100461,0.3907900372803027,0.351628333862376,0.24974387745533277,current,0,none,0,"interest_rate, current_balance",monitor,medium
L100461,0.3658640883009241,0.3604331721856162,0.23350625367107972,current,0,none,0,"interest_rate, current_balance",monitor,medium
L100461,0.40369529504149887,0.3249823775915593,0.27132599407457164,current,0,none,0,"interest_rate, current_balance",monitor,medium
L100461,0.3730499349293102,0.32060218417608594,0.2370675567182812,current,0,none,0,"interest_rate, current_balance",monitor,medium
L100461,0.40448030342340957,0.30920713498217234,0.2544307395846028,current,0,none,0,"interest_rate, current_balance",monitor,medium
L100461,0.4048469511786038,0.2850914875946313,0.2825459120870839,current,0,none,0,"interest_rate, current_balance",monitor,low
L100461,0.40280268678416403,0.3026506987355247,0.24617919546708927,current,0,none,0,"interest_rate, current_balance",monitor,medium
L100461,0.3971996013691157,0.30248760160792776,0.23702521661802584,current,0,none,0,"interest_rate, current_balance",monitor,medium
L100461,0.3904174853307943,0.3020642659143206,0.28318910372687833,current,0,none,0,"interest_rate, current_balance",monitor,medium
L100461,0.3968325472172205,0.3025341310369841,0.41204537415841797,current,0,none,0,"interest_rate, current_balance",monitor,medium
L100461,0.3995255665235286,0.2669043047659007,0.40426068387174907,current,0,none,0,"interest_rate, current_balance",monitor,low
L100469,0.44566959444058124,0.42607159098354896,0.20171331752125718,current,0,none,0,"interest_rate, current_balance",monitor,medium
L100469,0.4434783678367691,0.43739091603968766,0.22179980951413128,current,0,none,0,"interest_rate, current_balance",monitor,medium
L100469,0.4266358240438772,0.44875156973737235,0.301863272746924,current,0,none,0,"interest_rate, current_balance",monitor,medium
L100469,0.4395517472527094,0.43613539962979975,0.20800015019773324,current,0,none,0,"interest_rate, current_balance",monitor,medium
L100469,0.43010235221633203,0.46073739245341166,0.300626352892621,current,0,none,0,"interest_rate, current_balance",monitor,medium
L100469,0.4416178640076448,0.45241585692648556,0.20325462417362195,current,0,none,0,"interest_rate, current_balance",monitor,medium
L100469,0.4299099675947401,0.4637342963450944,0.21809540432386915,current,0,none,0,"interest_rate, current_balance",monitor,medium
L100469,0.42697487096441816,0.47538441114893343,0.21742192628410573,current,0,none,0,"interest_rate, current_balance",monitor,medium
L100469,0.42160909840302013,0.45206094934236174,0.2378123218231489,current,0,balance_increase_anomaly,1,"interest_rate, current_balance",monitor,medium
L100469,0.41219580167998404,0.4553077353718597,0.18207533188258126,current,0,balance_increase_anomaly,1,"interest_rate, current_balance",monitor,medium
L100469,0.4207679201709529,0.4434765917794012,0.18669933974597222,current,0,balance_increase_anomaly,1,"interest_rate, current_balance",monitor,medium
L100469,0.41686680602070764,0.335750583509001,0.16752690373217655,current,0,balance_increase_anomaly,1,"interest_rate, current_balance",monitor,medium
L100475,0.4747694513465968,0.49645319356911294,0.2277342190668075,current,0,none,0,"interest_rate, current_balance",monitor,medium
L100475,0.47244253689344445,0.5213930121022693,0.23494466895185448,current,0,none,0,"interest_rate, current_balance",review,medium
L100475,0.460763359358525,0.49966764082723375,0.24330534341677026,current,0,none,0,"interest_rate, current_balance",monitor,medium
L100475,0.4955988544048581,0.5300413084521339,0.20655613964154834,current,0,none,0,"interest_rate, current_balance",review,medium
L100475,0.5149747835644598,0.5155714721858023,0.30781793956130943,current,0,none,0,"interest_rate, current_balance",review,medium
L100475,0.4808727506475252,0.49894722361063126,0.21730626197733216,current,0,none,0,"interest_rate, current_balance",monitor,medium
L100475,0.4925796721749731,0.4933186330349624,0.19309628935069434,current,0,none,0,"interest_rate, current_balance",monitor,medium
L100475,0.48683287948992454,0.5017493680364368,0.19970888449517663,current,0,none,0,"interest_rate, current_balance",review,medium
L100475,0.5006622671309432,0.49172706409634853,0.17966999173334317,current,0,none,0,"interest_rate, current_balance",monitor,medium
L100475,0.48281808726002584,0.4905217261682351,0.18962443067405835,current,0,none,0,"interest_rate, current_balance",monitor,medium
L100475,0.4735728264059813,0.4812812015939401,0.18269001788235956,current,0,none,0,"interest_rate, current_balance",monitor,medium
L100475,0.46725922600865827,0.40043920290232676,0.2598910368005587,current,0,none,0,"interest_rate, current_balance",monitor,medium
L100476,0.4189967952948555,0.4379965918149509,0.1461609354234038,current,0,none,0,"interest_rate, current_balance",monitor,medium
L100476,0.419324836873783,0.4303268187027522,0.15865822118960204,current,0,none,0,"interest_rate, current_balance",monitor,medium
L100476,0.42084634930400383,0.4267628191947741,0.14769825902502484,current,0,none,0,"interest_rate, current_balance",monitor,medium
L100476,0.4258995022224274,0.4345038061053711,0.3990091795774801,current,0,none,0,"interest_rate, current_balance",monitor,medium
L100476,0.428700015075859,0.4448441360894879,0.13109267073929728,current,0,none,0,"interest_rate, current_balance",monitor,medium
L100476,0.42896025033502166,0.4084500051005973,0.13957417818496795,current,0,none,0,"interest_rate, current_balance",monitor,medium
L100476,0.42502815797297916,0.4055927298482071,0.13437849339167834,current,0,none,0,"interest_rate, current_balance",monitor,medium
L100476,0.421735740950357,0.43534726544116137,0.4330689693235082,current,0,none,0,"interest_rate, current_balance",monitor,medium
L100476,0.42455055593748897,0.4369284618630802,0.1408374407450453,current,0,none,0,"interest_rate, current_balance",monitor,medium
L100476,0.4204763897569006,0.41580318255399246,0.14591520214047557,current,0,none,0,"interest_rate, current_balance",monitor,medium
L100476,0.4221533408680561,0.42438071420842466,0.14357141470343016,current,0,none,0,"interest_rate, current_balance",monitor,medium
L100476,0.43522988517318784,0.37100895557310076,0.1360287612737254,current,0,none,0,"interest_rate, current_balance",monitor,medium
L100481,0.4153463997902916,0.5198677076020882,0.1547697398797102,current,0,none,0,"interest_rate, current_balance",review,medium
L100481,0.4215199687580069,0.5240274469620227,0.17785417850768706,current,0,none,0,"interest_rate, current_balance",review,medium
L100481,0.39603384494868055,0.5117034887867824,0.1808545267303403,current,0,none,0,"interest_rate, current_balance",review,medium
L100481,0.40224063269496685,0.5173842792406508,0.18179877651067478,current,0,none,0,"interest_rate, current_balance",review,medium
L100481,0.46981322443455176,0.5401174647689957,0.2280656212202348,current,0,none,0,"interest_rate, current_balance",review,medium
L100481,0.3682055068115507,0.502159760319679,0.1812416152804542,current,0,none,0,"interest_rate, current_balance",review,medium
L100481,0.3605823877745553,0.5183816451912253,0.18695562897103524,current,0,none,0,"interest_rate, current_balance",review,medium
L100481,0.37753433339313963,0.5148745059957465,0.15716182956369093,current,0,none,0,"interest_rate, current_balance",review,medium
L100481,0.3412131236124857,0.4461398624708464,0.13620920080297047,delinquent_30_60,1,flagged_anomaly,1,"interest_rate, current_balance",monitor,medium
L100481,0.33578816026079006,0.45959530915422087,0.1425231340988832,current,1,flagged_anomaly,1,"interest_rate, current_balance",monitor,medium
L100481,0.3821099825506724,0.4897453672023903,0.20221504621085734,current,0,none,0,"interest_rate, current_balance",monitor,medium
L100481,0.3429163643323028,0.4393146790767821,0.17837208986614972,current,0,none,0,"interest_rate, current_balance",monitor,medium
L100486,0.5467457468384048,0.5846146470663537,0.325568773160895,current,0,none,0,"interest_rate, current_balance",review,medium
L100486,0.5176409496772834,0.5252124419296692,0.7116618562688134,current,0,none,0,"interest_rate, current_balance",review,medium
L100486,0.5038909380913847,0.5490364148188704,0.6707702089009822,current,0,none,0,"interest_rate, current_balance",review,medium
L100486,0.39894900235808683,0.5536846347886062,0.6327175071570359,current,0,none,0,"interest_rate, current_balance",review,medium
L100486,0.4016451660028995,0.5638316771147565,0.6270437039798317,current,0,none,0,"interest_rate, current_balance",review,medium
L100486,0.44248666744851267,0.5531033854169463,0.6256844390131906,current,0,none,0,"interest_rate, current_balance",review,medium
L100486,0.4456490734953435,0.544320250186522,0.6239162402856241,current,0,none,0,"interest_rate, current_balance",review,medium
L100486,0.4360281235313965,0.5453531476626792,0.6249006422771128,current,0,none,0,"interest_rate, current_balance",review,medium
L100486,0.42115822888343357,0.5556918329669447,0.6048895278125447,current,0,none,0,"interest_rate, current_balance",review,medium
L100486,0.4065513551422158,0.5464063180349072,0.601842339496661,current,0,none,0,"interest_rate, current_balance",review,medium
L100486,0.43005228132815243,0.5617996277958945,0.26148184770920896,current,0,none,0,"interest_rate, current_balance",review,medium
L100486,0.4320100133107141,0.49437055017460013,0.25595234803373923,current,0,none,0,"interest_rate, current_balance",monitor,medium
L100490,0.4957752596424523,0.4377880010974192,0.13311670476951967,current,0,none,0,"interest_rate, current_balance",monitor,medium
L100490,0.49402344028693895,0.43980878155169906,0.1367910294290299,current,0,none,0,"interest_rate, current_balance",monitor,medium
L100490,0.514802392540708,0.5050344246401292,0.3174066574923281,current,0,none,0,"interest_rate, current_balance",review,medium
L100490,0.5195507762018353,0.501489139743705,0.3126695287756762,current,0,none,0,"interest_rate, current_balance",review,medium
L100490,0.44844750703685804,0.3686822020487132,0.10689007272096651,delinquent_30_60,1,flagged_anomaly,1,"interest_rate, current_balance",monitor,medium
L100490,0.4176630718945818,0.43167566940572166,0.17310776590763008,delinquent_30_60,1,flagged_anomaly,1,"interest_rate, current_balance",monitor,medium
L100490,0.43084019326673795,0.45842770905640784,0.15653115065509032,current,0,none,0,"interest_rate, current_balance",monitor,medium
L100490,0.4687686845293891,0.49163583949921835,0.17704097300438518,current,0,none,0,"interest_rate, current_balance",monitor,medium
L100490,0.4853500713671597,0.33704534773180883,0.09031855934578173,current,0,balance_increase_anomaly,1,"interest_rate, current_balance",monitor,medium
L100490,0.4655564732971483,0.39109214327427755,0.21971326116077317,current,0,balance_increase_anomaly,1,"interest_rate, current_balance",monitor,medium
L100490,0.44247651190343484,0.3147789822912247,0.086411064481616,current,0,balance_increase_anomaly,1,"interest_rate, current_balance",monitor,medium
L100490,0.4813334579445176,0.27164727073681016,0.08819282722704241,current,0,balance_increase_anomaly,1,"interest_rate, current_balance",monitor,low
L100494,0.3765291486125379,0.5159882355061826,0.12001198376217981,current,0,none,0,"interest_rate, current_balance",review,medium
L100494,0.36812242512688204,0.4897849959480476,0.11367126164110111,current,0,none,0,"interest_rate, current_balance",monitor,medium
L100494,0.36364506635130844,0.511048246091277,0.12803715486920955,current,0,none,0,"interest_rate, current_balance",review,medium
L100494,0.35525586802321507,0.501168576275644,0.09232969458543176,current,0,none,0,"interest_rate, current_balance",review,medium
L100494,0.3713986061187014,0.5161043403007166,0.10734403693218388,current,0,none,0,"interest_rate, current_balance",review,medium
L100494,0.3884865360875661,0.5147085903745807,0.12091873329864875,current,0,none,0,"interest_rate, current_balance",review,medium
L100494,0.4236594264665962,0.5031549187340381,0.3338571696894209,current,0,none,0,"interest_rate, current_balance",review,medium
L100494,0.30126472817139033,0.47807151560730704,0.10227432542729713,current,0,none,0,"interest_rate, current_balance",monitor,medium
L100494,0.29865950317503587,0.47562772502451234,0.09534269165030085,current,0,none,0,"interest_rate, current_balance",monitor,medium
L100494,0.2948690582846023,0.48651238278674525,0.0887950064958075,current,0,none,0,"interest_rate, current_balance",monitor,medium
L100494,0.29006335130597305,0.4927543037003712,0.09563163860565345,current,0,none,0,"interest_rate, current_balance",monitor,medium
L100494,0.3107208241956526,0.4565032255728029,0.08908940241735136,current,0,none,0,"interest_rate, current_balance",monitor,medium
L100495,0.46381893119724943,0.49732655992006725,0.3627609314769987,current,0,none,0,"interest_rate, current_balance",monitor,medium
L100495,0.4670305058108907,0.45989031969093397,0.3843515551886658,current,0,none,0,"interest_rate, current_balance",monitor,medium
L100495,0.4968802917620516,0.4240144063113156,0.14337841402758003,current,0,none,0,"interest_rate, current_balance",monitor,medium
L100495,0.5022391437054712,0.3735618599355831,0.14128161829888236,current,0,none,0,"interest_rate, current_balance",monitor,medium
L100495,0.5212350780659675,0.4234040038721545,0.11516693145660481,current,0,none,0,"interest_rate, current_balance",monitor,medium
L100495,0.45743522332279346,0.3596123994506763,0.09266981201188282,current,0,none,0,"interest_rate, current_balance",monitor,medium
L100495,0.45397290664843837,0.3976173180661318,0.3546633587038533,current,0,none,0,"interest_rate, current_balance",monitor,medium
L100495,0.4914314882178964,0.36610094942244403,0.12597184078259668,current,0,none,0,"interest_rate, current_balance",monitor,medium
L100495,0.4801236309242721,0.3824275808843351,0.10968279123917896,current,0,none,0,"interest_rate, current_balance",monitor,medium
L100495,0.4982386065361205,0.41192849828114086,0.10968514966458003,current,0,none,0,"interest_rate, current_balance",monitor,medium
L100495,0.4616937829132135,0.36656835960167633,0.09858417700490757,current,0,none,0,"interest_rate, current_balance",monitor,medium
L100495,0.4576176143272673,0.31732177823299795,0.10224407471555348,current,0,none,0,"interest_rate, current_balance",monitor,medium
L100497,0.46112625416701575,0.4576492370244061,0.1134354914204062,current,0,none,0,"interest_rate, current_balance",monitor,medium
L100497,0.4470618388832704,0.5824384841281524,0.3038248447241352,current,0,none,0,"interest_rate, current_balance",review,medium
L100497,0.5162726940442613,0.45381167338301687,0.11261311900359959,current,0,none,0,"interest_rate, current_balance",monitor,medium
L100497,0.4977088869078703,0.44705645830093743,0.12345213142917061,current,0,none,0,"interest_rate, current_balance",monitor,medium
L100497,0.49782663214483186,0.4342043668482607,0.1308446520758799,current,0,none,0,"interest_rate, current_balance",monitor,medium
L100497,0.5101530379853634,0.431125080311377,0.1284744836247528,current,0,none,0,"interest_rate, current_balance",monitor,medium
L100497,0.5223596910516196,0.5581284867859101,0.28291410663903044,current,0,none,0,"interest_rate, current_balance",review,medium
L100497,0.550174630641543,0.42073515111688725,0.11406750985463833,current,0,none,0,"interest_rate, current_balance",monitor,medium
L100497,0.5006450873926895,0.4845650404321598,0.1947294016179278,delinquent_30_60,1,flagged_anomaly,1,"interest_rate, current_balance",monitor,medium
L100497,0.4823115214507675,0.40048075295906327,0.09104175431445313,unknown,1,flagged_anomaly,1,"interest_rate, current_balance",monitor,medium
L100502,0.43163305143119457,0.3788609129833228,0.3248582399939284,current,0,none,0,"interest_rate, current_balance",monitor,medium
L100502,0.4303293670703142,0.3676385142324037,0.24387720520829442,current,0,none,0,"interest_rate, current_balance",monitor,medium
L100502,0.4530627167387607,0.32715149344608396,0.34909092591375396,current,0,none,0,"interest_rate, current_balance",monitor,medium
L100502,0.4474073163320107,0.3372250378501717,0.25704736686079305,current,0,none,0,"interest_rate, current_balance",monitor,medium
L100502,0.48329110550743215,0.3771270200124283,0.33837092851690137,current,0,none,0,"interest_rate, current_balance",monitor,medium
L100502,0.48644385344174984,0.33208870882352554,0.38801747538693576,current,0,none,0,"interest_rate, current_balance",monitor,medium
L100502,0.47498800064987384,0.30589644599400495,0.2658441337429359,current,0,none,0,"interest_rate, current_balance",monitor,medium
L100502,0.45190154618448314,0.34993755625432577,0.24860293225977553,current,0,none,0,"interest_rate, current_balance",monitor,medium
L100502,0.4525621850864259,0.3316030482878492,0.28322888704068,current,0,none,0,"interest_rate, current_balance",monitor,medium
L100502,0.4446221641233321,0.36444262810304284,0.24925829247152004,current,0,none,0,"interest_rate, current_balance",monitor,medium
L100502,0.3828286955266054,0.2521589730720226,0.16391471441977257,current,0,balance_increase_anomaly,1,"interest_rate, current_balance",monitor,low
L100502,0.3807194502073628,0.17175157080522652,0.19010128804697857,current,0,balance_increase_anomaly,1,"interest_rate, current_balance",monitor,low
L100519,0.45110984477445937,0.2670218611086738,0.25264414956312997,current,0,balance_increase_anomaly,1,"interest_rate, current_balance",monitor,low
L100519,0.4237876444810688,0.2734914741644435,0.2567259361230296,current,0,balance_increase_anomaly,1,"interest_rate, current_balance",monitor,low
L100519,0.41105824377894234,0.2432914993264346,0.25098744847552257,current,0,balance_increase_anomaly,1,"interest_rate, current_balance",monitor,low
L100519,0.41369791856764576,0.21262386058595864,0.0716338630869769,current,0,balance_increase_anomaly,1,"interest_rate, current_balance",monitor,low
L100519,0.4207260888358597,0.21870197820511764,0.22592422145350294,current,0,balance_increase_anomaly,1,"interest_rate, current_balance",monitor,low
L100519,0.43964455863446955,0.19070977614498366,0.08462913822436652,current,0,balance_increase_anomaly,1,"interest_rate, current_balance",monitor,low
L100519,0.4376485544124546,0.20063713329146074,0.09395481848747257,current,0,balance_increase_anomaly,1,"interest_rate, current_balance",monitor,low
L100519,0.435138607184499,0.17544643822029357,0.09284402441595718,current,0,balance_increase_anomaly,1,"interest_rate, current_balance",monitor,low
L100519,0.4351441740044202,0.17643331241943605,0.09058087948049731,current,0,balance_increase_anomaly,1,"interest_rate, current_balance",monitor,low
L100519,0.4303721920411447,0.20690342618210167,0.09261140604345791,current,1,balance_increase_anomaly,1,"interest_rate, current_balance",monitor,low
L100519,0.4323970849135454,0.20633975105157268,0.24494892433453425,current,0,balance_increase_anomaly,1,"interest_rate, current_balance",monitor,low
L100519,0.3972051129843934,0.19252259510020275,0.07432589827014627,current,1,balance_increase_anomaly,1,"interest_rate, current_balance",monitor,low
L100520,0.47957229819012154,0.4126526245376232,0.11697869202591661,current,0,none,0,"interest_rate, current_balance",monitor,medium
L100520,0.44974424197826124,0.38566812777626774,0.09817443446885388,current,0,none,0,"interest_rate, current_balance",monitor,medium
L100520,0.4493574715487142,0.4052736836641828,0.09691257533579704,current,0,none,0,"interest_rate, current_balance",monitor,medium
L100520,0.492769859466068,0.4090862514894837,0.11323830560079823,current,0,none,0,"interest_rate, current_balance",monitor,medium
L100520,0.5033048593908489,0.424020725686461,0.11786574116035249,current,0,none,0,"interest_rate, current_balance",monitor,medium
L100520,0.5164660048379198,0.43937787012915114,0.1302575437389267,current,0,none,0,"interest_rate, current_balance",monitor,medium
L100520,0.5147678534741846,0.48737102207202687,0.30477807634379245,current,0,none,0,"interest_rate, current_balance",monitor,medium
L100520,0.5056188087903202,0.4497824525696509,0.11820139646228775,current,0,none,0,"interest_rate, current_balance",monitor,medium
L100520,0.5099050193784826,0.47214637415135274,0.23065554199269372,current,0,none,0,"interest_rate, current_balance",monitor,medium
L100520,0.5024401437375791,0.4112447017330645,0.10197359506404932,current,0,none,0,"interest_rate, current_balance",monitor,medium
L100520,0.4998521287339534,0.3989743914871809,0.09879532615218248,current,0,none,0,"interest_rate, current_balance",monitor,medium
L100520,0.48676179103323025,0.36675710569996733,0.10094385182902717,current,0,none,0,"interest_rate, current_balance",monitor,medium
L100521,0.5522963911729777,0.5574454902598738,0.12446189678666085,current,0,none,0,"interest_rate, current_balance",review,medium
L100521,0.5489705872886662,0.5489887023933075,0.1284731746753435,current,0,none,0,"interest_rate, current_balance",review,medium
L100521,0.551839818952498,0.5317558455207501,0.1074006271058231,current,0,none,0,"interest_rate, current_balance",review,medium
L100521,0.565068692939968,0.5424132199605982,0.09319743419706128,current,0,none,0,"interest_rate, current_balance",review,medium
L100521,0.5446568182237366,0.5416049955007276,0.10003138142674509,current,0,none,0,"interest_rate, current_balance",review,medium
L100521,0.4958753707911629,0.500231661021941,0.08770933941340249,unknown,1,flagged_anomaly,1,"interest_rate, current_balance",review,medium
L100524,0.4586117913989881,0.47262927260055865,0.36553112970007584,current,0,none,0,"interest_rate, current_balance",monitor,medium
L100524,0.45153504479683354,0.4999847900956478,0.12316512942338562,current,0,none,0,"interest_rate, current_balance",monitor,medium
L100524,0.44783095900026304,0.46328132553135665,0.13274083854645383,current,0,none,0,"interest_rate, current_balance",monitor,medium
L100524,0.47873151483123155,0.43901173980886465,0.3919146730654359,current,0,none,0,"interest_rate, current_balance",monitor,medium
L100524,0.4834794999732232,0.4924953598172522,0.11052430669401427,current,0,none,0,"interest_rate, current_balance",monitor,medium
L100524,0.37870527962892403,0.41463678099192514,0.11154470270160959,current,0,none,0,"interest_rate, current_balance",monitor,medium
L100524,0.42867746076816854,0.43760346704905023,0.10129435656700254,current,0,none,0,"interest_rate, current_balance",monitor,medium
L100524,0.42432181640994143,0.441682213100885,0.1168147906468968,current,0,none,0,"interest_rate, current_balance",monitor,medium
L100524,0.374241671023408,0.4244837319940587,0.11869763104350244,current,0,none,0,"interest_rate, current_balance",monitor,medium
L100524,0.3964577691652738,0.42456936118842237,0.30756395253738095,current,0,none,0,"interest_rate, current_balance",monitor,medium
L100524,0.3863351632248644,0.4149149698652561,0.10809136481218573,current,0,none,0,"interest_rate, current_balance",monitor,medium
L100524,0.36633337087879664,0.40747551376574553,0.29919249991048164,current,0,none,0,"interest_rate, current_balance",monitor,medium
L100529,0.4253008149408258,0.4052566382579746,0.22454711904339428,current,0,none,0,"interest_rate, current_balance",monitor,medium
L100529,0.4083498232870824,0.42245457450796553,0.22886256576762923,current,0,none,0,"interest_rate, current_balance",monitor,medium
L100529,0.4103320372763582,0.3902866488478936,0.21034988861050571,current,0,none,0,"interest_rate, current_balance",monitor,medium
L100529,0.400372430825974,0.37521757512594645,0.18817302177447864,current,0,none,0,"interest_rate, current_balance",monitor,medium
L100529,0.3821923098369929,0.36969438969204926,0.15337915776910543,current,0,none,0,"interest_rate, current_balance",monitor,medium
L100529,0.40817435568953625,0.37485855984547556,0.15807755709119217,current,0,none,0,"interest_rate, current_balance",monitor,medium
L100529,0.39595052258609553,0.3849540505461332,0.1408708725497545,current,0,none,0,"interest_rate, current_balance",monitor,medium
L100529,0.41593210210274845,0.40051725682157163,0.23766554657197844,current,0,none,0,"interest_rate, current_balance",monitor,medium
L100529,0.4066010039266649,0.40317259939711536,0.14614974973545755,current,0,none,0,"interest_rate, current_balance",monitor,medium
L100529,0.3894190536293847,0.3882992256236634,0.1484144410347006,current,0,none,0,"interest_rate, current_balance",monitor,medium
L100529,0.39612579746040705,0.3689848908541166,0.13753276972589634,current,0,none,0,"interest_rate, current_balance",monitor,medium
L100529,0.39679835055054247,0.325119662578113,0.13986146772659427,current,0,none,0,"interest_rate, current_balance",monitor,medium
L100535,0.2909196094397093,0.31582448834308086,0.18836197935309054,current,0,none,0,"interest_rate, current_balance",monitor,medium
L100535,0.25458029981778674,0.3246326960566526,0.15022372979128423,current,0,none,0,"interest_rate, current_balance",monitor,medium
L100535,0.26422692299218253,0.3378543591003363,0.21145523594062013,current,0,none,0,"interest_rate, current_balance",monitor,medium
L100535,0.2653353683609544,0.3206684799760039,0.11654986002078348,current,0,none,0,"interest_rate, current_balance",monitor,medium
L100535,0.2606915291872903,0.3466302305367785,0.13902583350372175,current,0,none,0,"interest_rate, current_balance",monitor,medium
L100535,0.2746625919233038,0.3261675953893986,0.2080521598640223,current,0,none,0,"interest_rate, current_balance",monitor,medium
L100535,0.28672344560644736,0.3147404570109459,0.10887255505154106,current,0,none,0,"interest_rate, current_balance",monitor,medium
L100535,0.2955064430755445,0.3099492594591404,0.09710607999844595,current,0,none,0,"interest_rate, current_balance",monitor,medium
L100535,0.2986327132575182,0.2960574929347086,0.07017438381026375,current,0,none,0,"interest_rate, current_balance",monitor,low
L100535,0.2860190135603363,0.37297188058748965,0.151533956672083,current,0,none,0,"interest_rate, current_balance",monitor,medium
L100535,0.26785970615094223,0.3088146697408341,0.1138439293886048,current,0,none,0,"interest_rate, current_balance",monitor,medium
L100535,0.26617985043419984,0.31840149218995945,0.1353613306844379,current,0,none,0,"interest_rate, current_balance",monitor,medium
L100537,0.4190914753285628,0.44748514982529086,0.2791000064277486,current,0,none,0,"interest_rate, current_balance",monitor,medium
L100537,0.4960330871070779,0.5119080063696924,0.3379299022407658,current,0,none,0,"interest_rate, current_balance",review,medium
L100537,0.5056822442022363,0.5842460268636603,0.34570396073791776,current,0,none,0,"interest_rate, current_balance",review,medium
L100537,0.5352196934012132,0.5612022871339762,0.3421208120571349,current,0,none,0,"interest_rate, current_balance",review,medium
L100537,0.5562159508013174,0.5155739524455182,0.1726580425474159,delinquent_30_60,0,severe_delinquency,1,"interest_rate, current_balance",review,medium
L100537,0.5830604843311755,0.5214077887009728,0.19199149544116967,current,0,none,0,"interest_rate, current_balance",review,medium
L100537,0.5694327902783148,0.517704720222513,0.21810318681779914,current,0,none,0,"interest_rate, current_balance",review,medium
L100537,0.5433119999364066,0.5377809027137853,0.24398328028468502,current,0,none,0,"interest_rate, current_balance",review,medium
L100537,0.363701609922231,0.3616084162525544,0.14935746155897323,current,0,balance_increase_anomaly,1,"interest_rate, current_balance",monitor,medium
L100537,0.4916839910019694,0.4767197753791525,0.266279103080337,current,0,none,0,"interest_rate, current_balance",monitor,medium
L100537,0.4928453747076719,0.4652771776225136,0.2781448586593319,current,0,none,0,"interest_rate, current_balance",monitor,medium
L100537,0.4729358141424592,0.3895652556138463,0.20956971268069538,delinquent_30_60,1,flagged_anomaly,1,"interest_rate, current_balance",monitor,medium
L100539,0.44116348306155845,0.48849567240738184,0.3357152547611509,current,0,none,0,"interest_rate, current_balance",monitor,medium
L100539,0.4165637492986958,0.46662115789780123,0.24002752153790605,current,0,none,0,"interest_rate, current_balance",monitor,medium
L100539,0.4112051581469328,0.4677708459637686,0.2110271178947308,current,0,none,0,"interest_rate, current_balance",monitor,medium
L100539,0.44931658551260606,0.49411698768958984,0.3043649383247323,current,0,none,0,"interest_rate, current_balance",monitor,medium
L100539,0.41461203197746,0.4664821295947429,0.16687437977979408,current,0,none,0,"interest_rate, current_balance",monitor,medium
L100539,0.4094258688197108,0.4528908368605763,0.16286295509014914,current,0,none,0,"interest_rate, current_balance",monitor,medium
L100539,0.453528233359868,0.46660606888913664,0.25659120306572797,current,0,none,0,"interest_rate, current_balance",monitor,medium
L100539,0.36466138539587606,0.431493266462619,0.16273440317897897,current,0,none,0,"interest_rate, current_balance",monitor,medium
L100539,0.41348909401318545,0.44401608159541517,0.22379218686765162,current,0,none,0,"interest_rate, current_balance",monitor,medium
L100539,0.3544366786045367,0.43509503547727796,0.15210511492280487,current,0,none,0,"interest_rate, current_balance",monitor,medium
L100539,0.34774328344909006,0.42005702766475767,0.13418562824510932,current,0,none,0,"interest_rate, current_balance",monitor,medium
L100539,0.33168567305747254,0.39218182201242174,0.12476037325585242,current,0,none,0,"interest_rate, current_balance",monitor,medium
L100545,0.4873663764852346,0.5984470714715034,0.08360322507441527,current,0,none,0,"interest_rate, current_balance",review,medium
L100545,0.45865075985094905,0.621864679998989,0.12800471880983819,current,0,none,0,"interest_rate, current_balance",review,medium
L100545,0.4322072983503565,0.6064257887000862,0.1195692207816451,current,0,none,0,"interest_rate, current_balance",review,medium
L100545,0.46588077439472814,0.6037242261603589,0.2682651874273252,current,0,none,0,"interest_rate, current_balance",review,medium
L100545,0.44639673493090065,0.605823755612411,0.11710673582866458,current,0,none,0,"interest_rate, current_balance",review,medium
L100545,0.49607060092739963,0.5989086880114551,0.09587643246638007,current,0,none,0,"interest_rate, current_balance",review,medium
L100545,0.5341491051961766,0.5826566778372184,0.09213958650090971,current,0,none,0,"interest_rate, current_balance",review,medium
L100545,0.5268769799078336,0.5753529316241902,0.22190458390324172,current,0,none,0,"interest_rate, current_balance",review,medium
L100545,0.5303966236859237,0.5691793530000395,0.21132577547066766,current,0,none,0,"interest_rate, current_balance",review,medium
L100545,0.49156235383224406,0.5850566286451915,0.09860969598814763,current,0,none,0,"interest_rate, current_balance",review,medium
L100545,0.4727665909207543,0.5460467164928545,0.08346824540121367,current,0,none,0,"interest_rate, current_balance",review,medium
L100545,0.4968907398560913,0.5164548647875382,0.0785384761118019,current,0,none,0,"interest_rate, current_balance",review,medium
L100549,0.4026117465120537,0.4109223740401802,0.09563716410121884,current,0,none,0,"interest_rate, current_balance",monitor,medium
L100549,0.37427437207580067,0.4845309468722857,0.27131991218711515,current,0,none,0,"interest_rate, current_balance",monitor,medium
L100549,0.35577190829575756,0.4618012143141534,0.13182694728854844,current,0,none,0,"interest_rate, current_balance",monitor,medium
L100549,0.3895045950905781,0.49306870476551157,0.1995415735733067,current,0,none,0,"interest_rate, current_balance",monitor,medium
L100549,0.3595660472533093,0.4941231441116505,0.20925398142368318,current,0,none,0,"interest_rate, current_balance",monitor,medium
L100549,0.3592826712680365,0.468441066464896,0.10626936357321498,current,0,none,0,"interest_rate, current_balance",monitor,medium
L100549,0.4107306272100177,0.45346889653384637,0.07774706115383831,current,0,none,0,"interest_rate, current_balance",monitor,medium
L100549,0.39358708285019567,0.4799383481429111,0.20749897675191334,current,0,none,0,"interest_rate, current_balance",monitor,medium
L100549,0.39301509032238047,0.4755402513715515,0.1706810808902125,current,0,none,0,"interest_rate, current_balance",monitor,medium
L100549,0.3449228331852478,0.4639768144415707,0.07560147750346163,current,0,none,0,"interest_rate, current_balance",monitor,medium
L100549,0.322873263816639,0.45657036901806275,0.06692847927218665,current,0,none,0,"interest_rate, current_balance",monitor,medium
L100549,0.3577877192946404,0.4336749724122747,0.17779015990943808,current,0,none,0,"interest_rate, current_balance",monitor,medium
L100550,0.32470793265992715,0.19436758659747944,0.6472294926710185,current,0,none,0,"interest_rate, current_balance",monitor,low
L100550,0.3061642891719376,0.18434268245820615,0.7154634392858995,current,0,none,0,"interest_rate, current_balance",monitor,low
L100550,0.38931907335589555,0.2639884615869333,0.4544154360948637,current,0,none,0,"interest_rate, current_balance",monitor,low
L100550,0.29088632823922994,0.18603290001785233,0.7556890959443898,current,0,none,0,"interest_rate, current_balance",monitor,low
L100550,0.274140420495107,0.19866204353564845,0.7365623100941062,current,0,none,0,"interest_rate, current_balance",monitor,low
L100550,0.3865895218463567,0.23696004602215145,0.4781377491379727,current,0,none,0,"interest_rate, current_balance",monitor,low
L100550,0.3725189349576498,0.24308508565795645,0.4393565683105182,current,0,none,0,"interest_rate, current_balance",monitor,low
L100550,0.27312598504165336,0.19040065873082468,0.7485553467266175,current,0,none,0,"interest_rate, current_balance",monitor,low
L100550,0.27986482651760575,0.21826230852553086,0.7246127258243029,current,0,none,0,"interest_rate, current_balance",monitor,low
L100550,0.2582725349776418,0.26038823654392146,0.6998241183886792,current,0,none,0,"interest_rate, current_balance",monitor,low
L100550,0.12294600352036662,0.1384075015127812,0.25122456341975,unknown,0,none,0,"interest_rate, current_balance",monitor,low
L100554,0.35051804008650284,0.47626503131629694,0.10698778279868461,current,0,none,0,"interest_rate, current_balance",monitor,medium
L100554,0.36692396595467075,0.4777488249916995,0.09842703425616182,current,0,none,0,"interest_rate, current_balance",monitor,medium
L100554,0.3718217249669586,0.4770722747254293,0.21798461695776514,current,0,none,0,"interest_rate, current_balance",monitor,medium
L100554,0.33824725107943554,0.42583764063279245,0.06276983706958872,delinquent_30_60,1,flagged_anomaly,1,"interest_rate, current_balance",monitor,medium
L100554,0.35955010088529976,0.41897120280000166,0.0590551275150835,delinquent_30_60,0,severe_delinquency,1,"interest_rate, current_balance",monitor,medium
L100554,0.3735412590718467,0.44878048806053555,0.07186179087424131,current,0,none,0,"interest_rate, current_balance",monitor,medium
L100554,0.37635494076241666,0.4540934995666243,0.06591422411743436,current,0,none,0,"interest_rate, current_balance",monitor,medium
L100554,0.39591410954851536,0.4795985472327042,0.06621630551787801,current,0,none,0,"interest_rate, current_balance",monitor,medium
L100554,0.3354134061333678,0.452496186841931,0.17519481845677512,current,0,none,0,"interest_rate, current_balance",monitor,medium
L100554,0.3396981425021897,0.4311249523408732,0.2008723177936708,current,0,none,0,"interest_rate, current_balance",monitor,medium
L100554,0.2971899196257958,0.366908940149179,0.15003939580638825,delinquent_30_60,1,flagged_anomaly,1,"interest_rate, current_balance",monitor,medium
L100554,0.30254430124025317,0.3260073369334344,0.052118061273218615,delinquent_30_60,1,flagged_anomaly,1,"interest_rate, current_balance",monitor,medium
L100559,0.5576940104836039,0.6144115458248524,0.320424166553173,current,0,none,0,"interest_rate, current_balance",review,medium
L100559,0.5407337979744059,0.6032059653480428,0.2230866450851687,current,0,none,0,"interest_rate, current_balance",review,medium
L100559,0.5387599072510274,0.5961424399154585,0.3479367691350623,current,0,none,0,"interest_rate, current_balance",review,medium
L100559,0.5775992010697336,0.6063019801363981,0.3233189325370135,current,0,none,0,"interest_rate, current_balance",review,medium
L100559,0.5786135236548057,0.6041416828301777,0.22152403384565417,current,0,none,0,"interest_rate, current_balance",review,medium
L100559,0.591790806872427,0.5928391070309308,0.21768856299461609,current,0,none,0,"interest_rate, current_balance",review,medium
L100559,0.5864560306920112,0.5870412221092494,0.21922244063646465,current,0,none,0,"interest_rate, current_balance",review,medium
L100559,0.5744215703561444,0.5924139813304433,0.32461375511529167,current,0,none,0,"interest_rate, current_balance",review,medium
L100559,0.5599382057304126,0.5754991060211219,0.1686628301170564,current,0,none,0,"interest_rate, current_balance",review,medium
L100559,0.5699591129229081,0.5864588717248214,0.28693954174717495,current,0,none,0,"interest_rate, current_balance",review,medium
L100559,0.5591629573091542,0.5876089914177407,0.17708098550188936,current,0,none,0,"interest_rate, current_balance",review,medium
L100559,0.5730904186584456,0.5139277781303115,0.26158832606589405,current,0,none,0,"interest_rate, current_balance",review,medium
L100560,0.354367218072073,0.46427166881217413,0.3188821700651241,current,0,none,0,"interest_rate, current_balance",monitor,medium
L100560,0.38694535553639303,0.4546519043847537,0.30306554487216514,current,0,none,0,"interest_rate, current_balance",monitor,medium
L100560,0.41845439985975474,0.45124278845068033,0.08086808223683047,current,0,none,0,"interest_rate, current_balance",monitor,medium
L100560,0.43016686137184856,0.43145791033418335,0.08564030223566721,current,0,none,0,"interest_rate, current_balance",monitor,medium
L100560,0.4128578894650107,0.4338078226659943,0.08102477987661835,current,0,none,0,"interest_rate, current_balance",monitor,medium
L100560,0.38307376289891065,0.4396492909473077,0.2553034798415228,current,0,none,0,"interest_rate, current_balance",monitor,medium
L100560,0.4251372069329598,0.42603473316655804,0.07057842587576461,current,0,none,0,"interest_rate, current_balance",monitor,medium
L100560,0.3992945575977694,0.44924108456250783,0.2496668484624238,current,0,none,0,"interest_rate, current_balance",monitor,medium
L100560,0.39236597949318086,0.4451734316393426,0.21880735271470086,current,0,none,0,"interest_rate, current_balance",monitor,medium
L100560,0.37366683101113873,0.4365125073385149,0.2017717726209737,current,0,none,0,"interest_rate, current_balance",monitor,medium
L100560,0.38629793670568446,0.46191954624325887,0.18092470011406847,current,0,none,0,"interest_rate, current_balance",monitor,medium
L100560,0.36495182111335095,0.3965465202473602,0.06887154145658143,current,0,none,0,"interest_rate, current_balance",monitor,medium
L100566,0.4674050303589334,0.5330142048206161,0.29928605061950164,current,0,none,0,"interest_rate, current_balance",review,medium
L100566,0.4757156718975681,0.5294549495943536,0.2543503360170437,current,0,none,0,"interest_rate, current_balance",review,medium
L100566,0.47166028571688456,0.5397696216248306,0.24155745072845378,current,0,none,0,"interest_rate, current_balance",review,medium
L100566,0.4782048121362083,0.5202388352938013,0.24415058724520483,current,0,none,0,"interest_rate, current_balance",review,medium
L100566,0.46774638261583884,0.5158018097539189,0.24662802698087272,current,0,none,0,"interest_rate, current_balance",review,medium
L100566,0.4918556565346097,0.5507714170283642,0.32370339294717654,current,0,none,0,"interest_rate, current_balance",review,medium
L100566,0.4451781284489965,0.5238352185833672,0.223119786299854,current,0,none,0,"interest_rate, current_balance",review,medium
L100566,0.4680211527159336,0.5539257573293911,0.31274871312300656,current,0,none,0,"interest_rate, current_balance",review,medium
L100566,0.43135789629657606,0.5263738697641559,0.20459786450913225,current,0,none,0,"interest_rate, current_balance",review,medium
L100566,0.40189927134660736,0.5148553199567247,0.22291810115664384,current,0,none,0,"interest_rate, current_balance",review,medium
L100566,0.4351474230797292,0.5546268837781398,0.27957689257558144,current,0,none,0,"interest_rate, current_balance",review,medium
L100566,0.40449550491546105,0.40908027917734663,0.18353560346107972,current,0,none,0,"interest_rate, current_balance",monitor,medium
L100575,0.2619357807208678,0.3680264878784842,0.28733821370397017,current,0,none,0,"interest_rate, current_balance",monitor,medium
L100575,0.2932299353121221,0.38229454986634454,0.3120040779119025,current,0,none,0,"interest_rate, current_balance",monitor,medium
L100575,0.3129903649098219,0.39905126813107095,0.13014323068093725,current,0,none,0,"interest_rate, current_balance",monitor,medium
L100575,0.31802873994873326,0.4288874428586347,0.30100829957294917,current,0,none,0,"interest_rate, current_balance",monitor,medium
L100575,0.3224767109317341,0.43905663804605977,0.2949057215485841,current,0,none,0,"interest_rate, current_balance",monitor,medium
L100575,0.36493161066511576,0.3998321152939456,0.1275034585305391,current,0,none,0,"interest_rate, current_balance",monitor,medium
L100575,0.3401757257713498,0.43402081893581357,0.2811681997183506,current,0,none,0,"interest_rate, current_balance",monitor,medium
L100575,0.2856298070421476,0.3511951645821725,0.2688902216790287,current,0,none,0,"interest_rate, current_balance",monitor,medium
L100575,0.3507472289354851,0.3874670103322814,0.10555564405310515,current,0,none,0,"interest_rate, current_balance",monitor,medium
L100575,0.3197486372357531,0.34909709307587916,0.10774329005694801,current,0,none,0,"interest_rate, current_balance",monitor,medium
L100575,0.3135272837784489,0.3612876209642674,0.10617656194344262,current,0,none,0,"interest_rate, current_balance",monitor,medium
L100575,0.3278681031003605,0.3001628161956075,0.2789307227782085,current,0,none,0,"interest_rate, current_balance",monitor,medium
L100576,0.4400300056032376,0.4580296458831637,0.21938139679110605,current,0,none,0,"interest_rate, current_balance",monitor,medium
L100576,0.47154859958113016,0.504382794140697,0.34460336104097194,current,0,none,0,"interest_rate, current_balance",review,medium
L100576,0.47248450535701086,0.5173028548887599,0.3208568565187652,current,0,none,0,"interest_rate, current_balance",review,medium
L100576,0.4221323200470864,0.48836126655304063,0.14568750808860412,current,0,none,0,"interest_rate, current_balance",monitor,medium
L100576,0.4314072603119043,0.48836126655304063,0.13484029577026202,current,0,none,0,"interest_rate, current_balance",monitor,medium
L100576,0.43769708098491,0.4736787752608139,0.14680251723022822,current,0,none,0,"interest_rate, current_balance",monitor,medium
L100576,0.46362242971144296,0.4674835141143051,0.1462099824868516,current,0,none,0,"interest_rate, current_balance",monitor,medium
L100576,0.5026976817398154,0.4951282169348431,0.19691413524491744,current,0,none,0,"interest_rate, current_balance",monitor,medium
L100576,0.46795802935898007,0.48990513785106043,0.13085151002910234,current,0,none,0,"interest_rate, current_balance",monitor,medium
L100576,0.4889074537816313,0.49116705771070246,0.18945517373185994,current,0,none,0,"interest_rate, current_balance",monitor,medium
L100576,0.4673555535783034,0.47963010948928136,0.19308765840180325,current,0,none,0,"interest_rate, current_balance",monitor,medium
L100576,0.4712980950669306,0.44488974767158784,0.13342918386151512,current,0,none,0,"interest_rate, current_balance",monitor,medium
L100579,0.4683262239512922,0.5487633687262076,0.3920450588385583,current,0,none,0,"interest_rate, current_balance",review,medium
L100579,0.46919980701977615,0.5270828397643501,0.2853676029977828,current,0,none,0,"interest_rate, current_balance",review,medium
L100579,0.47419448964287386,0.5182467164358929,0.7593501879518185,current,0,none,0,"interest_rate, current_balance",review,medium
L100579,0.4854780742650329,0.5097825438774657,0.777247421941214,current,0,none,0,"interest_rate, current_balance",review,medium
L100579,0.47566368449760554,0.4808685075582392,0.634944919070196,current,0,balance_increase_anomaly,1,"interest_rate, current_balance",monitor,medium
L100579,0.474710889966546,0.4878275668052204,0.6300220253556363,current,0,balance_increase_anomaly,1,"interest_rate, current_balance",monitor,medium
L100579,0.47902508431103524,0.503107299029386,0.3273856473517362,current,0,balance_increase_anomaly,1,"interest_rate, current_balance",review,medium
L100579,0.4788838015665242,0.47346941957373434,0.6342137229370631,current,0,balance_increase_anomaly,1,"interest_rate, current_balance",monitor,medium
L100579,0.487418083912335,0.47352456428698153,0.6140696653702555,current,0,balance_increase_anomaly,1,"interest_rate, current_balance",monitor,medium
L100579,0.4799397809416151,0.4734060303246041,0.6376994162145792,current,0,balance_increase_anomaly,1,"interest_rate, current_balance",monitor,medium
L100579,0.4629959349888807,0.4454456051689957,0.6361870700335163,current,0,balance_increase_anomaly,1,"interest_rate, current_balance",monitor,medium
L100579,0.45624218486326434,0.40957025070762143,0.6359624620512828,current,0,balance_increase_anomaly,1,"interest_rate, current_balance",monitor,medium
L100588,0.485003684053047,0.6041478685187914,0.41061683874127025,current,0,none,0,"interest_rate, current_balance",review,medium
L100588,0.4258104761024044,0.5638376020864115,0.21814934182386675,current,0,none,0,"interest_rate, current_balance",review,medium
L100588,0.5121633268277347,0.5409242761674946,0.2923920994805389,current,0,balance_increase_anomaly,1,"interest_rate, current_balance",review,medium
L100588,0.5012403198504786,0.5328216072429819,0.28338804336294315,current,0,balance_increase_anomaly,1,"interest_rate, current_balance",review,medium
L100588,0.48366851930521887,0.5324258816426797,0.2606676791883191,current,0,balance_increase_anomaly,1,"interest_rate, current_balance",review,medium
L100588,0.5228914286379664,0.5259627974437735,0.2343450648788477,current,0,balance_increase_anomaly,1,"interest_rate, current_balance",review,medium
L100588,0.5305327458725198,0.532194243184817,0.25875534080735596,current,0,balance_increase_anomaly,1,"interest_rate, current_balance",review,medium
L100588,0.5154768355391824,0.5270424140709306,0.2848867325370271,current,0,balance_increase_anomaly,1,"interest_rate, current_balance",review,medium
L100588,0.5193680979919311,0.5610178648087079,0.3930166387823627,current,0,balance_increase_anomaly,1,"interest_rate, current_balance",review,medium
L100588,0.5116142773821007,0.5542621790409646,0.24468134044677736,current,0,balance_increase_anomaly,1,"interest_rate, current_balance",review,medium
L100588,0.5215360181050728,0.543849287533295,0.2670633920682631,current,0,balance_increase_anomaly,1,"interest_rate, current_balance",review,medium
L100588,0.4344325761693323,0.48368562197291626,0.16572250715188283,current,0,none,0,"interest_rate, current_balance",monitor,medium
L100599,0.3592069679364272,0.4108257269863862,0.11554351987971993,current,0,none,0,"interest_rate, current_balance",monitor,medium
L100599,0.3528386955023873,0.40078995673852713,0.3394018993349893,current,0,none,0,"interest_rate, current_balance",monitor,medium
L100599,0.3498199043167124,0.40561040882833654,0.11881182413661037,current,0,none,0,"interest_rate, current_balance",monitor,medium
L100599,0.3722102626042278,0.358995437151888,0.293768252704757,current,0,none,0,"interest_rate, current_balance",monitor,medium
L100599,0.3736770658780575,0.4034382105433061,0.11565670815488806,current,0,none,0,"interest_rate, current_balance",monitor,medium
L100599,0.37123719458188104,0.3347204182928995,0.3247245165128662,current,0,none,0,"interest_rate, current_balance",monitor,medium
L100599,0.2987701327035712,0.25150462480184194,0.053097510764374446,current,0,balance_increase_anomaly,1,"interest_rate, current_balance",monitor,low
L100599,0.2980766804924655,0.2488586594118243,0.06039668526509077,current,0,balance_increase_anomaly,1,"interest_rate, current_balance",monitor,low
L100599,0.2915597583602376,0.21641912069646446,0.15155439037294563,delinquent_30_60,1,balance_increase_anomaly,1,"interest_rate, current_balance",monitor,low
L100599,0.2628999114128407,0.29276815930809524,0.0484489878685178,unknown,1,flagged_anomaly,1,"interest_rate, current_balance",monitor,low
L100604,0.47092984291321954,0.48877697603799436,0.08063826553096412,current,0,none,0,"interest_rate, current_balance",monitor,medium
L100604,0.48110969110605073,0.5016084177897189,0.09929849973819777,current,0,none,0,"interest_rate, current_balance",review,medium
L100604,0.42017172317447976,0.5298491018258565,0.08223113115640918,current,0,none,0,"interest_rate, current_balance",review,medium
L100604,0.519155650453851,0.5052471556391305,0.09297641839844112,current,0,none,0,"interest_rate, current_balance",review,medium
L100604,0.49477716325210963,0.4739990433976465,0.08334392979432786,current,0,none,0,"interest_rate, current_balance",monitor,medium
L100604,0.5130095480762332,0.49628009976858484,0.24511555435681373,current,0,none,0,"interest_rate, current_balance",monitor,medium
L100604,0.4646944692348121,0.4896583307112411,0.07610165506739573,current,0,none,0,"interest_rate, current_balance",monitor,medium
L100604,0.5150495923516056,0.5039282990203011,0.07961403058950685,current,0,none,0,"interest_rate, current_balance",review,medium
L100604,0.4428441049317426,0.46874862482741897,0.07834350959053864,current,0,none,0,"interest_rate, current_balance",monitor,medium
L100604,0.4497267957876204,0.4581860884490356,0.07404942823079565,current,0,none,0,"interest_rate, current_balance",monitor,medium
L100604,0.45612020128476294,0.4403003654137738,0.21512635821836668,current,0,none,0,"interest_rate, current_balance",monitor,medium
L100604,0.4211890224100818,0.35912411064639405,0.07489183656217137,current,0,none,0,"interest_rate, current_balance",monitor,medium
L100605,0.3545072170502639,0.4202989277529909,0.7752852006182219,current,0,none,0,"interest_rate, current_balance",monitor,medium
L100605,0.34138312922932457,0.41195495713371794,0.724553704922476,current,0,none,0,"interest_rate, current_balance",monitor,medium
L100605,0.33464131675632863,0.4206374249829839,0.7587744485934005,current,0,none,0,"interest_rate, current_balance",monitor,medium
L100605,0.35261208824118323,0.4323648601297911,0.7599092016187224,current,0,none,0,"interest_rate, current_balance",monitor,medium
L100605,0.34142774065314874,0.4275920127090589,0.7185822151296917,current,0,none,0,"interest_rate, current_balance",monitor,medium
L100605,0.32731636724719915,0.4416172430279633,0.6884258732967748,current,0,none,0,"interest_rate, current_balance",monitor,medium
L100605,0.3138480008848802,0.44243410891269236,0.7192084591365687,current,0,none,0,"interest_rate, current_balance",monitor,medium
L100605,0.3094532039919244,0.45421987645599804,0.6296858504501166,current,0,none,0,"interest_rate, current_balance",monitor,medium
L100605,0.31021012743213466,0.4424764455358465,0.7092003003853936,current,0,none,0,"interest_rate, current_balance",monitor,medium
L100605,0.299546643911766,0.4277633792319937,0.6714776340441106,current,0,none,0,"interest_rate, current_balance",monitor,medium
L100605,0.3024986571724247,0.42675481929145764,0.6369644214165789,current,0,none,0,"interest_rate, current_balance",monitor,medium
L100605,0.3386104998624076,0.417061863678599,0.14278272644297027,current,0,none,0,"interest_rate, current_balance",monitor,medium
L100607,0.37689445730118537,0.40449696882358216,0.2368566309730672,current,0,none,0,"interest_rate, current_balance",monitor,medium
L100607,0.3584066863133468,0.4139781349516503,0.25893075582195607,current,0,none,0,"interest_rate, current_balance",monitor,medium
L100607,0.3540569504328596,0.37894894331271806,0.1555285742361434,current,0,none,0,"interest_rate, current_balance",monitor,medium
L100607,0.3510736164418727,0.4127200266579925,0.18607280162701575,current,0,none,0,"interest_rate, current_balance",monitor,medium
L100607,0.3105750290887393,0.3663645832099609,0.15046521599763296,current,0,none,0,"interest_rate, current_balance",monitor,medium
L100607,0.3546308120457106,0.4153639908897443,0.22356580873473472,current,0,none,0,"interest_rate, current_balance",monitor,medium
L100607,0.37149561605180664,0.3831041705826195,0.11622057958655758,current,0,none,0,"interest_rate, current_balance",monitor,medium
L100607,0.363026899531997,0.4137243330103253,0.21130240426683725,current,0,none,0,"interest_rate, current_balance",monitor,medium
L100607,0.36579987757893934,0.42182126733841113,0.12395864183321173,current,0,none,0,"interest_rate, current_balance",monitor,medium
L100607,0.3696786685638715,0.45676418190399376,0.1706203048756345,current,0,none,0,"interest_rate, current_balance",monitor,medium
L100607,0.36443464498747613,0.46088188007640296,0.12157147362873237,current,0,none,0,"interest_rate, current_balance",monitor,medium
L100607,0.35701871593364387,0.40745433364412537,0.12629122877252347,current,0,none,0,"interest_rate, current_balance",monitor,medium
L100612,0.2022244847004527,0.3276920730677868,0.8236517082776661,current,0,none,0,"interest_rate, current_balance",monitor,medium
L100612,0.18826355731423522,0.3054668919019583,0.826881055379906,current,0,none,0,"interest_rate, current_balance",monitor,medium
L100612,0.18783358853277318,0.32506281958309197,0.8226493762178038,current,0,none,0,"interest_rate, current_balance",monitor,medium
L100612,0.179986622757352,0.2943420095835906,0.8066287618812508,current,0,none,0,"interest_rate, current_balance",monitor,low
L100612,0.1792469601083878,0.29287874297388966,0.7591559505869692,current,0,none,0,"interest_rate, current_balance",monitor,low
L100612,0.09593555087676785,0.10171030425967058,0.2966283598224627,unknown,0,none,0,"interest_rate, current_balance",monitor,low
L100622,0.5160746690159086,0.4790921254961007,0.2664375367219047,current,0,none,0,"interest_rate, current_balance",monitor,medium
L100622,0.5117354368481087,0.48312625770982814,0.3442437525051036,current,0,none,0,"interest_rate, current_balance",monitor,medium
L100622,0.5097927047565404,0.4904766529336837,0.24200776348275174,current,0,none,0,"interest_rate, current_balance",monitor,medium
L100622,0.524051374974478,0.4875204204994419,0.23994881639904045,current,0,none,0,"interest_rate, current_balance",monitor,medium
L100622,0.5190291294272401,0.5025586117200365,0.22149916267193637,current,0,none,0,"interest_rate, current_balance",review,medium
L100622,0.5089265651818468,0.4837071538559731,0.23095931107390374,current,0,none,0,"interest_rate, current_balance",monitor,medium
L100622,0.5224321427833731,0.48084900419494936,0.2295953241128448,current,0,none,0,"interest_rate, current_balance",monitor,medium
L100622,0.5219189248016589,0.4866962883362452,0.22629107143303842,current,0,none,0,"interest_rate, current_balance",monitor,medium
L100622,0.5199320710550958,0.4986625349992265,0.1923121381716957,current,0,none,0,"interest_rate, current_balance",monitor,medium
L100622,0.5214710308813175,0.488878410791778,0.17722616071077865,current,0,none,0,"interest_rate, current_balance",monitor,medium
L100622,0.5212039491422457,0.47431574737458637,0.2552182606683855,current,0,none,0,"interest_rate, current_balance",monitor,medium
L100622,0.5218349786495999,0.4309412275095537,0.18166639081176958,current,0,none,0,"interest_rate, current_balance",monitor,medium
L100629,0.11682356621806399,0.09126502918397088,0.05824738401631433,unknown,0,none,0,"interest_rate, current_balance",monitor,low
L100636,0.4176186569091383,0.3701384832855685,0.32330063245589347,current,0,none,0,"interest_rate, current_balance",monitor,medium
L100636,0.37959304078448375,0.4193932448646212,0.32236356100485214,current,0,none,0,"interest_rate, current_balance",monitor,medium
L100636,0.42550557396839833,0.3978539373233667,0.4312119934274345,current,0,none,0,"interest_rate, current_balance",monitor,medium
L100636,0.43160781582261765,0.4028958609014562,0.3113510005284828,current,0,none,0,"interest_rate, current_balance",monitor,medium
L100636,0.41708137073941526,0.3788022299081003,0.3627019272207988,current,0,none,0,"interest_rate, current_balance",monitor,medium
L100636,0.44225749222508803,0.3768493040492494,0.34238003797662947,current,0,none,0,"interest_rate, current_balance",monitor,medium
L100636,0.4418096145474051,0.34087080752285925,0.3786965845219732,current,0,none,0,"interest_rate, current_balance",monitor,medium
L100636,0.44820076586233226,0.34441565074309033,0.3829520820492433,current,0,none,0,"interest_rate, current_balance",monitor,medium
L100636,0.44919498610522596,0.3727946483321705,0.38402622516852314,current,0,none,0,"interest_rate, current_balance",monitor,medium
L100636,0.41565028858570036,0.36183457671956276,0.48489910304330586,current,0,none,0,"interest_rate, current_balance",monitor,medium
L100636,0.4494712535882833,0.3505199808647474,0.3522413425046179,current,0,none,0,"interest_rate, current_balance",monitor,medium
L100636,0.4725016034683737,0.292468101275004,0.3386192816199079,current,0,none,0,"interest_rate, current_balance",monitor,low
L100639,0.4363005238820792,0.4511551398235192,0.2508380551799159,current,0,none,0,"interest_rate, current_balance",monitor,medium
L100639,0.4524058636035124,0.48895483463553346,0.2567613261633335,current,0,none,0,"interest_rate, current_balance",monitor,medium
L100639,0.4567283810369884,0.5245902596845401,0.2378131872862385,current,0,none,0,"interest_rate, current_balance",review,medium
L100639,0.4821259960068673,0.5162192354202697,0.2446340607474628,current,0,none,0,"interest_rate, current_balance",review,medium
L100639,0.49843948628576185,0.5238264307319462,0.3342178869108347,current,0,none,0,"interest_rate, current_balance",review,medium
L100639,0.50244487479919,0.5221588468101053,0.325313663817691,current,0,none,0,"interest_rate, current_balance",review,medium
L100639,0.5052385266576797,0.5164236705820607,0.3318537797243563,current,0,none,0,"interest_rate, current_balance",review,medium
L100639,0.4920073777479616,0.5145019437686794,0.2278804018776196,current,0,none,0,"interest_rate, current_balance",review,medium
L100639,0.4934308106337887,0.5055374715439018,0.21620886365385128,current,0,none,0,"interest_rate, current_balance",review,medium
L100639,0.4996969407923723,0.5108704781919127,0.3128277676735429,current,0,none,0,"interest_rate, current_balance",review,medium
L100639,0.4999502750460426,0.5074821651636999,0.3092667669468995,current,0,none,0,"interest_rate, current_balance",review,medium
L100639,0.12003884083743302,0.11421491475966505,0.26248234106496304,unknown,0,none,0,"interest_rate, current_balance",monitor,low
L100645,0.4950072782379969,0.5228165847144556,0.46353310156168637,current,0,none,0,"interest_rate, current_balance",review,medium
L100645,0.45859799472586604,0.46558123630401327,0.09457715048483065,delinquent_30_60,1,flagged_anomaly,1,"interest_rate, current_balance",monitor,medium
L100645,0.47378206993555333,0.5156657107584682,0.31793449780779465,unknown,0,severe_delinquency,1,"interest_rate, current_balance",review,medium
L100646,0.29440290105795197,0.4644063406183713,0.3355938556753552,current,0,none,0,"interest_rate, current_balance",monitor,medium
L100646,0.27235720058435636,0.4861010208769135,0.15931960980413487,current,0,none,0,"interest_rate, current_balance",monitor,medium
L100646,0.25749758931592515,0.48703438850974656,0.14535826683759384,current,0,none,0,"interest_rate, current_balance",monitor,medium
L100646,0.25075665297332067,0.4713403573204643,0.3382561466722963,current,0,none,0,"interest_rate, current_balance",monitor,medium
L100646,0.24517312786557563,0.46642679159526146,0.31606613350459284,current,0,none,0,"interest_rate, current_balance",monitor,medium
L100646,0.25636577701282853,0.4462734424166064,0.11819627521276894,current,0,none,0,"interest_rate, current_balance",monitor,medium
L100646,0.2587088468386807,0.4278170159156803,0.09260446676680778,current,0,none,0,"interest_rate, current_balance",monitor,medium
L100646,0.2651945694805553,0.4346159810926087,0.30251349324165966,current,0,none,0,"interest_rate, current_balance",monitor,medium
L100646,0.25577913137966735,0.4641508336695883,0.10179163004132227,current,0,none,0,"interest_rate, current_balance",monitor,medium
L100646,0.248583839104241,0.44124669001468203,0.2687451240456249,current,0,none,0,"interest_rate, current_balance",monitor,medium
L100646,0.24985372645449136,0.44092080093302183,0.24649530011029247,current,0,none,0,"interest_rate, current_balance",monitor,medium
L100646,0.22125664366113304,0.39108243278333,0.09627802585576399,current,0,none,0,"interest_rate, current_balance",monitor,medium
L100647,0.3613530172985615,0.38061634004685907,0.34199928469686486,current,0,none,0,"interest_rate, current_balance",monitor,medium
L100647,0.3328500194700083,0.37863413399511625,0.13916793118350457,current,0,none,0,"interest_rate, current_balance",monitor,medium
L100647,0.3273450756083867,0.3861290429422148,0.13511840951265291,current,0,none,0,"interest_rate, current_balance",monitor,medium
L100647,0.3293034329232563,0.384332891515001,0.12014765391544505,current,0,none,0,"interest_rate, current_balance",monitor,medium
L100647,0.3194662149496345,0.4054961538693889,0.3128988612878616,current,0,none,0,"interest_rate, current_balance",monitor,medium
L100647,0.31746604252381566,0.36344184676751556,0.3288957204168275,current,0,none,0,"interest_rate, current_balance",monitor,medium
L100647,0.33985409556293106,0.34947275346656637,0.10654830466634047,current,0,none,0,"interest_rate, current_balance",monitor,medium
L100647,0.32268114781157176,0.3287391676113037,0.1224622474147504,current,0,none,0,"interest_rate, current_balance",monitor,medium
L100647,0.33398304434547577,0.33872614450743704,0.11737752127881604,current,0,none,0,"interest_rate, current_balance",monitor,medium
L100647,0.3086460396942867,0.31377144278340013,0.09805254007145325,current,0,none,0,"interest_rate, current_balance",monitor,medium
L100647,0.31798148985987323,0.3400421393624516,0.2639171003512347,current,0,none,0,"interest_rate, current_balance",monitor,medium
L100647,0.31333913291283716,0.32347934972997117,0.0714061963198982,current,0,none,0,"interest_rate, current_balance",monitor,medium
L100654,0.45250099065098803,0.4015851584895862,0.317458473949914,current,0,none,0,"interest_rate, current_balance",monitor,medium
L100654,0.38868360203797553,0.28962444534719606,0.6816145190091375,current,0,none,0,"interest_rate, current_balance",monitor,low
L100654,0.4080331882087525,0.33716701467693283,0.705752511203834,current,0,none,0,"interest_rate, current_balance",monitor,medium
L100654,0.4276269408724438,0.34694105127092256,0.708676755142728,current,0,none,0,"interest_rate, current_balance",monitor,medium
L100654,0.48272443783722907,0.3948865487222639,0.33295761984049116,current,0,none,0,"interest_rate, current_balance",monitor,medium
L100654,0.4060950453420808,0.2762567948461613,0.6479003966711524,current,0,none,0,"interest_rate, current_balance",monitor,low
L100654,0.4230013850855377,0.2742861153413416,0.6774420620167622,current,0,none,0,"interest_rate, current_balance",monitor,low
L100654,0.4976113468957316,0.36819910026812314,0.33648170379917003,current,0,none,0,"interest_rate, current_balance",monitor,medium
L100654,0.43965399490375867,0.35158807173771567,0.31686780367948775,current,0,none,0,"interest_rate, current_balance",monitor,medium
L100654,0.3939921078941081,0.29163251732192236,0.6890491608752586,current,0,none,0,"interest_rate, current_balance",monitor,low
L100654,0.37471013115948903,0.2909090494590444,0.6810062777025787,current,0,none,0,"interest_rate, current_balance",monitor,low
L100654,0.3768402277481759,0.25665952252437857,0.6676426082583982,current,0,none,0,"interest_rate, current_balance",monitor,low
L100661,0.38699127802767413,0.4748214132128806,0.5951556884179359,current,0,none,0,"interest_rate, current_balance",monitor,medium
L100661,0.39420585479921977,0.5021286363029059,0.6172536816785383,current,0,none,0,"interest_rate, current_balance",review,medium
L100661,0.4142159295953385,0.4943008476262505,0.6441262775285926,current,0,balance_increase_anomaly,1,"interest_rate, current_balance",monitor,medium
L100661,0.4585415878878322,0.54491014555242,0.19040461406257828,current,0,balance_increase_anomaly,1,"interest_rate, current_balance",review,medium
L100661,0.41319301635821354,0.5108545931391341,0.6139798384674502,current,0,balance_increase_anomaly,1,"interest_rate, current_balance",review,medium
L100661,0.42008197219376375,0.4910358339155497,0.6163437725320151,current,0,balance_increase_anomaly,1,"interest_rate, current_balance",monitor,medium
L100661,0.44218786446039926,0.4907540378340271,0.6302079830804618,current,0,balance_increase_anomaly,1,"interest_rate, current_balance",monitor,medium
L100661,0.43476622554140637,0.4930308881166703,0.6289914231356196,current,0,balance_increase_anomaly,1,"interest_rate, current_balance",monitor,medium
L100661,0.4150195877983654,0.49386965598238336,0.6269738677723923,current,0,balance_increase_anomaly,1,"interest_rate, current_balance",monitor,medium
L100661,0.4134065423472947,0.4955980731287506,0.6225132223101777,current,0,balance_increase_anomaly,1,"interest_rate, current_balance",monitor,medium
L100661,0.40812192025601185,0.49841475650961486,0.6100429077674442,current,0,balance_increase_anomaly,1,"interest_rate, current_balance",monitor,medium
L100661,0.42886722142338934,0.4911424231093308,0.20066736380809194,current,0,balance_increase_anomaly,1,"interest_rate, current_balance",monitor,medium
L100675,0.4144716299942454,0.36256041117411075,0.3262316004283988,current,0,none,0,"interest_rate, current_balance",monitor,medium
L100675,0.15125664434255734,0.14303925827545316,0.26078932962941703,unknown,0,none,0,"interest_rate, current_balance",monitor,low
L100678,0.2694201747509585,0.2537719428635413,0.17702442859485873,current,0,none,0,"interest_rate, current_balance",monitor,low
L100678,0.25388981666411037,0.2621209124222583,0.16849399471314114,current,0,none,0,"interest_rate, current_balance",monitor,low
L100678,0.2618539921231905,0.316605999806117,0.15686155245940364,current,0,none,0,"interest_rate, current_balance",monitor,medium
L100678,0.25701096242700705,0.22963691828076369,0.2132903255392294,current,0,balance_increase_anomaly,1,"interest_rate, current_balance",monitor,low
L100678,0.24108294801969962,0.24517840850483494,0.1467752360214514,current,0,balance_increase_anomaly,1,"interest_rate, current_balance",monitor,low
L100678,0.25205141347880905,0.20895586710289113,0.20678513806893373,current,0,balance_increase_anomaly,1,"interest_rate, current_balance",monitor,low
L100678,0.2426610344217809,0.2069365053701799,0.13916663892113296,current,0,balance_increase_anomaly,1,"interest_rate, current_balance",monitor,low
L100678,0.23250837061652463,0.1836299448437884,0.12076658221047144,unknown,1,balance_increase_anomaly,1,"interest_rate, current_balance",monitor,low
L100690,0.44433016464564296,0.4757758231088451,0.7308933945827155,current,0,none,0,"interest_rate, current_balance",monitor,medium
L100690,0.46304953984916686,0.48227580720303836,0.706564127517592,current,0,none,0,"interest_rate, current_balance",monitor,medium
L100690,0.4810921004160393,0.5341754706114534,0.18045836278390623,current,0,none,0,"interest_rate, current_balance",review,medium
L100690,0.4314760505706939,0.494686760543591,0.7521083327299167,current,0,none,0,"interest_rate, current_balance",monitor,medium
L100690,0.455701226631791,0.500926598205824,0.7247511592068786,current,0,none,0,"interest_rate, current_balance",review,medium
L100690,0.42082541132726947,0.4656523262405352,0.7388113065210964,current,0,none,0,"interest_rate, current_balance",monitor,medium
L100690,0.47862325555590646,0.45005711410411064,0.7248613736141526,current,0,none,0,"interest_rate, current_balance",monitor,medium
L100690,0.42783270053851086,0.33150953434593766,0.46236097611870214,current,0,balance_increase_anomaly,1,"interest_rate, current_balance",monitor,medium
L100690,0.438181933402903,0.45968846236530925,0.7205853866731011,current,0,none,0,"interest_rate, current_balance",monitor,medium
L100690,0.12433082060109124,0.09098455982476183,0.21732667224618993,unknown,0,none,0,"interest_rate, current_balance",monitor,low
L100695,0.457457755433945,0.5316546288546617,0.19154611715413267,current,0,none,0,"interest_rate, current_balance",review,medium
L100695,0.471498690358426,0.5050043530664478,0.09063035422676262,current,0,none,0,"interest_rate, current_balance",review,medium
L100695,0.47563876682340406,0.47838775938225336,0.08528152034449465,current,0,none,0,"interest_rate, current_balance",monitor,medium
L100695,0.5021629134073836,0.4900974365007251,0.07572819768896542,current,0,none,0,"interest_rate, current_balance",monitor,medium
L100695,0.5123525218584031,0.5319092230834858,0.210771505125631,current,0,none,0,"interest_rate, current_balance",review,medium
L100695,0.5101108889261795,0.5078130103810556,0.08264218129540493,current,0,none,0,"interest_rate, current_balance",review,medium
L100695,0.5053573614865724,0.5280944040549298,0.09200317100299797,current,0,none,0,"interest_rate, current_balance",review,medium
L100695,0.49904750065303316,0.546097030629438,0.08871483191573969,current,0,none,0,"interest_rate, current_balance",review,medium
L100695,0.4745776304797037,0.5257601447733722,0.06848820465811445,current,0,none,0,"interest_rate, current_balance",review,medium
L100695,0.490188011724602,0.5248447443714253,0.17708105968514876,current,0,none,0,"interest_rate, current_balance",review,medium
L100695,0.48013308402291366,0.5091680550283687,0.07607854779724163,current,0,none,0,"interest_rate, current_balance",review,medium
L100695,0.48637328429435617,0.4194367526702866,0.0757733259955612,current,0,none,0,"interest_rate, current_balance",monitor,medium
L100710,0.4919198854978253,0.43967512318605095,0.2667958165438256,current,0,none,0,"interest_rate, current_balance",monitor,medium
L100710,0.46340303875833705,0.4255387864540153,0.21624594893898505,current,0,none,0,"interest_rate, current_balance",monitor,medium
L100710,0.46766859876673483,0.47773873299544867,0.1873014110603347,current,0,none,0,"interest_rate, current_balance",monitor,medium
L100710,0.46119656587507335,0.474262720837123,0.22421625508263324,current,0,none,0,"interest_rate, current_balance",monitor,medium
L100710,0.5022864146492529,0.5062559163982905,0.28118524744264034,current,0,none,0,"interest_rate, current_balance",review,medium
L100710,0.44851055482437063,0.38642165252675925,0.19948500291799234,current,0,none,0,"interest_rate, current_balance",monitor,medium
L100710,0.4608121890554931,0.43255506473909394,0.17319065099555908,current,0,none,0,"interest_rate, current_balance",monitor,medium
L100710,0.4724425402148031,0.3965266989249343,0.2355814181475662,current,0,none,0,"interest_rate, current_balance",monitor,medium
L100710,0.4731736445206125,0.3929006436039073,0.23401008381111518,current,0,none,0,"interest_rate, current_balance",monitor,medium
L100710,0.4954717213676551,0.42005730548426085,0.2815377336173633,current,0,balance_increase_anomaly,1,"interest_rate, current_balance",monitor,medium
L100710,0.5013356336547617,0.4118908726676182,0.2809195936344571,current,0,balance_increase_anomaly,1,"interest_rate, current_balance",monitor,medium
L100710,0.49946725113228924,0.3558732578181291,0.3550943034068136,current,0,balance_increase_anomaly,1,"interest_rate, current_balance",monitor,medium
L100711,0.25612716937940017,0.41863555249182133,0.33431219064877965,current,0,none,0,"interest_rate, current_balance",monitor,medium
L100711,0.23147279939465717,0.42104929187307055,0.2960553048534865,current,0,none,0,"interest_rate, current_balance",monitor,medium
L100711,0.21055440722284238,0.39120019155092817,0.13392481436237633,current,0,none,0,"interest_rate, current_balance",monitor,medium
L100711,0.21125413233311838,0.4064756953734565,0.2338016673546888,current,0,none,0,"interest_rate, current_balance",monitor,medium
L100711,0.2416054271069614,0.4091787323617861,0.13109081038353426,current,0,none,0,"interest_rate, current_balance",monitor,medium
L100711,0.23422810085870016,0.39113077700153226,0.09620855253907058,current,0,none,0,"interest_rate, current_balance",monitor,medium
L100711,0.2363591884839579,0.39057396256519045,0.1044918940524525,current,0,none,0,"interest_rate, current_balance",monitor,medium
L100711,0.2613612315384196,0.38476962082677946,0.12413547431547643,current,0,none,0,"interest_rate, current_balance",monitor,medium
L100711,0.2560727448415926,0.41272955474029577,0.09950433226854467,current,0,none,0,"interest_rate, current_balance",monitor,medium
L100711,0.2395353187695483,0.40999341831499053,0.09950433226854467,current,0,none,0,"interest_rate, current_balance",monitor,medium
L100711,0.22697840768522756,0.4003043474462653,0.08953789711016566,current,0,none,0,"interest_rate, current_balance",monitor,medium
L100711,0.2218069136514462,0.33739159674742575,0.08365422674077176,current,0,none,0,"interest_rate, current_balance",monitor,medium
L100726,0.3563078541481902,0.3087254763379043,0.5446434636126183,current,1,flagged_anomaly,1,"interest_rate, current_balance",monitor,medium
L100726,0.39384772550454716,0.41876221584959733,0.19711497698484973,current,0,none,0,"interest_rate, current_balance",monitor,medium
L100726,0.36812428290452126,0.3696464222180381,0.2039892974272148,current,0,none,0,"interest_rate, current_balance",monitor,medium
L100726,0.34288816388092275,0.3142423639061633,0.5728370928637808,current,0,none,0,"interest_rate, current_balance",monitor,medium
L100726,0.36239626518408163,0.31332479454850387,0.5572162124701248,current,0,none,0,"interest_rate, current_balance",monitor,medium
L100726,0.351407389979803,0.29397529119699317,0.5522623406186405,current,0,none,0,"interest_rate, current_balance",monitor,low
L100726,0.33674591765650363,0.27193756013757303,0.5305976605782414,current,0,none,0,"interest_rate, current_balance",monitor,low
L100726,0.345979014113246,0.28153799701603943,0.58710153295789,current,0,none,0,"interest_rate, current_balance",monitor,low
L100726,0.3726118619219739,0.3689369708905387,0.1737368945685336,current,0,none,0,"interest_rate, current_balance",monitor,medium
L100726,0.370525366882216,0.3401934238632779,0.5584393015725786,current,0,none,0,"interest_rate, current_balance",monitor,medium
L100726,0.2935561636204381,0.2234658193911807,0.37639744287141547,current,1,balance_increase_anomaly,1,"interest_rate, current_balance",monitor,low
L100726,0.2795130748262048,0.1515293553453724,0.3366097607528908,unknown,1,balance_increase_anomaly,1,"interest_rate, current_balance",monitor,low
L100727,0.4591272897347564,0.5120072603558417,0.104145470234295,current,0,none,0,"interest_rate, current_balance",review,medium
L100727,0.4592435245289238,0.5052429610920942,0.09618274477524792,current,0,none,0,"interest_rate, current_balance",review,medium
L100727,0.46827449532010157,0.49237356497788537,0.11191796220556512,current,0,none,0,"interest_rate, current_balance",monitor,medium
L100727,0.47262548455522013,0.4796746710333839,0.09334668767665098,current,0,none,0,"interest_rate, current_balance",monitor,medium
L100727,0.4731027524101866,0.49636147434603733,0.24993245808772685,current,0,none,0,"interest_rate, current_balance",monitor,medium
L100727,0.463937786506413,0.5060268403254607,0.118675122523013,current,0,none,0,"interest_rate, current_balance",review,medium
L100727,0.1251534208453987,0.09867314073041965,0.13932508717496278,unknown,0,none,0,"interest_rate, current_balance",monitor,low
L100730,0.45688351742799854,0.44164920683231157,0.06795141856808912,current,0,none,0,"interest_rate, current_balance",monitor,medium
L100730,0.4488341568402396,0.44671832808895395,0.21484792880005793,current,0,none,0,"interest_rate, current_balance",monitor,medium
L100730,0.4396346299032528,0.4607204805477149,0.08259168550565078,current,0,none,0,"interest_rate, current_balance",monitor,medium
L100730,0.44750827390777803,0.46414005433296696,0.08991151319647332,current,0,none,0,"interest_rate, current_balance",monitor,medium
L100730,0.47359275973798837,0.49262696825116153,0.0872777324443189,current,0,none,0,"interest_rate, current_balance",monitor,medium
L100730,0.4683716836385675,0.4618312241053557,0.08589529724435484,current,0,none,0,"interest_rate, current_balance",monitor,medium
L100730,0.44877233866123767,0.48111554893830466,0.08260257148790635,current,0,none,0,"interest_rate, current_balance",monitor,medium
L100730,0.45499282241864863,0.5002646319977627,0.08230215975263236,current,0,none,0,"interest_rate, current_balance",review,medium
L100730,0.45831330522436775,0.46322630736005277,0.08015150242698811,current,0,none,0,"interest_rate, current_balance",monitor,medium
L100730,0.4621058886795465,0.461155074175975,0.08689804274576941,current,0,none,0,"interest_rate, current_balance",monitor,medium
L100730,0.4377506746137303,0.4338809318956728,0.0775389385375459,current,0,none,0,"interest_rate, current_balance",monitor,medium
L100730,0.45552648402760343,0.3782373245274216,0.07916792782154408,current,0,none,0,"interest_rate, current_balance",monitor,medium
L100741,0.282211983343864,0.3689750563949803,0.2058334820851391,current,0,none,0,"interest_rate, current_balance",monitor,medium
L100741,0.25513088343427576,0.3452996896043768,0.07438288803077787,current,0,none,0,"interest_rate, current_balance",monitor,medium
L100741,0.20071918607445724,0.2595231119893859,0.1773248406558831,current,0,balance_increase_anomaly,1,"interest_rate, current_balance",monitor,low
L100741,0.22030700842100132,0.24604502464522454,0.06112655239795146,current,0,balance_increase_anomaly,1,"interest_rate, current_balance",monitor,low
L100741,0.20870674251373458,0.242681200941701,0.06352559233240006,current,0,balance_increase_anomaly,1,"interest_rate, current_balance",monitor,low
L100741,0.21900716811531407,0.22703944949441032,0.06225467280670647,current,0,balance_increase_anomaly,1,"interest_rate, current_balance",monitor,low
L100741,0.21105762579342144,0.208271040466434,0.19819039352527476,current,0,balance_increase_anomaly,1,"interest_rate, current_balance",monitor,low
L100741,0.23233839823313057,0.23636385847336513,0.18976510611184091,current,0,balance_increase_anomaly,1,"interest_rate, current_balance",monitor,low
L100741,0.21679932421051126,0.2333150057769664,0.18208966514306638,current,0,balance_increase_anomaly,1,"interest_rate, current_balance",monitor,low
L100741,0.19497191501464056,0.2112255084154433,0.060393216551716894,current,0,balance_increase_anomaly,1,"interest_rate, current_balance",monitor,low
L100741,0.19113530268313497,0.22013905017968938,0.054932083187848126,current,0,balance_increase_anomaly,1,"interest_rate, current_balance",monitor,low
L100741,0.21059072844376991,0.19873888218736796,0.1747093120752228,current,0,balance_increase_anomaly,1,"interest_rate, current_balance",monitor,low
L100745,0.4345558004846128,0.4991797832160696,0.22282825934281641,current,0,none,0,"interest_rate, current_balance",monitor,medium
L100745,0.4381725462060355,0.4796271397575913,0.2036871241609277,current,0,none,0,"interest_rate, current_balance",monitor,medium
L100745,0.44996468829167896,0.5316276302950015,0.354820963115207,current,0,none,0,"interest_rate, current_balance",review,medium
L100745,0.45373376562189777,0.5166593372005591,0.18617818116029514,current,0,none,0,"interest_rate, current_balance",review,medium
L100745,0.4579924526167957,0.5118113690527945,0.20882642764568474,current,0,none,0,"interest_rate, current_balance",review,medium
L100745,0.46369987930448225,0.5075236698288665,0.21291276198277018,current,0,none,0,"interest_rate, current_balance",review,medium
L100745,0.4719325788386776,0.49543574299659876,0.22176639004251802,current,0,none,0,"interest_rate, current_balance",monitor,medium
L100745,0.5008241774640733,0.49195820690374553,0.357859168359168,current,0,none,0,"interest_rate, current_balance",monitor,medium
L100745,0.4990778407662573,0.5076808755909269,0.33209168547316925,current,0,none,0,"interest_rate, current_balance",review,medium
L100745,0.4741764611509232,0.49845847175295765,0.2011640029422557,current,0,none,0,"interest_rate, current_balance",monitor,medium
L100745,0.43947095800966557,0.4669667912052745,0.17436346487930118,delinquent_30_60,1,flagged_anomaly,1,"interest_rate, current_balance",monitor,medium
L100745,0.4561967215817593,0.38958572692771604,0.2574411784554098,delinquent_30_60,1,flagged_anomaly,1,"interest_rate, current_balance",monitor,medium
L100753,0.29921529209948855,0.3261896841100666,0.6346978437992172,current,0,none,0,"interest_rate, current_balance",monitor,medium
L100753,0.2809820546821304,0.3799922742925195,0.24067405872149303,current,0,none,0,"interest_rate, current_balance",monitor,medium
L100753,0.24999329391624703,0.34849228776697816,0.6085183563310441,current,0,none,0,"interest_rate, current_balance",monitor,medium
L100753,0.28422902693384294,0.3913956609762428,0.20908055308845522,current,0,none,0,"interest_rate, current_balance",monitor,medium
L100753,0.23066368652612282,0.35579813308169633,0.5641974428236753,current,0,none,0,"interest_rate, current_balance",monitor,medium
L100753,0.22900483322614973,0.3367149352037916,0.5731219617319349,current,0,none,0,"interest_rate, current_balance",monitor,medium
L100753,0.23939372020358543,0.3409640150557199,0.5670396277815383,current,0,none,0,"interest_rate, current_balance",monitor,medium
L100753,0.23612336674526374,0.34148502897838096,0.5559967293688303,current,0,none,0,"interest_rate, current_balance",monitor,medium
L100753,0.2895822092932607,0.3706556576397433,0.1608732475097158,current,0,none,0,"interest_rate, current_balance",monitor,medium
L100753,0.27269196894255593,0.36535309680627637,0.15656854048039237,current,0,none,0,"interest_rate, current_balance",monitor,medium
L100753,0.23167066253160884,0.3358053931636498,0.5494037541120322,current,0,none,0,"interest_rate, current_balance",monitor,medium
L100753,0.23977954716422245,0.29079040999366274,0.5234772969472885,current,0,none,0,"interest_rate, current_balance",monitor,low
L100759,0.36832197209296696,0.42837575160765423,0.7798704042639717,current,0,none,0,"interest_rate, current_balance",monitor,medium
L100759,0.39029433888155657,0.42934012898031826,0.7841964498586639,current,0,none,0,"interest_rate, current_balance",monitor,medium
L100759,0.3950571016292213,0.4453922581221776,0.8097167733048657,current,0,none,0,"interest_rate, current_balance",monitor,medium
L100759,0.42580707381336624,0.45034614561319597,0.8139476803800748,current,0,none,0,"interest_rate, current_balance",monitor,medium
L100759,0.3048898594109474,0.4272246669536034,0.7700206745089306,current,0,none,0,"interest_rate, current_balance",monitor,medium
L100759,0.3069240955254798,0.433906964500996,0.7832850912529424,current,0,none,0,"interest_rate, current_balance",monitor,medium
L100759,0.34390132433661263,0.4233645351671161,0.7822965985856911,current,0,none,0,"interest_rate, current_balance",monitor,medium
L100759,0.37275708420261044,0.4348548941810507,0.7835846726165215,current,0,none,0,"interest_rate, current_balance",monitor,medium
L100759,0.3914469941840904,0.44759577617266055,0.7720326221007997,current,0,none,0,"interest_rate, current_balance",monitor,medium
L100759,0.4056270336961682,0.4635023085431263,0.28326648421601974,current,0,none,0,"interest_rate, current_balance",monitor,medium
L100759,0.3661922185322006,0.43111738876918604,0.7747424218874349,current,0,none,0,"interest_rate, current_balance",monitor,medium
L100759,0.38402506920432894,0.4111953815105021,0.7922767420931406,current,0,none,0,"interest_rate, current_balance",monitor,medium
L100763,0.40318673302617936,0.4325851657109852,0.10308969880438595,current,0,balance_increase_anomaly,1,"interest_rate, current_balance",monitor,medium
L100763,0.423430563386491,0.4289294363357504,0.07202813377661597,current,0,balance_increase_anomaly,1,"interest_rate, current_balance",monitor,medium
L100763,0.43706852964957327,0.41185873587015437,0.08167540934385818,current,0,balance_increase_anomaly,1,"interest_rate, current_balance",monitor,medium
L100763,0.4377027741196568,0.4219103666992531,0.07836775057133433,current,0,balance_increase_anomaly,1,"interest_rate, current_balance",monitor,medium
L100763,0.45440213360975046,0.3895055099852855,0.2303843304058436,current,0,balance_increase_anomaly,1,"interest_rate, current_balance",monitor,medium
L100763,0.45214292468369344,0.41063434932769005,0.07367135114425422,current,0,balance_increase_anomaly,1,"interest_rate, current_balance",monitor,medium
L100763,0.4768497637146176,0.3871386264663213,0.2374841676518101,current,0,balance_increase_anomaly,1,"interest_rate, current_balance",monitor,medium
L100763,0.4249821615608813,0.37808245165589666,0.07790977331555247,current,0,balance_increase_anomaly,1,"interest_rate, current_balance",monitor,medium
L100763,0.39943622680177904,0.4018528885710209,0.06847399059130325,current,0,balance_increase_anomaly,1,"interest_rate, current_balance",monitor,medium
L100763,0.41854428119634074,0.43835066239575166,0.20581652044589396,current,0,balance_increase_anomaly,1,"interest_rate, current_balance",monitor,medium
L100763,0.3778616618886567,0.4129932132408347,0.06113755131841078,current,0,balance_increase_anomaly,1,"interest_rate, current_balance",monitor,medium
L100763,0.3920344447295777,0.3613484052676847,0.2091943233892681,current,0,balance_increase_anomaly,1,"interest_rate, current_balance",monitor,medium
L100764,0.4542731413271435,0.4015801907278282,0.1516416438857744,current,0,none,0,"interest_rate, current_balance",monitor,medium
L100764,0.4635889011848632,0.40989072511980496,0.15622973711608354,current,0,none,0,"interest_rate, current_balance",monitor,medium
L100764,0.4808108365783683,0.4121098635212185,0.14768534099264174,current,0,none,0,"interest_rate, current_balance",monitor,medium
L100764,0.4748534266488944,0.42131671216723066,0.4581766600071891,current,0,none,0,"interest_rate, current_balance",monitor,medium
L100764,0.4726930865873437,0.40293358009931823,0.14693044761686186,current,0,none,0,"interest_rate, current_balance",monitor,medium
L100764,0.4796446287626954,0.39590710878262336,0.15046706405945107,current,0,none,0,"interest_rate, current_balance",monitor,medium
L100764,0.47828532131714346,0.38784655737076507,0.14637475765848715,current,0,none,0,"interest_rate, current_balance",monitor,medium
L100764,0.4911264469493428,0.39576197382425293,0.1550328050255567,current,0,none,0,"interest_rate, current_balance",monitor,medium
L100764,0.48724653777467086,0.3948300556420867,0.15078443040526235,current,0,none,0,"interest_rate, current_balance",monitor,medium
L100764,0.41151247434427635,0.38070210433384183,0.13907305154786034,current,0,none,0,"interest_rate, current_balance",monitor,medium
L100764,0.3915477277485612,0.3732385196083905,0.1614648416559097,current,0,none,0,"interest_rate, current_balance",monitor,medium
L100764,0.38341809180439845,0.3349460659249707,0.14650252603831942,current,0,none,0,"interest_rate, current_balance",monitor,medium
L100772,0.24928413394170884,0.3936464172168854,0.10213112761945332,current,0,none,0,"interest_rate, current_balance",monitor,medium
L100772,0.2502867421534423,0.38428599351452775,0.1521717612337207,current,0,none,0,"interest_rate, current_balance",monitor,medium
L100772,0.25561999433755406,0.39681766310373634,0.29066227595525296,current,0,none,0,"interest_rate, current_balance",monitor,medium
L100772,0.263904317458216,0.40121281633319683,0.22818340427176959,current,0,none,0,"interest_rate, current_balance",monitor,medium
L100772,0.27535979475195027,0.4213629879807667,0.13602122257683413,current,0,none,0,"interest_rate, current_balance",monitor,medium
L100772,0.2694146685984722,0.4187233786651724,0.13687755462566337,current,0,none,0,"interest_rate, current_balance",monitor,medium
L100772,0.2932610751345557,0.4065668506371126,0.1436193540272562,current,0,none,0,"interest_rate, current_balance",monitor,medium
L100772,0.26403187058512184,0.38975493916982096,0.12785302513994035,current,0,none,0,"interest_rate, current_balance",monitor,medium
L100772,0.2936427510029702,0.40750969375720086,0.1281531706206727,current,0,none,0,"interest_rate, current_balance",monitor,medium
L100772,0.23789744196303042,0.39607662143702765,0.08925805360969279,current,0,none,0,"interest_rate, current_balance",monitor,medium
L100772,0.2886638633693707,0.3877166979927559,0.10247453986685234,current,0,none,0,"interest_rate, current_balance",monitor,medium
L100772,0.27072518894984116,0.3592066816494848,0.20400588517804047,current,0,none,0,"interest_rate, current_balance",monitor,medium
L100774,0.3473990900842788,0.3404217961554369,0.5829854248070128,delinquent_30_60,0,severe_delinquency,1,"interest_rate, current_balance",monitor,medium
L100774,0.36378442491015106,0.34229559638358575,0.6427002504261163,current,0,none,0,"interest_rate, current_balance",monitor,medium
L100774,0.163994919446193,0.15297952219206848,0.36108376397103525,unknown,0,none,0,"interest_rate, current_balance",monitor,low
L100775,0.5574024624795,0.5268652187567788,0.4179922071722437,current,0,none,0,"interest_rate, current_balance",review,medium
L100775,0.5581675543354926,0.5181981656277734,0.48520528322040246,current,0,none,0,"interest_rate, current_balance",review,medium
L100775,0.5409720440444539,0.48734128556997613,0.8218701309136216,current,0,none,0,"interest_rate, current_balance",monitor,medium
L100775,0.5503966082092134,0.49442154884666667,0.8129496367685984,current,0,none,0,"interest_rate, current_balance",monitor,medium
L100775,0.5516641744290124,0.49139931912967955,0.7954822652824519,current,0,none,0,"interest_rate, current_balance",monitor,medium
L100775,0.5660316184013746,0.5324067044786102,0.4547557065118228,current,0,none,0,"interest_rate, current_balance",review,medium
L100775,0.5207556197995151,0.4586569543455915,0.6322993057655171,delinquent_30_60,1,flagged_anomaly,1,"interest_rate, current_balance",monitor,medium
L100775,0.4826231466950499,0.43613003548042606,0.6800306848489993,unknown,1,flagged_anomaly,1,"interest_rate, current_balance",monitor,medium
L100784,0.6049183755918124,0.5812918635645791,0.2484940793296017,current,0,none,0,"interest_rate, current_balance",review,medium
L100784,0.5688195999048781,0.5768726206404716,0.2296696297284362,current,0,none,0,"interest_rate, current_balance",review,medium
L100784,0.5686779879773909,0.5366726381310067,0.3060900749586651,current,0,none,0,"interest_rate, current_balance",review,medium
L100784,0.5929363436211621,0.5702083837830879,0.33012100342653394,current,0,none,0,"interest_rate, current_balance",review,medium
L100784,0.6252760905398356,0.5636568692055413,0.2575108599560656,current,0,none,0,"interest_rate, current_balance",review,medium
L100784,0.623406175811096,0.5454070253553205,0.20900793182743926,current,0,balance_increase_anomaly,1,"interest_rate, current_balance",review,medium
L100784,0.6300170327231897,0.5383492376410419,0.35396676566661833,current,0,balance_increase_anomaly,1,"interest_rate, current_balance",review,medium
L100784,0.6243110757009614,0.5368994336911088,0.3535226567166444,current,0,balance_increase_anomaly,1,"interest_rate, current_balance",review,medium
L100784,0.5531839981221339,0.550689242262654,0.17640805299334492,current,0,none,0,"interest_rate, current_balance",review,medium
L100784,0.5394063381166452,0.5542530418267754,0.21714423149868534,current,0,none,0,"interest_rate, current_balance",review,medium
L100784,0.5334512837818561,0.5382199093363947,0.18671872869247777,current,0,none,0,"interest_rate, current_balance",review,medium
L100784,0.5518428832213178,0.5039179316578091,0.1941112456694876,current,0,none,0,"interest_rate, current_balance",review,medium
L100787,0.5125512536162178,0.42078395420073744,0.7903525060718476,current,0,none,0,"interest_rate, current_balance",monitor,medium
L100787,0.5162776381287888,0.44086227256614363,0.7935536648605988,current,0,none,0,"interest_rate, current_balance",monitor,medium
L100787,0.49715687194067765,0.42125109868761274,0.789986719995423,current,0,none,0,"interest_rate, current_balance",monitor,medium
L100787,0.5589240090632889,0.5047494139878881,0.30371022940980796,current,0,none,0,"interest_rate, current_balance",review,medium
L100787,0.5105795568481469,0.4360820705189408,0.7748334434680565,current,0,none,0,"interest_rate, current_balance",monitor,medium
L100787,0.5145084104142823,0.4313738956703709,0.765136416680533,current,0,none,0,"interest_rate, current_balance",monitor,medium
L100787,0.543664813757817,0.5179190208526544,0.2980662909504585,current,0,none,0,"interest_rate, current_balance",review,medium
L100787,0.5446301427097076,0.5272168313781258,0.2816967363002998,current,0,none,0,"interest_rate, current_balance",review,medium
L100787,0.5513184539885732,0.5238234841704158,0.2560956409884439,current,0,none,0,"interest_rate, current_balance",review,medium
L100787,0.4883750721317538,0.44489176679126247,0.7641895053162785,current,0,none,0,"interest_rate, current_balance",monitor,medium
L100787,0.5131695962455189,0.49943278752013337,0.267225711386171,current,0,none,0,"interest_rate, current_balance",monitor,medium
L100787,0.50832074819014,0.421906927471598,0.2614604537482915,current,0,none,0,"interest_rate, current_balance",monitor,medium
L100803,0.4304877312226166,0.40996632887030265,0.1071462664812799,current,0,none,0,"interest_rate, current_balance",monitor,medium
L100803,0.4519025871354554,0.5733303517135921,0.30146489935692017,current,0,none,0,"interest_rate, current_balance",review,medium
L100803,0.47881326426667026,0.42283322844795823,0.10866264103492779,current,0,none,0,"interest_rate, current_balance",monitor,medium
L100803,0.4667621668758795,0.40878147802274467,0.08331790963456318,current,0,none,0,"interest_rate, current_balance",monitor,medium
L100803,0.49162259362876987,0.4023689111275999,0.08009062300448401,current,0,none,0,"interest_rate, current_balance",monitor,medium
L100803,0.4817833491639946,0.3979570900282028,0.07593033178587341,current,0,none,0,"interest_rate, current_balance",monitor,medium
L100803,0.5317642368358299,0.5563206448190836,0.23445893187784986,current,0,none,0,"interest_rate, current_balance",review,medium
L100803,0.48519879039980573,0.390233427871124,0.08773075306594455,current,0,none,0,"interest_rate, current_balance",monitor,medium
L100803,0.5015494177490682,0.39608662559265356,0.07842297632855276,current,0,none,0,"interest_rate, current_balance",monitor,medium
L100803,0.48784972378396646,0.39123541048916033,0.06928046494845552,current,0,none,0,"interest_rate, current_balance",monitor,medium
L100803,0.42833056842928374,0.36008228819378124,0.04953947256285562,current,0,none,0,"interest_rate, current_balance",monitor,medium
L100803,0.45816966613270843,0.3454116716273725,0.055544320881645695,current,0,none,0,"interest_rate, current_balance",monitor,medium
L100808,0.5527103214045437,0.550196613796579,0.26656652079088056,current,0,none,0,"interest_rate, current_balance",review,medium
L100808,0.5407106188216393,0.5184199123690321,0.7493652828384222,current,0,none,0,"interest_rate, current_balance",review,medium
L100808,0.5370138853209628,0.4861123391377231,0.763473901810223,current,0,none,0,"interest_rate, current_balance",monitor,medium
L100808,0.5433102598850379,0.4861123391377231,0.7547909110417087,current,0,none,0,"interest_rate, current_balance",monitor,medium
L100808,0.5304796483325961,0.4978118279101245,0.7180951587206493,current,0,none,0,"interest_rate, current_balance",monitor,medium
L100808,0.5455887439859126,0.4809221077365508,0.7357168802821487,current,0,none,0,"interest_rate, current_balance",monitor,medium
L100808,0.5120806437751778,0.502712642502287,0.7331943572193167,current,0,none,0,"interest_rate, current_balance",review,medium
L100808,0.5526868614250943,0.46455111373151026,0.6753132934122084,current,0,none,0,"interest_rate, current_balance",monitor,medium
L100808,0.5290988335620852,0.4683037018318084,0.6867596785474379,current,0,none,0,"interest_rate, current_balance",monitor,medium
L100808,0.5368760284812782,0.5046820794950961,0.18489478888858235,current,0,none,0,"interest_rate, current_balance",review,medium
L100808,0.517692803089811,0.4866978808044933,0.7146860031266968,current,0,none,0,"interest_rate, current_balance",monitor,medium
L100808,0.5040295396861713,0.3970251682870529,0.7094202737971806,current,0,none,0,"interest_rate, current_balance",monitor,medium
L100811,0.43784033796501526,0.4997880672488332,0.2048031220603721,current,0,none,0,"interest_rate, current_balance",monitor,medium
L100811,0.4411133395323235,0.5170666941661453,0.21201065562860802,current,0,none,0,"interest_rate, current_balance",review,medium
L100811,0.4414720086717339,0.5234016355303536,0.2044125874143216,current,0,none,0,"interest_rate, current_balance",review,medium
L100811,0.4829644467874699,0.5163859317250552,0.28114691120845126,current,0,none,0,"interest_rate, current_balance",review,medium
L100811,0.44857580635050076,0.5223145579979169,0.18815436886874012,current,0,none,0,"interest_rate, current_balance",review,medium
L100811,0.4487619544431294,0.5195827824358219,0.1831474320279726,current,0,none,0,"interest_rate, current_balance",review,medium
L100811,0.45573933791234567,0.5109376112409658,0.18501538530773975,current,0,none,0,"interest_rate, current_balance",review,medium
L100811,0.47845896961967715,0.5285699329679904,0.2596272860782084,current,0,none,0,"interest_rate, current_balance",review,medium
L100811,0.4469112369308634,0.5160559016707218,0.15204777144153606,current,0,none,0,"interest_rate, current_balance",review,medium
L100811,0.4383977316528472,0.5016391678804671,0.15878698575502967,current,0,none,0,"interest_rate, current_balance",review,medium
L100811,0.4670248911613766,0.46979032547497174,0.14189751857471636,delinquent_30_60,1,flagged_anomaly,1,"interest_rate, current_balance",monitor,medium
L100811,0.46251313354078444,0.463782733744746,0.20929294300501236,unknown,1,flagged_anomaly,1,"interest_rate, current_balance",monitor,medium
L100814,0.435659228371215,0.4941377122854093,0.3338789644088686,current,0,none,0,"interest_rate, current_balance",monitor,medium
L100814,0.4535915526258584,0.4807494911439585,0.215690969802633,current,0,none,0,"interest_rate, current_balance",monitor,medium
L100814,0.4525776695263469,0.4755145570426941,0.3071643591010949,current,0,none,0,"interest_rate, current_balance",monitor,medium
L100814,0.471040942772719,0.4852957016694607,0.1844096959904949,current,0,none,0,"interest_rate, current_balance",monitor,medium
L100814,0.47653214573325814,0.4781592361686494,0.18433065333125837,current,0,none,0,"interest_rate, current_balance",monitor,medium
L100814,0.48042517850917893,0.46982311601170323,0.1849512808283726,current,0,none,0,"interest_rate, current_balance",monitor,medium
L100814,0.4815576240951816,0.45528212661883716,0.17776417584337156,current,0,none,0,"interest_rate, current_balance",monitor,medium
L100814,0.4844147273342552,0.47114396123908675,0.17222094729729825,current,0,none,0,"interest_rate, current_balance",monitor,medium
L100814,0.48429021604415806,0.4848218857599793,0.17377340736700825,current,0,none,0,"interest_rate, current_balance",monitor,medium
L100814,0.47897795557172484,0.48718107837529734,0.18939650955191722,current,0,none,0,"interest_rate, current_balance",monitor,medium
L100814,0.47337593598579397,0.4656481975864262,0.11627571692071285,current,0,none,0,"interest_rate, current_balance",monitor,medium
L100814,0.48786204509593206,0.42417079072744274,0.10919619690043203,current,0,none,0,"interest_rate, current_balance",monitor,medium
L100821,0.4463037504869413,0.5497595195337898,0.11092958116571038,current,0,none,0,"interest_rate, current_balance",review,medium
L100821,0.4631232094250148,0.5879277448468404,0.12933478047923372,current,0,none,0,"interest_rate, current_balance",review,medium
L100821,0.4815175209068232,0.5666986468009831,0.13861842745161346,current,0,none,0,"interest_rate, current_balance",review,medium
L100821,0.48930891377674746,0.5552677506865368,0.12725668955431077,current,0,none,0,"interest_rate, current_balance",review,medium
L100821,0.5037089760770193,0.5388763967477597,0.13747876409767343,current,0,balance_increase_anomaly,1,"interest_rate, current_balance",review,medium
L100821,0.514332028110669,0.5355620560689313,0.14054109639495452,current,0,balance_increase_anomaly,1,"interest_rate, current_balance",review,medium
L100821,0.5427406045889924,0.5509645070891003,0.3960496463328943,current,0,balance_increase_anomaly,1,"interest_rate, current_balance",review,medium
L100821,0.53465496428473,0.5453754631730838,0.39251363090980573,current,0,balance_increase_anomaly,1,"interest_rate, current_balance",review,medium
L100821,0.5158793402333528,0.5251744870662032,0.1402828617702794,current,0,balance_increase_anomaly,1,"interest_rate, current_balance",review,medium
L100821,0.5076962234266001,0.5392445976651122,0.1351801029987093,current,0,balance_increase_anomaly,1,"interest_rate, current_balance",review,medium
L100821,0.5082756380621282,0.5360863357240584,0.1425822609971311,current,0,balance_increase_anomaly,1,"interest_rate, current_balance",review,medium
L100821,0.5112295736559124,0.48851230660025463,0.11781358505799211,current,0,balance_increase_anomaly,1,"interest_rate, current_balance",monitor,medium
L100822,0.4627224591551464,0.5191233443660614,0.19134247208901234,current,0,none,0,"interest_rate, current_balance",review,medium
L100822,0.4700889930232953,0.5252370868315978,0.20168952726037392,current,0,none,0,"interest_rate, current_balance",review,medium
L100822,0.4534234538729873,0.5171765106481734,0.22793496328331064,current,0,none,0,"interest_rate, current_balance",review,medium
L100822,0.45579826579330934,0.514729420146721,0.21546292759031965,current,0,none,0,"interest_rate, current_balance",review,medium
L100822,0.5090684483308522,0.5467371152531865,0.3328675720399564,current,0,none,0,"interest_rate, current_balance",review,medium
L100822,0.11648423103952442,0.08982147409910587,0.1942471468974504,unknown,0,none,0,"interest_rate, current_balance",monitor,low
L100823,0.36678650419913694,0.3548535488480216,0.7215324862757815,current,0,none,0,"interest_rate, current_balance",monitor,medium
L100823,0.3742364132859776,0.3911513782156259,0.8081765804470601,current,0,none,0,"interest_rate, current_balance",monitor,medium
L100823,0.3685590525229402,0.3830070998478545,0.7963465346229931,current,0,none,0,"interest_rate, current_balance",monitor,medium
L100823,0.364597767796305,0.38259286457203434,0.8220165480637398,current,0,none,0,"interest_rate, current_balance",monitor,medium
L100823,0.4008561353813281,0.4385173042571241,0.3771415537875627,current,0,none,0,"interest_rate, current_balance",monitor,medium
L100823,0.35435294698915065,0.3747216897002367,0.7829130530148911,current,0,none,0,"interest_rate, current_balance",monitor,medium
L100823,0.3506560739884182,0.373301616202813,0.788926756302076,current,0,none,0,"interest_rate, current_balance",monitor,medium
L100823,0.3478406348520035,0.3646876294449193,0.7621585228038618,current,0,none,0,"interest_rate, current_balance",monitor,medium
L100823,0.3448021463838669,0.38321778791629785,0.7543911272076465,current,0,none,0,"interest_rate, current_balance",monitor,medium
L100823,0.4216025719176276,0.389679815335364,0.3552333599506279,current,0,none,0,"interest_rate, current_balance",monitor,medium
L100823,0.3429653288745084,0.3394607509579303,0.7451981882383346,current,0,none,0,"interest_rate, current_balance",monitor,medium
L100823,0.40536904317340144,0.3527329887196406,0.3978483687783235,current,0,none,0,"interest_rate, current_balance",monitor,medium
L100827,0.4514378143491205,0.5113951404054761,0.10682885056533899,current,0,none,0,"interest_rate, current_balance",review,medium
L100827,0.48883970743170274,0.5245780512233728,0.3371478298482553,current,0,none,0,"interest_rate, current_balance",review,medium
L100827,0.4481418563743698,0.4760621059104333,0.11100694594624076,unknown,1,flagged_anomaly,1,"interest_rate, current_balance",monitor,medium
L100844,0.4414202479050969,0.48382279387673227,0.30366207529545086,current,0,none,0,"interest_rate, current_balance",monitor,medium
L100844,0.4686381253936318,0.49792580975798756,0.10536540262233923,current,0,none,0,"interest_rate, current_balance",monitor,medium
L100844,0.5050090270284833,0.5897945190994022,0.29758825669332256,current,0,none,0,"interest_rate, current_balance",review,medium
L100844,0.501213574777765,0.5244569305350149,0.09742172533106122,current,0,none,0,"interest_rate, current_balance",review,medium
L100844,0.5227582696780001,0.519928050599001,0.26041314693368,current,0,balance_increase_anomaly,1,"interest_rate, current_balance",review,medium
L100844,0.5299278765921566,0.5134903492027361,0.2652993751834494,current,0,balance_increase_anomaly,1,"interest_rate, current_balance",review,medium
L100844,0.520776004178879,0.4752033765904673,0.09647674906837603,current,0,balance_increase_anomaly,1,"interest_rate, current_balance",monitor,medium
L100844,0.5189020729909896,0.45378086549660246,0.2694354447050821,current,0,balance_increase_anomaly,1,"interest_rate, current_balance",monitor,medium
L100844,0.48561242675721106,0.47866721008469215,0.09561011931860586,current,0,balance_increase_anomaly,1,"interest_rate, current_balance",monitor,medium
L100844,0.4784275384532591,0.45582235563254697,0.2717904464342889,current,0,balance_increase_anomaly,1,"interest_rate, current_balance",monitor,medium
L100844,0.4901134528537771,0.4694754939566956,0.2601577526412631,current,0,balance_increase_anomaly,1,"interest_rate, current_balance",monitor,medium
L100844,0.4754442502425537,0.378603069514612,0.27095841036905655,current,0,balance_increase_anomaly,1,"interest_rate, current_balance",monitor,medium
L100846,0.2907794689949011,0.3993447613087159,0.3912594365476134,current,0,none,0,"interest_rate, current_balance",monitor,medium
L100846,0.28915352425348007,0.39805414343480827,0.27336347379535325,current,0,none,0,"interest_rate, current_balance",monitor,medium
L100846,0.3006293504132795,0.4122002407863562,0.28010631553332566,current,0,none,0,"interest_rate, current_balance",monitor,medium
L100846,0.3203286564681202,0.4061272162185385,0.2615409999665124,current,0,none,0,"interest_rate, current_balance",monitor,medium
L100846,0.3206763811555084,0.4027357216090998,0.2346454133439552,current,0,none,0,"interest_rate, current_balance",monitor,medium
L100846,0.32734130811948486,0.4001219877824114,0.2088977430552596,current,0,none,0,"interest_rate, current_balance",monitor,medium
L100846,0.32569460276522333,0.3767940011962963,0.2142797665090508,current,0,none,0,"interest_rate, current_balance",monitor,medium
L100846,0.33894732989265264,0.37281935806876315,0.2097025469384473,current,0,none,0,"interest_rate, current_balance",monitor,medium
L100846,0.34277191756682046,0.4131629871902577,0.3239215086839695,current,0,none,0,"interest_rate, current_balance",monitor,medium
L100846,0.3196547527684346,0.4167059634772078,0.247316910151122,current,0,none,0,"interest_rate, current_balance",monitor,medium
L100846,0.32643675588285753,0.4286063415993624,0.21468710146834927,current,0,none,0,"interest_rate, current_balance",monitor,medium
L100846,0.31719583413073116,0.3996190936732141,0.2580693418403428,current,0,none,0,"interest_rate, current_balance",monitor,medium
L100847,0.4116408954983929,0.4353223514586124,0.30810581750342375,current,0,none,0,"interest_rate, current_balance",monitor,medium
L100847,0.4045854956763525,0.4314563074612131,0.3227874431000794,current,0,none,0,"interest_rate, current_balance",monitor,medium
L100847,0.1513164652123116,0.17693052995392852,0.2624643545138736,unknown,0,none,0,"interest_rate, current_balance",monitor,low
L100850,0.44983754504024015,0.4298186100941985,0.0704851946477892,unknown,1,flagged_anomaly,1,"interest_rate, current_balance",monitor,medium
L100864,0.4549920551790858,0.45751166817777145,0.7957928472022376,current,0,none,0,"interest_rate, current_balance",monitor,medium
L100864,0.47725549549673457,0.5019696941548843,0.7717310535047728,current,0,none,0,"interest_rate, current_balance",review,medium
L100864,0.48124239884429526,0.5314504455667866,0.333686393836602,current,0,none,0,"interest_rate, current_balance",review,medium
L100864,0.49337535388355785,0.5087604424377272,0.7927864045221598,current,0,none,0,"interest_rate, current_balance",review,medium
L100864,0.4895030102516203,0.5046430797157492,0.7866648228458534,current,0,none,0,"interest_rate, current_balance",review,medium
L100864,0.48629577937267804,0.5346669503769955,0.26538596163341255,current,0,none,0,"interest_rate, current_balance",review,medium
L100864,0.5036011074926474,0.4889574626431238,0.7939853087548049,current,0,none,0,"interest_rate, current_balance",monitor,medium
L100864,0.4943709587587872,0.517350001843518,0.28096800761977087,current,0,none,0,"interest_rate, current_balance",review,medium
L100864,0.49959004513490696,0.4167135115319652,0.6727209852849181,delinquent_30_60,1,flagged_anomaly,1,"interest_rate, current_balance",monitor,medium
L100864,0.5161604425790333,0.4115941863450178,0.6719588250256945,delinquent_30_60,0,severe_delinquency,1,"interest_rate, current_balance",monitor,medium
L100864,0.48215358249199086,0.40863081093284065,0.6857084680533926,current,0,none,0,"interest_rate, current_balance",monitor,medium
L100864,0.49513430789231005,0.36083311907014687,0.6795799238355971,delinquent_30_60,1,flagged_anomaly,1,"interest_rate, current_balance",monitor,medium
L100865,0.4496256025946039,0.5527058261208301,0.29427020898311573,current,0,none,0,"interest_rate, current_balance",review,medium
L100865,0.4307313848815405,0.49441168073564473,0.7515091606609409,current,0,none,0,"interest_rate, current_balance",monitor,medium
L100865,0.4359882809144788,0.5132605294475928,0.7547016461639067,current,0,none,0,"interest_rate, current_balance",review,medium
L100865,0.4433321129177089,0.5088451983089763,0.7557556238880103,current,0,none,0,"interest_rate, current_balance",review,medium
L100865,0.417505869800784,0.49380736876693343,0.6579076086695514,current,0,none,0,"interest_rate, current_balance",monitor,medium
L100865,0.3903029685179021,0.5387459723835851,0.72456376311198,current,0,none,0,"interest_rate, current_balance",review,medium
L100865,0.4547993135935413,0.550390326944498,0.23980046063021854,current,0,none,0,"interest_rate, current_balance",review,medium
L100865,0.45795883187339986,0.5508799863297983,0.2329187045224226,current,0,none,0,"interest_rate, current_balance",review,medium
L100865,0.11770534034125985,0.11521409904226142,0.5468968297072181,unknown,0,none,0,"interest_rate, current_balance",monitor,low
L100873,0.500607037070248,0.5058839005543361,0.1783770777555327,current,0,none,0,"interest_rate, current_balance",review,medium
L100873,0.49914506449245377,0.4951731241936283,0.17877189815009242,current,0,none,0,"interest_rate, current_balance",monitor,medium
L100873,0.51094918702624,0.5202364756812773,0.19218988999852388,current,0,none,0,"interest_rate, current_balance",review,medium
L100873,0.48815203979635563,0.5350472004716117,0.27036797508745297,current,0,none,0,"interest_rate, current_balance",review,medium
L100873,0.5462198286039733,0.3422181417644292,0.1532335084698891,current,0,balance_increase_anomaly,1,"interest_rate, current_balance",monitor,medium
L100873,0.5508917288946127,0.3113732225988733,0.15469847859067412,current,0,balance_increase_anomaly,1,"interest_rate, current_balance",monitor,medium
L100873,0.5689378474446094,0.3262578400769414,0.1507655735208707,current,0,balance_increase_anomaly,1,"interest_rate, current_balance",monitor,medium
L100873,0.5586272363824315,0.3380090200188193,0.15094154866571913,current,0,balance_increase_anomaly,1,"interest_rate, current_balance",monitor,medium
L100873,0.5484411250398724,0.34580630760335446,0.2116334964698092,current,0,balance_increase_anomaly,1,"interest_rate, current_balance",monitor,medium
L100873,0.5034939042222197,0.34665720610987055,0.12940729485686503,current,0,balance_increase_anomaly,1,"interest_rate, current_balance",monitor,medium
L100873,0.5457554007820753,0.3530652151032199,0.2281855887143047,current,0,balance_increase_anomaly,1,"interest_rate, current_balance",monitor,medium
L100873,0.4840962902112717,0.307411584144153,0.1398729543663053,current,0,balance_increase_anomaly,1,"interest_rate, current_balance",monitor,medium
L100896,0.4419479690113204,0.4822116463993878,0.14507949122875582,current,0,none,0,"interest_rate, current_balance",monitor,medium
L100896,0.44696163796643607,0.5103861750127224,0.2218033630569325,current,0,none,0,"interest_rate, current_balance",review,medium
L100896,0.4904686178784711,0.5277894246670661,0.19237575258915562,current,0,none,0,"interest_rate, current_balance",review,medium
L100896,0.4912584798705678,0.5077596054569143,0.1406293401423057,current,0,none,0,"interest_rate, current_balance",review,medium
L100896,0.4722642256793707,0.5123124413663482,0.15711731506436222,current,0,none,0,"interest_rate, current_balance",review,medium
L100896,0.4707043981556204,0.5064904317813594,0.15675754759662533,current,0,none,0,"interest_rate, current_balance",review,medium
L100896,0.5237736427500598,0.49139671212581426,0.16489344790466784,current,0,balance_increase_anomaly,1,"interest_rate, current_balance",monitor,medium
L100896,0.5250702974221039,0.49404914519554555,0.1635150595789176,current,0,balance_increase_anomaly,1,"interest_rate, current_balance",monitor,medium
L100896,0.5222785971264468,0.4959197700345729,0.16112586373258703,current,0,balance_increase_anomaly,1,"interest_rate, current_balance",monitor,medium
L100896,0.5299056494770876,0.4976664968273362,0.139791343308653,current,0,balance_increase_anomaly,1,"interest_rate, current_balance",monitor,medium
L100896,0.5293157883238611,0.4873036736674878,0.16132768330799166,current,0,balance_increase_anomaly,1,"interest_rate, current_balance",monitor,medium
L100896,0.513584673990552,0.46870252028237547,0.23274415722363534,current,0,balance_increase_anomaly,1,"interest_rate, current_balance",monitor,medium
L100904,0.09903329520508886,0.06869941075834296,0.35567555302473974,unknown,0,none,0,"interest_rate, current_balance",monitor,low
L100908,0.389037562729616,0.35982815508763655,0.15786162185319816,current,0,none,0,"interest_rate, current_balance",monitor,medium
L100908,0.36474058249400315,0.35992824183249533,0.14128771195715464,current,0,balance_increase_anomaly,1,"interest_rate, current_balance",monitor,medium
L100908,0.3648857783190417,0.37685621720902773,0.14293263033856948,current,0,balance_increase_anomaly,1,"interest_rate, current_balance",monitor,medium
L100908,0.34931740808717393,0.37370830847627484,0.09829985460764255,current,0,balance_increase_anomaly,1,"interest_rate, current_balance",monitor,medium
L100908,0.37650023979538855,0.3771194106316482,0.12598053636423542,current,0,balance_increase_anomaly,1,"interest_rate, current_balance",monitor,medium
L100908,0.3757125895733367,0.37434825234195995,0.13619398678030825,current,0,balance_increase_anomaly,1,"interest_rate, current_balance",monitor,medium
L100908,0.37779367628734767,0.35168505117735477,0.13339886575956178,current,0,balance_increase_anomaly,1,"interest_rate, current_balance",monitor,medium
L100908,0.3778046262283589,0.3538846566467142,0.13299956277935518,current,0,balance_increase_anomaly,1,"interest_rate, current_balance",monitor,medium
L100908,0.38003486238063194,0.3650027379523874,0.1327680979866047,current,0,balance_increase_anomaly,1,"interest_rate, current_balance",monitor,medium
L100908,0.3874762844398601,0.3686471121419587,0.13341570550257265,current,0,balance_increase_anomaly,1,"interest_rate, current_balance",monitor,medium
L100908,0.389103431695079,0.3655658798174872,0.12837540033731376,current,0,balance_increase_anomaly,1,"interest_rate, current_balance",monitor,medium
L100908,0.29148130134963196,0.31735131857661986,0.06424355676345618,current,1,flagged_anomaly,1,"interest_rate, current_balance",monitor,medium
L100910,0.4478430173808074,0.5056879403295711,0.23386889797885815,current,0,none,0,"interest_rate, current_balance",review,medium
L100910,0.45274295696511113,0.5131854776072534,0.2304295906931716,current,0,none,0,"interest_rate, current_balance",review,medium
L100910,0.4465891801855228,0.5093296307650349,0.2056653130630051,current,0,balance_increase_anomaly,1,"interest_rate, current_balance",review,medium
L100910,0.46537526859188993,0.48995745136263924,0.2574576144040659,current,0,balance_increase_anomaly,1,"interest_rate, current_balance",monitor,medium
L100910,0.4841044632840313,0.5089856391449011,0.22444612435161038,current,0,balance_increase_anomaly,1,"interest_rate, current_balance",review,medium
L100910,0.4838759604919551,0.501429232404248,0.3193916886833706,current,0,balance_increase_anomaly,1,"interest_rate, current_balance",review,medium
L100910,0.4863011115669761,0.49595273150649805,0.22279402694290903,current,0,balance_increase_anomaly,1,"interest_rate, current_balance",monitor,medium
L100910,0.47920701957040773,0.5038207890011023,0.23046854410572423,current,0,balance_increase_anomaly,1,"interest_rate, current_balance",review,medium
L100910,0.4414333770575728,0.49640261348356707,0.19444210209913787,current,0,none,0,"interest_rate, current_balance",monitor,medium
L100910,0.4183687043336253,0.45974850139507445,0.2037199618095967,current,0,none,0,"interest_rate, current_balance",monitor,medium
L100910,0.4565125926469248,0.48924141901704027,0.2491926825150438,current,0,none,0,"interest_rate, current_balance",monitor,medium
L100910,0.42986190834169574,0.44355855154799695,0.23079966289605092,current,0,none,0,"interest_rate, current_balance",monitor,medium
L100911,0.3471189114374234,0.2859802836047508,0.22535238967091828,current,0,none,0,"interest_rate, current_balance",monitor,low
L100911,0.33014962556570926,0.2642446533141632,0.0732937439218472,current,0,none,0,"interest_rate, current_balance",monitor,low
L100911,0.32022910499460266,0.29019379628285824,0.07152314795677432,current,0,none,0,"interest_rate, current_balance",monitor,low
L100911,0.3233099390583853,0.2833539699869838,0.06012827293384026,current,0,none,0,"interest_rate, current_balance",monitor,low
L100911,0.3016931355287586,0.2787141707839212,0.05952705694137625,current,0,none,0,"interest_rate, current_balance",monitor,low
L100911,0.31622640286349923,0.2771128974155246,0.054191064820720634,current,0,none,0,"interest_rate, current_balance",monitor,low
L100911,0.302450163974737,0.2908318374834217,0.20540539762495755,current,0,none,0,"interest_rate, current_balance",monitor,low
L100911,0.2982774591773684,0.2990575563847295,0.20936233051681352,current,0,none,0,"interest_rate, current_balance",monitor,low
L100911,0.3051480497767354,0.29038711792183663,0.06016760099895516,current,0,none,0,"interest_rate, current_balance",monitor,low
L100911,0.28836260092541705,0.2751648482249538,0.07836370880488444,current,0,none,0,"interest_rate, current_balance",monitor,low
L100911,0.27939259990060816,0.2747702500045643,0.062166656151234984,current,0,none,0,"interest_rate, current_balance",monitor,low
L100911,0.28279839802902035,0.20788459156605577,0.07959291879173759,delinquent_30_60,1,flagged_anomaly,1,"interest_rate, current_balance",monitor,low
L100914,0.4657266946522503,0.4412355250707519,0.17330022189491853,current,0,none,0,"interest_rate, current_balance",monitor,medium
L100914,0.4562970335624967,0.4882081318822757,0.1925635813516077,current,0,none,0,"interest_rate, current_balance",monitor,medium
L100914,0.47158062571947607,0.47994420210665195,0.17969062095965566,current,0,none,0,"interest_rate, current_balance",monitor,medium
L100914,0.48396171378423974,0.4733695683881758,0.16154329944401763,current,0,none,0,"interest_rate, current_balance",monitor,medium
L100914,0.47104723520434516,0.4807071965248974,0.1978432628130161,current,0,none,0,"interest_rate, current_balance",monitor,medium
L100914,0.5433691222275902,0.4635820363994139,0.17942388209757965,current,0,none,0,"interest_rate, current_balance",monitor,medium
L100914,0.48898231618792587,0.46043714615232906,0.19774161745258997,current,0,none,0,"interest_rate, current_balance",monitor,medium
L100914,0.4664432638173971,0.4963804013511785,0.16548144305327603,current,0,none,0,"interest_rate, current_balance",monitor,medium
L100914,0.44045047987203145,0.5060684229285639,0.1551107005465359,current,0,none,0,"interest_rate, current_balance",review,medium
L100914,0.4296736235921,0.5053080487420758,0.15166610663537264,current,0,none,0,"interest_rate, current_balance",review,medium
L100914,0.4273828956637563,0.48887862599904197,0.19587101704978488,current,0,none,0,"interest_rate, current_balance",monitor,medium
L100914,0.44863306788110774,0.44734873005100734,0.20798685596544642,current,0,none,0,"interest_rate, current_balance",monitor,medium
L100916,0.3190197862032309,0.35809489460463345,0.07251840166547646,current,0,none,0,"interest_rate, current_balance",monitor,medium
L100916,0.28503179109263327,0.3755722285091331,0.09187764837649176,current,0,none,0,"interest_rate, current_balance",monitor,medium
L100916,0.29797326614691877,0.39879838442886734,0.25959386573805726,current,0,balance_increase_anomaly,1,"interest_rate, current_balance",monitor,medium
L100916,0.2775056436971266,0.33191030632847984,0.06853816553126289,unknown,1,balance_increase_anomaly,1,"interest_rate, current_balance",monitor,medium
L100917,0.2539140568326413,0.3934337905954551,0.35830194038207464,current,0,none,0,"interest_rate, current_balance",monitor,medium
L100917,0.2577767670574327,0.3683846223036356,0.14722011081237588,current,0,none,0,"interest_rate, current_balance",monitor,medium
L100917,0.2648529052799517,0.39476585405878867,0.16597058757738584,current,0,none,0,"interest_rate, current_balance",monitor,medium
L100917,0.2508976563700949,0.3332933647578928,0.12514339601794125,current,0,none,0,"interest_rate, current_balance",monitor,medium
L100917,0.24523476698219326,0.3723675776583317,0.34347571703439295,current,0,none,0,"interest_rate, current_balance",monitor,medium
L100917,0.2437678030425559,0.32961901680338085,0.40402101877005137,current,0,none,0,"interest_rate, current_balance",monitor,medium
L100917,0.261241299790065,0.31930554316529114,0.1338714906540832,current,0,none,0,"interest_rate, current_balance",monitor,medium
L100917,0.24803792738773756,0.2989032481855009,0.09974912490168654,current,0,none,0,"interest_rate, current_balance",monitor,low
L100917,0.25605586373483147,0.3431618196122579,0.1277982232330524,current,0,none,0,"interest_rate, current_balance",monitor,medium
L100917,0.2389585766833462,0.35993804581481975,0.12473612224640124,current,0,none,0,"interest_rate, current_balance",monitor,medium
L100917,0.20839559733216703,0.34814076142771766,0.3129520583788601,current,0,none,0,"interest_rate, current_balance",monitor,medium
L100917,0.24329013503748437,0.3132214302987555,0.12457082836791741,current,0,none,0,"interest_rate, current_balance",monitor,medium
L100919,0.388571469358578,0.4554303278533012,0.5617774933046701,current,0,none,0,"interest_rate, current_balance",monitor,medium
L100919,0.3955791525839904,0.5488046443337452,0.2218064706251693,current,0,none,0,"interest_rate, current_balance",review,medium
L100919,0.42124847761891965,0.5290500761351157,0.17197630094574073,current,0,none,0,"interest_rate, current_balance",review,medium
L100919,0.3661569981925447,0.4987018383362053,0.6136335678694224,current,0,none,0,"interest_rate, current_balance",monitor,medium
L100919,0.36222941441186446,0.460690667354619,0.6029591780249823,current,0,none,0,"interest_rate, current_balance",monitor,medium
L100919,0.425803515502021,0.5173380287164121,0.17306199151008397,current,0,none,0,"interest_rate, current_balance",review,medium
L100919,0.39166870908466755,0.4071918231369643,0.6222981013944042,current,0,none,0,"interest_rate, current_balance",monitor,medium
L100919,0.40032537206684976,0.4192381118864035,0.6008576950326497,current,0,none,0,"interest_rate, current_balance",monitor,medium
L100919,0.3960847058739287,0.43106025559372757,0.585426520557467,current,0,none,0,"interest_rate, current_balance",monitor,medium
L100919,0.3726837714186101,0.450068668441273,0.18263315727913762,current,0,none,0,"interest_rate, current_balance",monitor,medium
L100919,0.40080318429959194,0.4686782790936569,0.15503910781656227,current,0,none,0,"interest_rate, current_balance",monitor,medium
L100919,0.35980515115655476,0.38816948820060077,0.5436007407124273,current,0,none,0,"interest_rate, current_balance",monitor,medium
L100923,0.2797266019260994,0.3247351785531367,0.23040642723863414,current,0,none,0,"interest_rate, current_balance",monitor,medium
L100923,0.25431093454719755,0.33409023728436116,0.25902788059066634,current,0,none,0,"interest_rate, current_balance",monitor,medium
L100923,0.254649179667001,0.3720560662045351,0.24773113534477814,current,0,none,0,"interest_rate, current_balance",monitor,medium
L100923,0.27601584466235485,0.37961174114395957,0.35486711767745444,current,0,none,0,"interest_rate, current_balance",monitor,medium
L100923,0.20189794969362712,0.3621979803664924,0.19957356892343756,current,0,none,0,"interest_rate, current_balance",monitor,medium
L100923,0.2521413430888017,0.3573757168689156,0.2545170025171379,current,0,none,0,"interest_rate, current_balance",monitor,medium
L100923,0.222033053169627,0.3469246118355119,0.19062203686186996,current,0,none,0,"interest_rate, current_balance",monitor,medium
L100923,0.23932933079729948,0.34364324685003084,0.19342969391149883,current,0,none,0,"interest_rate, current_balance",monitor,medium
L100923,0.2732548130664947,0.36289835355312694,0.26124030128865866,current,0,none,0,"interest_rate, current_balance",monitor,medium
L100923,0.23216330882887856,0.3250416245227804,0.16282479412277054,current,0,none,0,"interest_rate, current_balance",monitor,medium
L100923,0.21938301759123793,0.31955869076701293,0.1576437923775847,current,0,none,0,"interest_rate, current_balance",monitor,medium
L100923,0.25373385824181344,0.35729571251921693,0.24063081326473926,current,0,none,0,"interest_rate, current_balance",monitor,medium
L100931,0.39831939460744875,0.3489053507906366,0.2335855046358023,current,0,none,0,"interest_rate, current_balance",monitor,medium
L100931,0.37170457948289165,0.37056747135286916,0.3273456289920455,current,0,none,0,"interest_rate, current_balance",monitor,medium
L100931,0.35597793785911425,0.37611437919272594,0.11369831280177366,current,0,none,0,"interest_rate, current_balance",monitor,medium
L100931,0.1482920382527077,0.14591311137245827,0.2576852149620495,unknown,0,none,0,"interest_rate, current_balance",monitor,low
L100932,0.3601177602786131,0.389721371465533,0.29771369295727407,current,0,none,0,"interest_rate, current_balance",monitor,medium
L100932,0.35307095889490736,0.39478894255597413,0.3549259832906047,current,0,none,0,"interest_rate, current_balance",monitor,medium
L100932,0.3561519275304738,0.4339669762952482,0.2981700632767504,current,0,none,0,"interest_rate, current_balance",monitor,medium
L100932,0.37147090832559926,0.3827335554052077,0.36563848628770523,current,0,none,0,"interest_rate, current_balance",monitor,medium
L100932,0.38789425492756496,0.4194063892310476,0.366730625988289,current,0,none,0,"interest_rate, current_balance",monitor,medium
L100932,0.404628589839572,0.4142028905067281,0.335492387476863,current,0,none,0,"interest_rate, current_balance",monitor,medium
L100932,0.39723439646357817,0.39229804644332106,0.392000306388362,current,0,none,0,"interest_rate, current_balance",monitor,medium
L100932,0.39749476999621935,0.4041162544707649,0.3586011612109131,current,0,none,0,"interest_rate, current_balance",monitor,medium
L100932,0.3823949311643126,0.392389940360084,0.4308549491258421,current,0,none,0,"interest_rate, current_balance",monitor,medium
L100932,0.3707264042884338,0.39355065877285106,0.2884673354985798,current,0,none,0,"interest_rate, current_balance",monitor,medium
L100932,0.33055358366938686,0.3441036550929816,0.31051048411510873,current,0,none,0,"interest_rate, current_balance",monitor,medium
L100932,0.3689866550261884,0.33175571394219416,0.3048233287707175,current,0,none,0,"interest_rate, current_balance",monitor,medium
L100938,0.4173351113079738,0.33682705749499436,0.2471909173515691,current,0,none,0,"interest_rate, current_balance",monitor,medium
L100938,0.41875156153389087,0.318648417065773,0.19117000050665384,unknown,0,severe_delinquency,1,"interest_rate, current_balance",monitor,medium
L100940,0.5163449722473122,0.5475833596902494,0.10544279524315649,current,0,none,0,"interest_rate, current_balance",review,medium
L100940,0.5391938270125429,0.5246660493674711,0.1551004367084149,current,0,none,0,"interest_rate, current_balance",review,medium
L100940,0.5327143244084126,0.5262326381193307,0.4236787756117027,current,0,none,0,"interest_rate, current_balance",review,medium
L100940,0.5413119254676608,0.5211611233028267,0.15972009823074024,current,0,none,0,"interest_rate, current_balance",review,medium
L100940,0.5503346744164145,0.5343510493879685,0.13865264586406734,current,0,none,0,"interest_rate, current_balance",review,medium
L100940,0.5467796271871761,0.5114484898987585,0.1416224876909697,current,0,none,0,"interest_rate, current_balance",review,medium
L100940,0.5628899309587498,0.5005035100948314,0.3936837773516132,current,0,none,0,"interest_rate, current_balance",review,medium
L100940,0.5540373398425839,0.5023072637847182,0.14120403511513738,current,0,none,0,"interest_rate, current_balance",review,medium
L100940,0.5527488388314502,0.508926511251548,0.14320588029637144,current,0,none,0,"interest_rate, current_balance",review,medium
L100940,0.5449819827773269,0.5086529106715214,0.14853913548914205,current,0,none,0,"interest_rate, current_balance",review,medium
L100940,0.5549029521065357,0.4881913164950463,0.1395875248154891,current,0,none,0,"interest_rate, current_balance",monitor,medium
L100940,0.5654412897829053,0.4318602205032848,0.13697229847539252,current,0,none,0,"interest_rate, current_balance",monitor,medium
L100942,0.5087607761160965,0.5282141375073738,0.14159540332720277,current,0,none,0,"interest_rate, current_balance",review,medium
L100942,0.4991578027395784,0.5265552343087627,0.1439614188206224,current,0,none,0,"interest_rate, current_balance",review,medium
L100942,0.5184844330683356,0.5437875953709504,0.1159252836619266,current,0,none,0,"interest_rate, current_balance",review,medium
L100942,0.521442873947749,0.546515963857347,0.12144126359073146,current,0,none,0,"interest_rate, current_balance",review,medium
L100942,0.5055270242347234,0.5384034256584022,0.1441556684427148,current,0,none,0,"interest_rate, current_balance",review,medium
L100942,0.5250166365671002,0.5222941249984863,0.11575704401719321,current,0,none,0,"interest_rate, current_balance",review,medium
L100942,0.5426176855463836,0.49896998928706626,0.1327460272327374,current,0,none,0,"interest_rate, current_balance",monitor,medium
L100942,0.5202105388816607,0.5032694573501867,0.10418956695426274,current,0,none,0,"interest_rate, current_balance",review,medium
L100942,0.5264602434984155,0.5044785303514592,0.17352640388476673,current,0,none,0,"interest_rate, current_balance",review,medium
L100942,0.5122929727587455,0.4901714707143456,0.10127366070368503,current,0,none,0,"interest_rate, current_balance",monitor,medium
L100942,0.5042476332890145,0.46801488098032157,0.0885199956320833,current,0,none,0,"interest_rate, current_balance",monitor,medium
L100942,0.4951934685740388,0.4559633807416121,0.1403283078551601,current,0,none,0,"interest_rate, current_balance",monitor,medium
L100944,0.39356119969840775,0.4105758291977994,0.3809582368287945,current,0,none,0,"interest_rate, current_balance",monitor,medium
L100944,0.4011788435502701,0.44047497094592786,0.1560531592233344,current,0,none,0,"interest_rate, current_balance",monitor,medium
L100944,0.42351499671408277,0.44635899266197576,0.159757612223231,current,0,none,0,"interest_rate, current_balance",monitor,medium
L100944,0.42258596472056564,0.44200680527653397,0.13414356031468594,current,0,none,0,"interest_rate, current_balance",monitor,medium
L100944,0.4029267784845372,0.4416086699557868,0.14773262485471392,current,0,none,0,"interest_rate, current_balance",monitor,medium
L100944,0.40388805462542554,0.41903250858989705,0.13460459442693515,current,0,none,0,"interest_rate, current_balance",monitor,medium
L100944,0.41070362853844034,0.381779625343469,0.1167833252306357,current,0,none,0,"interest_rate, current_balance",monitor,medium
L100944,0.43316254606571475,0.38992357802408867,0.13354571446653785,current,0,none,0,"interest_rate, current_balance",monitor,medium
L100944,0.4125582979631503,0.4343768689914132,0.3802369943994424,current,0,none,0,"interest_rate, current_balance",monitor,medium
L100944,0.4128053110649786,0.4296810335753344,0.362300613251929,current,0,none,0,"interest_rate, current_balance",monitor,medium
L100944,0.4336628056095895,0.40848645553348845,0.12327720445337384,current,0,none,0,"interest_rate, current_balance",monitor,medium
L100944,0.3775917765480108,0.39084730797986683,0.2596792432406801,current,0,none,0,"interest_rate, current_balance",monitor,medium
L100949,0.2341550468232948,0.29122499697440724,0.13067042804607965,unknown,1,flagged_anomaly,1,"interest_rate, current_balance",monitor,low
L100958,0.3832744928508884,0.38996488158612425,0.3360321051563616,current,0,none,0,"interest_rate, current_balance",monitor,medium
L100958,0.4307373981773109,0.3631193837886099,0.2487029307877279,current,0,none,0,"interest_rate, current_balance",monitor,medium
L100958,0.41883510665276247,0.3955533975090664,0.17300191405296605,current,0,none,0,"interest_rate, current_balance",monitor,medium
L100958,0.42360022691941795,0.37007489323340165,0.18303316135277756,current,0,none,0,"interest_rate, current_balance",monitor,medium
L100958,0.42735881428340483,0.380467684262384,0.18598079879195814,current,0,none,0,"interest_rate, current_balance",monitor,medium
L100958,0.4235158429745618,0.3305668378438604,0.15560811242131914,current,0,none,0,"interest_rate, current_balance",monitor,medium
L100958,0.4278845307003989,0.36006569348986156,0.16133992416247062,current,0,none,0,"interest_rate, current_balance",monitor,medium
L100958,0.4574729645577488,0.38744126192226086,0.2505602346678517,current,0,none,0,"interest_rate, current_balance",monitor,medium
L100958,0.424094510834689,0.3977082879987357,0.17481369458359436,current,0,none,0,"interest_rate, current_balance",monitor,medium
L100958,0.3431387425584807,0.36026211597009555,0.16874046164201598,current,0,none,0,"interest_rate, current_balance",monitor,medium
L100958,0.32758092076282685,0.37631785662850303,0.17704932840914714,current,0,none,0,"interest_rate, current_balance",monitor,medium
L100958,0.33689588250443625,0.3061854030286548,0.15794634392677495,current,0,none,0,"interest_rate, current_balance",monitor,medium
L100965,0.40271666945234647,0.27622929698594895,0.6813357711844128,current,0,balance_increase_anomaly,1,"interest_rate, current_balance",monitor,low
L100965,0.37266971514943703,0.2922571201240973,0.6093651327936845,current,0,balance_increase_anomaly,1,"interest_rate, current_balance",monitor,low
L100965,0.4081058703848306,0.32040359037449234,0.6837991049856301,current,0,balance_increase_anomaly,1,"interest_rate, current_balance",monitor,medium
L100965,0.4126294060803086,0.3200808277811048,0.7170310957354017,current,0,balance_increase_anomaly,1,"interest_rate, current_balance",monitor,medium
L100965,0.3999679888143682,0.3184874828684891,0.6912362161455432,current,0,balance_increase_anomaly,1,"interest_rate, current_balance",monitor,medium
L100965,0.39421235673192934,0.3124928952246954,0.6838715777008887,current,0,balance_increase_anomaly,1,"interest_rate, current_balance",monitor,medium
L100965,0.37909276229284977,0.37671766167127113,0.2737191175093389,current,0,balance_increase_anomaly,1,"interest_rate, current_balance",monitor,medium
L100965,0.4036630632585447,0.32205434214686596,0.6634849621983027,current,0,balance_increase_anomaly,1,"interest_rate, current_balance",monitor,medium
L100965,0.407549609586233,0.4038865569019038,0.24406310312805252,current,0,balance_increase_anomaly,1,"interest_rate, current_balance",monitor,medium
L100965,0.38968479017398244,0.4298136420429496,0.2896461498065299,current,0,balance_increase_anomaly,1,"interest_rate, current_balance",monitor,medium
L100965,0.403506692013662,0.42689937975953113,0.28410575503072766,current,0,balance_increase_anomaly,1,"interest_rate, current_balance",monitor,medium
L100965,0.4120219215948687,0.29786895076757686,0.6390145710341197,current,0,balance_increase_anomaly,1,"interest_rate, current_balance",monitor,low
L100966,0.4179932773107484,0.3737382290505838,0.09996814564386815,current,0,none,0,"interest_rate, current_balance",monitor,medium
L100966,0.44967656881097695,0.4067403207291442,0.12241159302726648,current,0,none,0,"interest_rate, current_balance",monitor,medium
L100966,0.44324677149525454,0.38279118332992845,0.11373191614557882,current,0,none,0,"interest_rate, current_balance",monitor,medium
L100966,0.4621658312677393,0.3831013479685467,0.09560479352355426,current,0,none,0,"interest_rate, current_balance",monitor,medium
L100966,0.4586329093944055,0.3858856445357938,0.10408730933652396,current,0,none,0,"interest_rate, current_balance",monitor,medium
L100966,0.4862400963637261,0.34929072809489253,0.10878909377948494,current,0,none,0,"interest_rate, current_balance",monitor,medium
L100966,0.47852983675620037,0.4154903198675358,0.3729471659111236,current,0,none,0,"interest_rate, current_balance",monitor,medium
L100966,0.4676895565439473,0.4149029196561746,0.3621390585233,current,0,none,0,"interest_rate, current_balance",monitor,medium
L100966,0.49167104266495026,0.34347956168127786,0.13420733811785587,current,0,balance_increase_anomaly,1,"interest_rate, current_balance",monitor,medium
L100966,0.4809307382113224,0.3821975599066327,0.13337514833568265,current,0,balance_increase_anomaly,1,"interest_rate, current_balance",monitor,medium
L100966,0.47474905333381523,0.3754654071667104,0.13175590567495468,current,0,balance_increase_anomaly,1,"interest_rate, current_balance",monitor,medium
L100966,0.46089471614170285,0.40429177942401257,0.37213751959270014,current,0,balance_increase_anomaly,1,"interest_rate, current_balance",monitor,medium
L100973,0.5311953343593774,0.610795580595707,0.28038108236824993,current,0,none,0,"interest_rate, current_balance",review,medium
L100973,0.5109728037080682,0.5716657091570675,0.18494205038653466,current,0,none,0,"interest_rate, current_balance",review,medium
L100973,0.13476234562432524,0.09070058996999372,0.20099664492432848,unknown,0,none,0,"interest_rate, current_balance",monitor,low
L100979,0.3635528202628965,0.4919871984312321,0.32513857064370055,current,0,none,0,"interest_rate, current_balance",monitor,medium
L100979,0.4043697876897359,0.4935953280366846,0.3600082310738347,current,0,none,0,"interest_rate, current_balance",monitor,medium
L100979,0.409230432227965,0.43159686693135657,0.2227935480692716,current,0,none,0,"interest_rate, current_balance",monitor,medium
L100979,0.40578234153433107,0.45052128912209466,0.2120591292212689,current,0,none,0,"interest_rate, current_balance",monitor,medium
L100979,0.4217893331922516,0.4795274081538353,0.2058610794199466,current,0,none,0,"interest_rate, current_balance",monitor,medium
L100979,0.4784886385477267,0.4956321578490294,0.36070868615876406,current,0,none,0,"interest_rate, current_balance",monitor,medium
L100979,0.5044717612021504,0.4953965741058853,0.35753349787150657,current,0,none,0,"interest_rate, current_balance",monitor,medium
L100979,0.4037747419013114,0.44660079888635695,0.18062900632922516,current,0,none,0,"interest_rate, current_balance",monitor,medium
L100979,0.39306988111746116,0.4591552187876702,0.16804830215971656,current,0,none,0,"interest_rate, current_balance",monitor,medium
L100979,0.3817500091499182,0.44506351948057005,0.17563741366543453,current,0,none,0,"interest_rate, current_balance",monitor,medium
L100979,0.3699107998541038,0.432656149608744,0.17728369131398117,current,0,none,0,"interest_rate, current_balance",monitor,medium
L100979,0.3742856223901135,0.42483851848263837,0.2579510478559609,current,0,none,0,"interest_rate, current_balance",monitor,medium
L100987,0.39077834737119244,0.3380610480812939,0.13470469874619348,current,0,none,0,"interest_rate, current_balance",monitor,medium
L100987,0.40341781877666244,0.39403655460935144,0.3898202520602199,current,0,none,0,"interest_rate, current_balance",monitor,medium
L100987,0.401410017603575,0.3504155227656484,0.15323795950143876,current,0,none,0,"interest_rate, current_balance",monitor,medium
L100987,0.38097593367541777,0.3184687811197783,0.13804780597956667,current,0,none,0,"interest_rate, current_balance",monitor,medium
L100987,0.40395137674035003,0.34058657800212555,0.15401212706391035,current,0,none,0,"interest_rate, current_balance",monitor,medium
L100987,0.39286831354860596,0.27135603265483416,0.1514152276348976,current,0,none,0,"interest_rate, current_balance",monitor,low
L100987,0.4097353942576927,0.28907728645964215,0.14888080173811846,current,0,none,0,"interest_rate, current_balance",monitor,low
L100987,0.39998923855491,0.32915105656331095,0.3870578890161127,current,0,none,0,"interest_rate, current_balance",monitor,medium
L100987,0.40452529301427814,0.4119252615032409,0.28125654872907563,current,0,none,0,"interest_rate, current_balance",monitor,medium
L100987,0.3837530351950237,0.4378310854192502,0.29388287954128645,current,0,none,0,"interest_rate, current_balance",monitor,medium
L100987,0.350123215491321,0.35014301939407244,0.10870667462047445,current,0,none,0,"interest_rate, current_balance",monitor,medium
L100987,0.36288756766364944,0.3120985341652466,0.10535857767717909,current,0,none,0,"interest_rate, current_balance",monitor,medium
L100988,0.299038865566164,0.2923490132017072,0.1327852016664011,current,0,none,0,"interest_rate, current_balance",monitor,low
L100988,0.33066644032143166,0.31751788273582593,0.12274978805533988,current,0,none,0,"interest_rate, current_balance",monitor,medium
L100988,0.38840055346682567,0.3567666320050855,0.09598962916306693,current,1,flagged_anomaly,1,"interest_rate, current_balance",monitor,medium
L100988,0.38920152596763397,0.34866946173537927,0.09772786032972959,current,0,none,0,"interest_rate, current_balance",monitor,medium
L100988,0.3421699176804295,0.352749262591751,0.11926982608801465,current,0,none,0,"interest_rate, current_balance",monitor,medium
L100988,0.38617746827558436,0.3697008974328112,0.12301149352069826,current,0,none,0,"interest_rate, current_balance",monitor,medium
L100988,0.38884687581271765,0.3765286995819564,0.1248509718957928,current,0,none,0,"interest_rate, current_balance",monitor,medium
L100988,0.35890510908340634,0.3627356035635928,0.12861422826697747,current,0,none,0,"interest_rate, current_balance",monitor,medium
L100988,0.36120180353879977,0.3874737582227074,0.10712106028895456,current,0,none,0,"interest_rate, current_balance",monitor,medium
L100988,0.3281388324986663,0.3444152448792414,0.11913146875444665,current,0,none,0,"interest_rate, current_balance",monitor,medium
L100988,0.3306021929529157,0.3615521287049769,0.11376842330886863,current,0,none,0,"interest_rate, current_balance",monitor,medium
L100988,0.3168369790642082,0.30459809138044286,0.17296724591619003,current,0,none,0,"interest_rate, current_balance",monitor,medium
L100989,0.48214595134416377,0.5126763897290031,0.30961035481488014,current,0,balance_increase_anomaly,1,"interest_rate, current_balance",review,medium
L100989,0.48777604389439316,0.4103878313230642,0.11409115575067229,current,0,balance_increase_anomaly,1,"interest_rate, current_balance",monitor,medium
L100989,0.49307552192531917,0.4162004677416519,0.31633002728541,current,0,balance_increase_anomaly,1,"interest_rate, current_balance",monitor,medium
L100989,0.5161564092514506,0.3481083966129395,0.1143321612593844,current,0,balance_increase_anomaly,1,"interest_rate, current_balance",monitor,medium
L100989,0.5096007259260085,0.441351304196695,0.35871670653853643,current,0,balance_increase_anomaly,1,"interest_rate, current_balance",monitor,medium
L100989,0.5097264756367409,0.44604070480950764,0.35850767024187175,current,0,balance_increase_anomaly,1,"interest_rate, current_balance",monitor,medium
L100989,0.5160566288936265,0.3509302882737112,0.12553378325776357,current,0,balance_increase_anomaly,1,"interest_rate, current_balance",monitor,medium
L100989,0.5113048529014811,0.35292591813360635,0.11023951383512058,current,0,balance_increase_anomaly,1,"interest_rate, current_balance",monitor,medium
L100989,0.5143354093002442,0.36541733973159246,0.1057007368991302,current,0,balance_increase_anomaly,1,"interest_rate, current_balance",monitor,medium
L100989,0.5104032732430874,0.4466560593638362,0.3128261035416994,current,0,balance_increase_anomaly,1,"interest_rate, current_balance",monitor,medium
L100989,0.5043144727884071,0.3916480569383653,0.12359771568168271,current,0,balance_increase_anomaly,1,"interest_rate, current_balance",monitor,medium
L100989,0.4551598441090664,0.34315466930253996,0.1552517896786104,current,0,none,0,"interest_rate, current_balance",monitor,medium
L100991,0.5018800209525048,0.5361364533670208,0.4562080194389375,current,0,none,0,"interest_rate, current_balance",review,medium
L100991,0.46300555375671876,0.5130720286622944,0.148126957508973,current,0,none,0,"interest_rate, current_balance",review,medium
L100991,0.47222595261874706,0.5531513963852113,0.3259216345579719,current,0,none,0,"interest_rate, current_balance",review,medium
L100991,0.5065845272397751,0.552121175979949,0.3075834729812271,current,0,none,0,"interest_rate, current_balance",review,medium
L100991,0.4957112761258608,0.5558889025234012,0.2931789737663245,current,0,none,0,"interest_rate, current_balance",review,medium
L100991,0.4925486274697175,0.5161811471230554,0.12307701052591312,current,0,none,0,"interest_rate, current_balance",review,medium
L100991,0.5000760365796266,0.5067047140385241,0.12982621806603478,current,0,none,0,"interest_rate, current_balance",review,medium
L100991,0.4818121076099552,0.5372059092226442,0.31993984580192036,current,0,none,0,"interest_rate, current_balance",review,medium
L100991,0.4826769680198997,0.5155924768823231,0.11217065318654301,current,0,none,0,"interest_rate, current_balance",review,medium
L100991,0.13466274684192497,0.0951093569837514,0.07552757972378368,unknown,0,none,0,"interest_rate, current_balance",monitor,low
L100994,0.5018318703822561,0.4239246559866024,0.7383859093477358,current,0,none,0,"interest_rate, current_balance",monitor,medium
L100994,0.5271722881430159,0.5413308438575155,0.3478875817615054,current,0,none,0,"interest_rate, current_balance",review,medium
L100994,0.5262589768847099,0.40928368164397383,0.7534937983002653,current,0,none,0,"interest_rate, current_balance",monitor,medium
L100994,0.5293697249123752,0.4277981542363876,0.7521467195092326,current,0,none,0,"interest_rate, current_balance",monitor,medium
L100994,0.4970509991766525,0.41224598995176015,0.7265767051404016,current,0,none,0,"interest_rate, current_balance",monitor,medium
L100994,0.5755736030587802,0.4270961331857197,0.7256381847740303,current,0,none,0,"interest_rate, current_balance",monitor,medium
L100994,0.6319769303633626,0.5338024013845687,0.28689459621725993,current,0,none,0,"interest_rate, current_balance",review,medium
L100994,0.6097481955440637,0.4012731163704783,0.7394669535091236,current,0,none,0,"interest_rate, current_balance",monitor,medium
L100994,0.6333816978265093,0.5431519974663067,0.2517904400749311,current,0,none,0,"interest_rate, current_balance",review,medium
L100994,0.5863870436642358,0.3958229689410799,0.7300479087756734,current,0,none,0,"interest_rate, current_balance",monitor,medium
L100994,0.5409228699589483,0.38709994639827383,0.7182865718761093,current,0,none,0,"interest_rate, current_balance",monitor,medium
L100994,0.5813622380852347,0.3487948116868471,0.7199563844510543,current,0,none,0,"interest_rate, current_balance",monitor,medium
L101000,0.3946466195625002,0.40712396335400913,0.23552717387343478,current,0,none,0,"interest_rate, current_balance",monitor,medium
L101000,0.40334131726745687,0.39811579704323213,0.21868433062745102,current,0,none,0,"interest_rate, current_balance",monitor,medium
L101000,0.39632218508170897,0.41371030066976594,0.29276142740192596,current,0,none,0,"interest_rate, current_balance",monitor,medium
L101000,0.41077757897759165,0.40638608327066233,0.2748354756592145,current,0,none,0,"interest_rate, current_balance",monitor,medium
L101000,0.39194053398366413,0.4138634982263018,0.2882713796558694,current,0,none,0,"interest_rate, current_balance",monitor,medium
L101000,0.3067975089681552,0.24934412509819737,0.13927904626442075,unknown,1,balance_increase_anomaly,1,"interest_rate, current_balance",monitor,low
L101001,0.42299136008262184,0.3964527814911187,0.34114089272104053,current,0,none,0,"interest_rate, current_balance",monitor,medium
L101001,0.47551087055529884,0.47105879299415276,0.32256834436220105,current,0,none,0,"interest_rate, current_balance",monitor,medium
L101001,0.45480771097229905,0.5039152369685376,0.12478020183117261,current,0,none,0,"interest_rate, current_balance",review,medium
L101001,0.41618255006972804,0.40791673484497853,0.08889066974788094,delinquent_30_60,1,flagged_anomaly,1,"interest_rate, current_balance",monitor,medium
L101001,0.3843170253847353,0.3885385239167959,0.08954484998242634,delinquent_30_60,0,severe_delinquency,1,"interest_rate, current_balance",monitor,medium
L101001,0.42630129185174,0.41649816951820867,0.09485039399442191,current,0,none,0,"interest_rate, current_balance",monitor,medium
L101001,0.4551623431705634,0.44665522949870773,0.269548896204244,current,0,none,0,"interest_rate, current_balance",monitor,medium
L101001,0.48657330271406496,0.4425212109749289,0.10260494217285068,current,0,none,0,"interest_rate, current_balance",monitor,medium
L101001,0.49506750657647863,0.5354179678119956,0.29428084995774156,current,0,none,0,"interest_rate, current_balance",review,medium
L101001,0.47217931734314456,0.4846763130963607,0.1034264247082994,current,0,none,0,"interest_rate, current_balance",monitor,medium
L101001,0.4796422389933219,0.44670339152677013,0.10338314511171726,current,0,none,0,"interest_rate, current_balance",monitor,medium
L101001,0.48329845145848355,0.3882634269337665,0.09545898730689835,current,0,none,0,"interest_rate, current_balance",monitor,medium
L101003,0.48752612314771115,0.34046401089717826,0.14824710761244025,current,1,balance_increase_anomaly,1,"interest_rate, current_balance",monitor,medium
L101003,0.5018557970543673,0.44096688026263614,0.1444675113215719,current,0,none,0,"interest_rate, current_balance",monitor,medium
L101003,0.49310031818985434,0.4937940199174324,0.19800024361214827,current,0,none,0,"interest_rate, current_balance",monitor,medium
L101003,0.4437408891132867,0.4198320528431132,0.10420462618447525,delinquent_30_60,1,flagged_anomaly,1,"interest_rate, current_balance",monitor,medium
L101003,0.46973427152633557,0.44173941032705943,0.11551975162108775,current,0,none,0,"interest_rate, current_balance",monitor,medium
L101003,0.4847587587574143,0.46151881140420764,0.11474515199677057,current,0,none,0,"interest_rate, current_balance",monitor,medium
L101003,0.5331650985135636,0.541101905158466,0.20983480194259088,current,0,none,0,"interest_rate, current_balance",review,medium
L101003,0.5246629999380598,0.46693713067306986,0.11221075258778815,current,0,none,0,"interest_rate, current_balance",monitor,medium
L101003,0.4975238372957205,0.471269646015245,0.1304937427221882,current,0,none,0,"interest_rate, current_balance",monitor,medium
L101003,0.5029888595495406,0.48230839963848676,0.2059371336361499,current,0,none,0,"interest_rate, current_balance",monitor,medium
L101003,0.51116829742949,0.43563242713491634,0.09808721689832575,current,0,none,0,"interest_rate, current_balance",monitor,medium
L101003,0.49396087126050514,0.4086437561151425,0.10344595710165422,current,0,none,0,"interest_rate, current_balance",monitor,medium
L101004,0.38209171433438194,0.4030735118302655,0.2660614760117767,current,0,none,0,"interest_rate, current_balance",monitor,medium
L101004,0.3820884558064065,0.3904540284157008,0.25268416205907956,current,0,none,0,"interest_rate, current_balance",monitor,medium
L101004,0.37666088953105725,0.3521593758399501,0.17869781019330774,current,0,none,0,"interest_rate, current_balance",monitor,medium
L101004,0.3840668914215179,0.34596382769293443,0.17242347979228914,current,0,none,0,"interest_rate, current_balance",monitor,medium
L101004,0.3798621177960796,0.38413168330307057,0.2565595206056052,current,0,none,0,"interest_rate, current_balance",monitor,medium
L101004,0.37225764487335494,0.33065227729475516,0.17481737653061422,current,0,none,0,"interest_rate, current_balance",monitor,medium
L101004,0.36381465735114177,0.32336946242520254,0.18694466923906078,current,0,none,0,"interest_rate, current_balance",monitor,medium
L101004,0.3817843337152068,0.328423242530029,0.187343861174651,current,0,none,0,"interest_rate, current_balance",monitor,medium
L101004,0.37432182955988985,0.3395069460719441,0.1844151225891959,current,0,none,0,"interest_rate, current_balance",monitor,medium
L101004,0.3730694896834966,0.3064594306496362,0.19014712363493386,current,0,none,0,"interest_rate, current_balance",monitor,medium
L101004,0.36628035361524486,0.29193701268340616,0.20697611674081545,current,0,none,0,"interest_rate, current_balance",monitor,low
L101004,0.3544918189355476,0.2552853452233607,0.18675441940746437,current,0,none,0,"interest_rate, current_balance",monitor,low
L101006,0.3863241628200937,0.4459230095402928,0.27822548518018564,current,0,none,0,"interest_rate, current_balance",monitor,medium
L101006,0.37984612645340726,0.4606961443006324,0.2963123377137015,current,0,none,0,"interest_rate, current_balance",monitor,medium
L101006,0.40646252538974914,0.4610342952238206,0.26786178716635606,current,0,none,0,"interest_rate, current_balance",monitor,medium
L101006,0.38884771541670915,0.39460984164769963,0.1207050192248893,current,0,none,0,"interest_rate, current_balance",monitor,medium
L101006,0.3099123374993011,0.48410682144360456,0.22456447794872972,current,0,none,0,"interest_rate, current_balance",monitor,medium
L101006,0.3033195763383057,0.46180947489806207,0.2273259149322596,current,0,none,0,"interest_rate, current_balance",monitor,medium
L101006,0.3354317290184303,0.40111714453370606,0.11588520114347671,current,0,none,0,"interest_rate, current_balance",monitor,medium
L101006,0.35854374022773905,0.46989265264092644,0.22424863920098512,current,0,none,0,"interest_rate, current_balance",monitor,medium
L101006,0.3254595478729813,0.4358274237822691,0.09978412633918952,current,0,none,0,"interest_rate, current_balance",monitor,medium
L101006,0.3739462570050802,0.456537927067194,0.10461609480168699,current,0,none,0,"interest_rate, current_balance",monitor,medium
L101006,0.3357046726804661,0.4405146238270396,0.11251147703790206,current,0,none,0,"interest_rate, current_balance",monitor,medium
L101006,0.2972529880841281,0.3705999023840533,0.10108791430063833,current,1,flagged_anomaly,1,"interest_rate, current_balance",monitor,medium
L101007,0.4074064588382632,0.4984272595090733,0.16348028528063588,current,0,none,0,"interest_rate, current_balance",monitor,medium
L101007,0.465318611973503,0.5199857144213241,0.30037912658958194,current,0,none,0,"interest_rate, current_balance",review,medium
L101007,0.41774829943131875,0.5221066348654925,0.1734732329427454,current,0,none,0,"interest_rate, current_balance",review,medium
L101007,0.4124029225908689,0.5065593714094405,0.16502860570611946,current,0,none,0,"interest_rate, current_balance",review,medium
L101007,0.41812838956307646,0.5130589496921681,0.17627007039405618,current,0,none,0,"interest_rate, current_balance",review,medium
L101007,0.4577438435739808,0.5085631555328399,0.2655392359750722,current,0,none,0,"interest_rate, current_balance",review,medium
L101007,0.43855535251353606,0.5037257554252168,0.17942923437842734,current,0,none,0,"interest_rate, current_balance",review,medium
L101007,0.4617405227497005,0.5146194066689408,0.2924503522465161,current,0,none,0,"interest_rate, current_balance",review,medium
L101007,0.4669035179374336,0.5044116127053098,0.2586586405356543,current,0,none,0,"interest_rate, current_balance",review,medium
L101007,0.428172534683124,0.4860504769590866,0.15450419097302334,current,0,none,0,"interest_rate, current_balance",monitor,medium
L101007,0.41747619117058754,0.4685077524353469,0.1563808887236896,current,0,none,0,"interest_rate, current_balance",monitor,medium
L101007,0.41952848464457904,0.4223292735795985,0.1370248587428286,current,0,none,0,"interest_rate, current_balance",monitor,medium
L101009,0.4272081867103856,0.41618122432646126,0.16661383428756082,current,0,none,0,"interest_rate, current_balance",monitor,medium
L101009,0.16252043716889725,0.2018822099904637,0.14133480330944823,unknown,0,none,0,"interest_rate, current_balance",monitor,low
L101019,0.49271858025520404,0.4095806161534902,0.1591778024201175,current,0,none,0,"interest_rate, current_balance",monitor,medium
L101019,0.49811432572272374,0.4564321742305031,0.4490349118499137,current,0,none,0,"interest_rate, current_balance",monitor,medium
L101019,0.5003568264519884,0.3814022080887046,0.1678120898642476,current,0,none,0,"interest_rate, current_balance",monitor,medium
L101019,0.5157123158922593,0.387531720345847,0.16238363118725463,current,0,none,0,"interest_rate, current_balance",monitor,medium
L101019,0.5154391925088601,0.3802719306496384,0.15986968831854054,current,0,none,0,"interest_rate, current_balance",monitor,medium
L101019,0.5471263059240473,0.3826180076073125,0.40974833467091665,current,0,none,0,"interest_rate, current_balance",monitor,medium
L101019,0.5553473916335133,0.3824232923135547,0.1342549266302971,current,0,none,0,"interest_rate, current_balance",monitor,medium
L101019,0.5486494803705914,0.3612657756191233,0.14230167109867206,current,0,none,0,"interest_rate, current_balance",monitor,medium
L101019,0.4976725329174949,0.40617304589337055,0.38586509056157753,current,0,none,0,"interest_rate, current_balance",monitor,medium
L101019,0.5318163918821898,0.3601728301977012,0.1359005805420533,current,0,none,0,"interest_rate, current_balance",monitor,medium
L101019,0.5352415120030449,0.35261710227438375,0.15149191317757693,current,0,none,0,"interest_rate, current_balance",monitor,medium
L101019,0.5465241728594843,0.3335639754611951,0.1393256563832962,current,0,none,0,"interest_rate, current_balance",monitor,medium
L101029,0.353144305150281,0.3729239694519868,0.12658270387573506,current,0,none,0,"interest_rate, current_balance",monitor,medium
L101029,0.3551280319515645,0.33054931492619094,0.36435066044001646,current,0,none,0,"interest_rate, current_balance",monitor,medium
L101029,0.36232444630494043,0.3736481276989713,0.1291213677951021,current,0,none,0,"interest_rate, current_balance",monitor,medium
L101029,0.3875777642612107,0.36920835909656335,0.1461828893474707,current,0,none,0,"interest_rate, current_balance",monitor,medium
L101029,0.38434531231676705,0.3746040803951506,0.1300578850559912,current,0,none,0,"interest_rate, current_balance",monitor,medium
L101029,0.29252424293571994,0.34612347086466894,0.2391490425528481,current,0,none,0,"interest_rate, current_balance",monitor,medium
L101029,0.29777286164990147,0.3327125464269838,0.10215286188080566,current,0,none,0,"interest_rate, current_balance",monitor,medium
L101029,0.30717551918829744,0.37332339120061925,0.26351890914405046,current,0,none,0,"interest_rate, current_balance",monitor,medium
L101029,0.30867512338388964,0.366018225264999,0.10112968419300096,current,0,none,0,"interest_rate, current_balance",monitor,medium
L101029,0.32166357845593424,0.3599808370003983,0.09602808513641144,current,0,none,0,"interest_rate, current_balance",monitor,medium
L101029,0.31930556983992386,0.3774035906370831,0.22945323226450645,current,0,none,0,"interest_rate, current_balance",monitor,medium
L101029,0.33276869912677437,0.34365889439105024,0.09606560486373793,current,0,none,0,"interest_rate, current_balance",monitor,medium
L101030,0.36213625174041114,0.42184541132773656,0.06277294977044706,current,0,none,0,"interest_rate, current_balance",monitor,medium
L101030,0.40244486947273933,0.4994984258246375,0.06765399184704574,current,0,none,0,"interest_rate, current_balance",monitor,medium
L101030,0.3924320669081853,0.4928508511039707,0.13036061888043382,current,0,none,0,"interest_rate, current_balance",monitor,medium
L101030,0.42228074171693947,0.4728254489480401,0.14632223249546422,current,0,none,0,"interest_rate, current_balance",monitor,medium
L101030,0.4054353805989019,0.4864996762382568,0.05920653477970371,current,0,none,0,"interest_rate, current_balance",monitor,medium
L101030,0.4120403312199469,0.4975417344311655,0.11753313457891632,current,0,none,0,"interest_rate, current_balance",monitor,medium
L101030,0.36754402567746186,0.4618545789421771,0.11898252066561497,current,0,none,0,"interest_rate, current_balance",monitor,medium
L101030,0.39696354227076996,0.39830279973125043,0.04893066275363283,delinquent_30_60,1,flagged_anomaly,1,"interest_rate, current_balance",monitor,medium
L101030,0.4206723412566735,0.4386591208118685,0.10384904096189715,current,1,flagged_anomaly,1,"interest_rate, current_balance",monitor,medium
L101030,0.3850863627272772,0.41974728902983355,0.042699778577724806,current,0,none,0,"interest_rate, current_balance",monitor,medium
L101030,0.37117426196162967,0.4559874741773605,0.04862292289630433,current,0,none,0,"interest_rate, current_balance",monitor,medium
L101030,0.384519504437487,0.37726550146918136,0.047413510702049064,current,0,none,0,"interest_rate, current_balance",monitor,medium
L101032,0.5135201652819588,0.5327534101894488,0.3124110825791855,current,0,none,0,"interest_rate, current_balance",review,medium
L101032,0.5346439220595463,0.5185371461548152,0.10481553740343183,current,0,none,0,"interest_rate, current_balance",review,medium
L101032,0.3808397325984533,0.4607818940783328,0.2543940593325514,current,0,none,0,"interest_rate, current_balance",monitor,medium
L101032,0.4051564749732313,0.4880951783444197,0.28353540050830417,current,0,none,0,"interest_rate, current_balance",monitor,medium
L101032,0.39889160061317325,0.5132629850642115,0.26928212512002486,current,0,none,0,"interest_rate, current_balance",review,medium
L101032,0.41729092383866573,0.5145700468492719,0.10103620792463279,current,0,none,0,"interest_rate, current_balance",review,medium
L101032,0.4496584154076603,0.5014510461575143,0.2718872838295323,current,0,none,0,"interest_rate, current_balance",review,medium
L101032,0.4517267733305499,0.5245490924402932,0.10336532132222843,current,0,none,0,"interest_rate, current_balance",review,medium
L101032,0.4423200100758482,0.5120081817801053,0.27018361387327744,current,0,none,0,"interest_rate, current_balance",review,medium
L101032,0.41657002598700305,0.5129104967113854,0.11012392736875265,current,0,none,0,"interest_rate, current_balance",review,medium
L101032,0.4151636576345166,0.5094139269200253,0.10528329477634327,current,0,none,0,"interest_rate, current_balance",review,medium
L101032,0.40610200764416327,0.40896892517482325,0.10116366498191903,current,0,none,0,"interest_rate, current_balance",monitor,medium
L101036,0.43636463839520256,0.527291976557314,0.2317336829455985,current,0,none,0,"interest_rate, current_balance",review,medium
L101036,0.40812087051910795,0.5198536319321226,0.25302656027346887,current,0,none,0,"interest_rate, current_balance",review,medium
L101036,0.40214385687355253,0.5242813906111944,0.20460660692663202,current,0,none,0,"interest_rate, current_balance",review,medium
L101036,0.45059633763581,0.49488926826032886,0.31393536479783335,current,0,none,0,"interest_rate, current_balance",monitor,medium
L101036,0.4535382167172037,0.5029871288413609,0.2109723996744532,current,0,none,0,"interest_rate, current_balance",review,medium
L101036,0.4490614059222302,0.49892007885158335,0.18263408146949034,current,0,none,0,"interest_rate, current_balance",monitor,medium
L101036,0.5502453793248416,0.47647326551015445,0.19069470288778598,current,0,balance_increase_anomaly,1,"interest_rate, current_balance",monitor,medium
L101036,0.5249503391621533,0.4844538902589072,0.3237626352235238,current,0,balance_increase_anomaly,1,"interest_rate, current_balance",monitor,medium
L101036,0.47671343977831765,0.4881862543122895,0.17444464773772173,current,0,none,0,"interest_rate, current_balance",monitor,medium
L101036,0.46700507301746486,0.4866255700432593,0.22283772308333502,current,0,none,0,"interest_rate, current_balance",monitor,medium
L101036,0.4675769141424939,0.47490045791364593,0.1695765173621318,current,0,none,0,"interest_rate, current_balance",monitor,medium
L101036,0.453451110916734,0.41941363843410023,0.2237277744827556,current,0,none,0,"interest_rate, current_balance",monitor,medium
L101040,0.48491612431726516,0.5198901629772247,0.10994184738852827,current,0,none,0,"interest_rate, current_balance",review,medium
L101040,0.4919518273937024,0.5327110057129811,0.23643798189932208,current,0,none,0,"interest_rate, current_balance",review,medium
L101040,0.5005596799039163,0.5382214133497208,0.09329835025892286,current,0,none,0,"interest_rate, current_balance",review,medium
L101040,0.47413560788537695,0.5255200380501817,0.2286784896327303,current,0,none,0,"interest_rate, current_balance",review,medium
L101040,0.49319878325877825,0.547834840185523,0.2686811300997554,current,0,none,0,"interest_rate, current_balance",review,medium
L101040,0.49082449245401544,0.542555118743712,0.1184219273278329,current,0,none,0,"interest_rate, current_balance",review,medium
L101040,0.546220868648602,0.5389287529396211,0.09370479514821842,current,0,none,0,"interest_rate, current_balance",review,medium
L101040,0.5550913966451786,0.5283562138679943,0.09587582763009048,current,0,none,0,"interest_rate, current_balance",review,medium
L101040,0.5277575493117568,0.5242898376276044,0.2444933199329047,current,0,none,0,"interest_rate, current_balance",review,medium
L101040,0.5200065474499573,0.520266217710192,0.10167063994969797,current,0,none,0,"interest_rate, current_balance",review,medium
L101040,0.5097323129261954,0.49818975430183865,0.09551143079082308,current,0,none,0,"interest_rate, current_balance",monitor,medium
L101040,0.4980926043511316,0.44035244087793257,0.07840025793818156,current,0,none,0,"interest_rate, current_balance",monitor,medium
L101043,0.30785522588953396,0.3045906066857987,0.15457643553234562,current,0,none,0,"interest_rate, current_balance",monitor,medium
L101043,0.32454200039590625,0.3180649961030231,0.1527662452752401,current,0,none,0,"interest_rate, current_balance",monitor,medium
L101043,0.33949050306516076,0.3444052710390168,0.14960612763741607,current,0,none,0,"interest_rate, current_balance",monitor,medium
L101043,0.35741431561506837,0.34857698376600826,0.1476247275862307,current,0,none,0,"interest_rate, current_balance",monitor,medium
L101043,0.31553900432986076,0.3259233184210659,0.13876609359062594,current,0,none,0,"interest_rate, current_balance",monitor,medium
L101043,0.35010853240781953,0.38158079963723784,0.18874656514747296,current,0,none,0,"interest_rate, current_balance",monitor,medium
L101043,0.31378249239509376,0.34521357456131,0.13631590961349851,current,0,none,0,"interest_rate, current_balance",monitor,medium
L101043,0.3581150036309346,0.36013418789765866,0.12484114121272562,current,0,none,0,"interest_rate, current_balance",monitor,medium
L101043,0.35845062091611246,0.3548253874649868,0.11526331242844963,current,0,none,0,"interest_rate, current_balance",monitor,medium
L101043,0.3621962289439585,0.3973023228786672,0.18253786060709426,current,0,none,0,"interest_rate, current_balance",monitor,medium
L101043,0.3464724561385847,0.36228399796595645,0.10964274952024274,current,0,none,0,"interest_rate, current_balance",monitor,medium
L101043,0.3199366653233448,0.32865101314264,0.11467833889440254,current,0,none,0,"interest_rate, current_balance",monitor,medium
L101057,0.29515994266547557,0.3001937606676086,0.723470231658547,current,0,none,0,"interest_rate, current_balance",monitor,medium
L101057,0.3674336835628886,0.364439739660192,0.34030243564892054,current,0,none,0,"interest_rate, current_balance",monitor,medium
L101057,0.28699259136294764,0.2901867736208943,0.7824716746167778,current,0,none,0,"interest_rate, current_balance",monitor,low
L101057,0.40154756754946014,0.37621725296303965,0.3172768831336143,current,0,none,0,"interest_rate, current_balance",monitor,medium
L101057,0.1470948178547229,0.13993250469338497,0.2397775046522771,unknown,0,none,0,"interest_rate, current_balance",monitor,low
L101059,0.3740281617155162,0.4056071777689627,0.23893037250512303,current,0,none,0,"interest_rate, current_balance",monitor,medium
L101059,0.3924037166055406,0.39880861498424114,0.4125565797033751,current,0,none,0,"interest_rate, current_balance",monitor,medium
L101059,0.3565663172245816,0.39806628028733193,0.29461063231280005,current,0,none,0,"interest_rate, current_balance",monitor,medium
L101059,0.37965317705115886,0.3893370688315413,0.29224396573116057,current,0,none,0,"interest_rate, current_balance",monitor,medium
L101059,0.3885781880384445,0.3971174000209842,0.40175556172491633,current,0,none,0,"interest_rate, current_balance",monitor,medium
L101059,0.3993529448957845,0.36161003001692293,0.29038930247178557,current,0,none,0,"interest_rate, current_balance",monitor,medium
L101059,0.3685850083742278,0.3574357994018641,0.3762777078283578,current,0,none,0,"interest_rate, current_balance",monitor,medium
L101059,0.4093363789562768,0.3676000982088426,0.30140227798269253,current,0,none,0,"interest_rate, current_balance",monitor,medium
L101059,0.41024729761938644,0.41024846323520026,0.3963600374695484,current,0,none,0,"interest_rate, current_balance",monitor,medium
L101059,0.40870924618264437,0.4095112304934792,0.2544546823761194,current,0,none,0,"interest_rate, current_balance",monitor,medium
L101059,0.3210216811211833,0.3334805190905998,0.29710456357482035,current,0,balance_increase_anomaly,1,"interest_rate, current_balance",monitor,medium
L101059,0.33352707181216923,0.2865493135154139,0.40686083594710465,current,0,balance_increase_anomaly,1,"interest_rate, current_balance",monitor,low
L101060,0.37346044228229774,0.3496924287858606,0.2565797221550647,current,0,none,0,"interest_rate, current_balance",monitor,medium
L101060,0.37519881461361093,0.32580133125737454,0.24962536657326254,current,0,balance_increase_anomaly,1,"interest_rate, current_balance",monitor,medium
L101060,0.3718381690669178,0.35718473979023063,0.333893461935592,current,0,balance_increase_anomaly,1,"interest_rate, current_balance",monitor,medium
L101060,0.3757147678509434,0.3314226415790596,0.26725892898703957,current,0,balance_increase_anomaly,1,"interest_rate, current_balance",monitor,medium
L101060,0.3736877235823506,0.334530118120571,0.2750171707160318,current,0,balance_increase_anomaly,1,"interest_rate, current_balance",monitor,medium
L101060,0.37607073666413365,0.31821542282776977,0.27395703345495315,current,0,balance_increase_anomaly,1,"interest_rate, current_balance",monitor,medium
L101060,0.37432495624824497,0.3334370773843319,0.24173578981501162,current,0,balance_increase_anomaly,1,"interest_rate, current_balance",monitor,medium
L101060,0.36597670039653746,0.3188474212721678,0.29305889286624237,current,0,balance_increase_anomaly,1,"interest_rate, current_balance",monitor,medium
L101060,0.4139168689899988,0.35307726421008456,0.28231528915701104,current,0,none,0,"interest_rate, current_balance",monitor,medium
L101060,0.34918001460070175,0.3604582661882866,0.20679923747343174,current,0,none,0,"interest_rate, current_balance",monitor,medium
L101060,0.3469533622351692,0.3416546591181724,0.1698573218558369,current,0,none,0,"interest_rate, current_balance",monitor,medium
L101060,0.3621934070614616,0.3315542792656623,0.21025327082338277,current,0,none,0,"interest_rate, current_balance",monitor,medium
L101066,0.5309239381755548,0.49893640077764406,0.12818475276030378,current,0,none,0,"interest_rate, current_balance",monitor,medium
L101066,0.5882742279380473,0.5262806676192465,0.1159410599142746,current,0,none,0,"interest_rate, current_balance",review,medium
L101066,0.5308182791308238,0.49959417671611667,0.12899538266067018,current,0,none,0,"interest_rate, current_balance",monitor,medium
L101066,0.5289237708215705,0.5015991863278924,0.32954623225777835,current,0,none,0,"interest_rate, current_balance",review,medium
L101066,0.5245442180175661,0.5038146824956873,0.367308808941151,current,0,none,0,"interest_rate, current_balance",review,medium
L101066,0.5413834321976729,0.5229164427038157,0.13549216809787457,current,0,none,0,"interest_rate, current_balance",review,medium
L101066,0.5387133068469474,0.5211738819983036,0.12524002688105362,current,0,none,0,"interest_rate, current_balance",review,medium
L101066,0.5368629580118702,0.5355301504857616,0.13064078230306947,current,0,none,0,"interest_rate, current_balance",review,medium
L101066,0.5349002800335357,0.5295137204542274,0.12241174259619891,current,0,none,0,"interest_rate, current_balance",review,medium
L101066,0.525542927714892,0.5298312291596922,0.12686480951165088,current,0,none,0,"interest_rate, current_balance",review,medium
L101066,0.5378356392610195,0.5220265032367409,0.12046013848031184,current,0,none,0,"interest_rate, current_balance",review,medium
L101066,0.442587596395741,0.41106261494340585,0.26067506718884165,current,0,none,0,"interest_rate, current_balance",monitor,medium
L101068,0.5091490440507336,0.49234952151354633,0.31138247864606483,current,0,none,0,"interest_rate, current_balance",monitor,medium
L101068,0.4176548388931108,0.4899001368808924,0.11711586779214597,current,0,none,0,"interest_rate, current_balance",monitor,medium
L101068,0.41705823009264625,0.48021896907964845,0.12325962205937069,current,0,none,0,"interest_rate, current_balance",monitor,medium
L101068,0.4414104610893732,0.48398838706618474,0.2599430596446957,current,0,none,0,"interest_rate, current_balance",monitor,medium
L101068,0.4389037593868206,0.4812499032303188,0.13475622684271749,current,0,none,0,"interest_rate, current_balance",monitor,medium
L101068,0.4379306959822314,0.48343227215385126,0.13420267746973058,current,0,none,0,"interest_rate, current_balance",monitor,medium
L101068,0.4622081627279233,0.497096495893481,0.2543847300235173,current,0,none,0,"interest_rate, current_balance",monitor,medium
L101068,0.45636190474934996,0.4898909744719254,0.12113501372346398,current,0,none,0,"interest_rate, current_balance",monitor,medium
L101068,0.44542547041175584,0.4952018187769493,0.11925432460837174,current,0,none,0,"interest_rate, current_balance",monitor,medium
L101068,0.4685792131899616,0.49270469398572353,0.23659168904350925,current,0,none,0,"interest_rate, current_balance",monitor,medium
L101068,0.45908220036900216,0.46742401044754456,0.10411368526397569,current,0,none,0,"interest_rate, current_balance",monitor,medium
L101068,0.4509239632797422,0.3965290140795035,0.11440910866988387,current,0,none,0,"interest_rate, current_balance",monitor,medium
L101091,0.4970067343212514,0.43398996528690775,0.10703321633847669,current,0,none,0,"interest_rate, current_balance",monitor,medium
L101091,0.47925544507696494,0.49978467379428254,0.30316773042044914,current,0,none,0,"interest_rate, current_balance",monitor,medium
L101091,0.5313708497833733,0.45274913781113163,0.10184541585788152,current,0,none,0,"interest_rate, current_balance",monitor,medium
L101091,0.48303114524404955,0.49317254827995716,0.23545932693676397,current,0,balance_increase_anomaly,1,"interest_rate, current_balance",monitor,medium
L101091,0.4970050141520608,0.5015441705755971,0.2255310804086102,current,0,balance_increase_anomaly,1,"interest_rate, current_balance",review,medium
L101091,0.5453014565447397,0.4324435039063228,0.08459725116976803,current,0,balance_increase_anomaly,1,"interest_rate, current_balance",monitor,medium
L101091,0.5518445023345125,0.4893551617523034,0.2259371372659002,current,0,balance_increase_anomaly,1,"interest_rate, current_balance",monitor,medium
L101091,0.5556108824825635,0.4406073266847259,0.08438944297477027,current,0,balance_increase_anomaly,1,"interest_rate, current_balance",monitor,medium
L101091,0.5268639941555268,0.42313178229092535,0.07651226261717504,current,0,balance_increase_anomaly,1,"interest_rate, current_balance",monitor,medium
L101091,0.5148523643184839,0.4224890175404057,0.07947222279181558,current,0,balance_increase_anomaly,1,"interest_rate, current_balance",monitor,medium
L101091,0.5158054426443516,0.4075688272178176,0.07564715210278386,current,0,balance_increase_anomaly,1,"interest_rate, current_balance",monitor,medium
L101091,0.5252305424432417,0.4531949736539655,0.19843721515820897,current,0,balance_increase_anomaly,1,"interest_rate, current_balance",monitor,medium
L101092,0.4859101819549853,0.4238379834599579,0.1100710281480595,current,0,none,0,"interest_rate, current_balance",monitor,medium
L101092,0.4756886307211865,0.42358117597787626,0.11493402561676704,current,0,none,0,"interest_rate, current_balance",monitor,medium
L101092,0.455207066999581,0.41381924836199036,0.11289511415500561,current,0,none,0,"interest_rate, current_balance",monitor,medium
L101092,0.4505498058077947,0.46037503435357335,0.315746998608866,current,0,none,0,"interest_rate, current_balance",monitor,medium
L101092,0.45428542530763955,0.42246342118634606,0.12399414845282161,current,0,none,0,"interest_rate, current_balance",monitor,medium
L101092,0.465362237948071,0.4286229622557975,0.09782402277020602,current,0,none,0,"interest_rate, current_balance",monitor,medium
L101092,0.4610437055336906,0.44404766413820357,0.09381420539022431,current,0,none,0,"interest_rate, current_balance",monitor,medium
L101092,0.46649957842507717,0.471278943002101,0.09493714293223665,current,0,none,0,"interest_rate, current_balance",monitor,medium
L101092,0.47181412602973294,0.46718546429826374,0.1007972234326059,current,0,none,0,"interest_rate, current_balance",monitor,medium
L101092,0.4501598604519203,0.4669379254522781,0.09051442242875377,current,0,none,0,"interest_rate, current_balance",monitor,medium
L101092,0.4315253628818644,0.48712131074308873,0.28493624637105053,current,0,none,0,"interest_rate, current_balance",monitor,medium
L101092,0.45512391019650333,0.38085268702738617,0.09496124422101403,current,0,none,0,"interest_rate, current_balance",monitor,medium
L101096,0.4857640734300465,0.5235270662189012,0.35831918206217384,current,0,none,0,"interest_rate, current_balance",review,medium
L101096,0.4929850763970745,0.505311785114735,0.3860498405936849,current,0,none,0,"interest_rate, current_balance",review,medium
L101096,0.47380445651230685,0.5036995215806883,0.23892320803151978,current,0,none,0,"interest_rate, current_balance",review,medium
L101096,0.14925832851653834,0.10799447937867321,0.23144090283834334,unknown,0,none,0,"interest_rate, current_balance",monitor,low
L101099,0.39039857012975127,0.39251954098623926,0.23987758464561068,current,0,none,0,"interest_rate, current_balance",monitor,medium
L101099,0.35920313548812527,0.3969682587142715,0.2316943214637617,current,0,none,0,"interest_rate, current_balance",monitor,medium
L101099,0.3497901924568204,0.3930042860012879,0.20207060423375575,current,0,none,0,"interest_rate, current_balance",monitor,medium
L101099,0.3607451349386868,0.42483241736413685,0.2058504169719357,current,0,none,0,"interest_rate, current_balance",monitor,medium
L101099,0.35057761963557776,0.4225986550996185,0.19825912899502565,current,0,none,0,"interest_rate, current_balance",monitor,medium
L101099,0.39284789828916755,0.4091105967838733,0.244868518168377,current,0,none,0,"interest_rate, current_balance",monitor,medium
L101099,0.41036278530675996,0.41062842856298754,0.2615821430214937,current,0,none,0,"interest_rate, current_balance",monitor,medium
L101099,0.3803864144479357,0.41435279437912875,0.21352291647289529,current,0,none,0,"interest_rate, current_balance",monitor,medium
L101099,0.36101593040139973,0.43749503684435664,0.20153605352127044,current,0,none,0,"interest_rate, current_balance",monitor,medium
L101099,0.37788783222724837,0.41047437378542134,0.2706240166495001,current,0,none,0,"interest_rate, current_balance",monitor,medium
L101099,0.3532530791634883,0.3428188198861215,0.2607030753002448,current,0,none,0,"interest_rate, current_balance",monitor,medium
L101099,0.36716546223681024,0.39608799425967517,0.20237065072019256,current,0,none,0,"interest_rate, current_balance",monitor,medium
L101100,0.3970301210789885,0.3961688187158268,0.24858952767567236,current,0,none,0,"interest_rate, current_balance",monitor,medium
L101100,0.42130747430921356,0.46457080891617464,0.3210576805437828,current,0,none,0,"interest_rate, current_balance",monitor,medium
L101100,0.4472446898742108,0.46239175673630173,0.3270387701632145,current,0,none,0,"interest_rate, current_balance",monitor,medium
L101100,0.421363018869139,0.43074287143125,0.2048277730214827,current,0,none,0,"interest_rate, current_balance",monitor,medium
L101100,0.4625239182392618,0.44064606897953096,0.21179637108434263,current,0,none,0,"interest_rate, current_balance",monitor,medium
L101100,0.4466460170802718,0.43194833745872513,0.1981573491935146,current,0,none,0,"interest_rate, current_balance",monitor,medium
L101100,0.4642718558146288,0.4942590086974794,0.2895973522076882,current,0,none,0,"interest_rate, current_balance",monitor,medium
L101100,0.4237695804897437,0.3611019821550727,0.2421941789836771,current,0,none,0,"interest_rate, current_balance",monitor,medium
L101100,0.4621343586918441,0.3895812666261598,0.22135312294155435,current,0,none,0,"interest_rate, current_balance",monitor,medium
L101100,0.4553848241215213,0.37675912827073604,0.23741931190217722,current,0,none,0,"interest_rate, current_balance",monitor,medium
L101100,0.4551923506806665,0.3646725612261938,0.23058920632660412,current,0,none,0,"interest_rate, current_balance",monitor,medium
L101100,0.4644177720158002,0.38271405957680815,0.35113046435739487,current,0,none,0,"interest_rate, current_balance",monitor,medium
L101101,0.4593255289023302,0.3793405893670211,0.24857876544951163,current,0,none,0,"interest_rate, current_balance",monitor,medium
L101101,0.4430906111887892,0.3899977987281753,0.24527286928714592,current,0,none,0,"interest_rate, current_balance",monitor,medium
L101101,0.43314806319092225,0.40421912127995896,0.14835538747062338,current,0,none,0,"interest_rate, current_balance",monitor,medium
L101101,0.5194945394676113,0.4151115836763224,0.1504297251299143,current,0,none,0,"interest_rate, current_balance",monitor,medium
L101101,0.46884725502815416,0.4120984558396382,0.23915471547101694,current,0,none,0,"interest_rate, current_balance",monitor,medium
L101101,0.4830886131700542,0.33631042466489763,0.2827342804598739,current,0,none,0,"interest_rate, current_balance",monitor,medium
L101101,0.47524336111538823,0.38083347394018907,0.14841276207112414,current,0,none,0,"interest_rate, current_balance",monitor,medium
L101101,0.4774320526903595,0.3909016794037139,0.15337482658323257,current,0,none,0,"interest_rate, current_balance",monitor,medium
L101101,0.4856959873006838,0.37701293667535835,0.16785125547263643,current,0,none,0,"interest_rate, current_balance",monitor,medium
L101101,0.4286364480958279,0.24647608464805038,0.14686188059141597,current,1,balance_increase_anomaly,1,"interest_rate, current_balance",monitor,low
L101101,0.4204682365465199,0.42519689926725235,0.14082068687468424,current,0,none,0,"interest_rate, current_balance",monitor,medium
L101101,0.4174336838425895,0.3973892234231498,0.15162308493618284,current,0,none,0,"interest_rate, current_balance",monitor,medium
L101107,0.3743789446203251,0.42365267392880684,0.14322106686180722,current,0,none,0,"interest_rate, current_balance",monitor,medium
L101107,0.38458808902700026,0.41853713265973064,0.43730178089928257,current,0,none,0,"interest_rate, current_balance",monitor,medium
L101107,0.3827089070493383,0.41646499314955626,0.15079682602564246,current,0,none,0,"interest_rate, current_balance",monitor,medium
L101107,0.378841691893468,0.39271999804900676,0.13533275178671358,current,0,none,0,"interest_rate, current_balance",monitor,medium
L101107,0.3783946713769717,0.4138913032917278,0.13053369306936533,current,0,none,0,"interest_rate, current_balance",monitor,medium
L101107,0.38528102201066067,0.37208990145932674,0.13242497792851565,current,0,none,0,"interest_rate, current_balance",monitor,medium
L101107,0.3849428728597099,0.3707382295379872,0.1277791943847346,current,0,none,0,"interest_rate, current_balance",monitor,medium
L101107,0.3570894013182369,0.3362587214940086,0.09522227122921897,current,0,none,0,"interest_rate, current_balance",monitor,medium
L101107,0.3781679896049254,0.3987632386159827,0.28137275142321155,current,0,none,0,"interest_rate, current_balance",monitor,medium
L101107,0.3570979447727677,0.38249845630343043,0.28847301808038267,current,0,none,0,"interest_rate, current_balance",monitor,medium
L101107,0.3403091827673031,0.345749215308833,0.09901873146246942,current,0,none,0,"interest_rate, current_balance",monitor,medium
L101107,0.35438948358535255,0.36179732201336284,0.25657248966357005,current,0,none,0,"interest_rate, current_balance",monitor,medium
L101112,0.3180961764583148,0.42040117346516376,0.12528655190372184,current,0,none,0,"interest_rate, current_balance",monitor,medium
L101112,0.33362889574310167,0.40950799914124153,0.13408771807896888,current,0,none,0,"interest_rate, current_balance",monitor,medium
L101112,0.3447389959552956,0.3970862993574855,0.14267712457707166,current,0,none,0,"interest_rate, current_balance",monitor,medium
L101112,0.35117511958042924,0.41931190164592974,0.13406792952697744,current,0,none,0,"interest_rate, current_balance",monitor,medium
L101112,0.3641985250413006,0.4287042547286228,0.1409242997530255,current,0,none,0,"interest_rate, current_balance",monitor,medium
L101112,0.3725672044685697,0.4289551788063442,0.14056262266147704,current,0,none,0,"interest_rate, current_balance",monitor,medium
L101112,0.3787780373046848,0.41108080362118715,0.3284682681264505,current,0,none,0,"interest_rate, current_balance",monitor,medium
L101112,0.3688015477112254,0.4017472346385679,0.33507655243331497,current,0,none,0,"interest_rate, current_balance",monitor,medium
L101112,0.3537654318090576,0.42898598304452473,0.1416755201194122,current,0,none,0,"interest_rate, current_balance",monitor,medium
L101112,0.34960817870106453,0.433657766331013,0.14027198137952757,current,0,none,0,"interest_rate, current_balance",monitor,medium
L101112,0.2821248827450586,0.4178584330446846,0.12474467928613242,current,0,none,0,"interest_rate, current_balance",monitor,medium
L101112,0.28453633742536805,0.37046686607904034,0.11734825536234841,current,0,none,0,"interest_rate, current_balance",monitor,medium
L101119,0.4613273013618242,0.522868239212545,0.1161537400982427,current,0,none,0,"interest_rate, current_balance",review,medium
L101119,0.4346741756791598,0.5327802366970475,0.0989180643696411,unknown,0,severe_delinquency,1,"interest_rate, current_balance",review,medium
L101129,0.36728090054500406,0.38736294599025445,0.2558050269500589,current,0,none,0,"interest_rate, current_balance",monitor,medium
L101129,0.37359443046389934,0.38414415543253244,0.2528456126469616,current,0,none,0,"interest_rate, current_balance",monitor,medium
L101129,0.3637630821694469,0.38756388415010323,0.3583644623436561,current,0,none,0,"interest_rate, current_balance",monitor,medium
L101129,0.35223708507166396,0.38038458488787025,0.2997415348893282,delinquent_30_60,0,severe_delinquency,1,"interest_rate, current_balance",monitor,medium
L101129,0.33683627309968983,0.4071399806201738,0.23597678785321036,current,0,none,0,"interest_rate, current_balance",monitor,medium
L101129,0.34688538672449803,0.37465759459258896,0.24749385019953535,current,0,none,0,"interest_rate, current_balance",monitor,medium
L101129,0.3559777105440772,0.3683443134860188,0.3682338364918449,current,0,none,0,"interest_rate, current_balance",monitor,medium
L101129,0.36974588541293313,0.3699386609298932,0.26729373349144886,current,0,none,0,"interest_rate, current_balance",monitor,medium
L101129,0.36013676052593696,0.3945260589067322,0.2663598716635252,current,0,none,0,"interest_rate, current_balance",monitor,medium
L101129,0.33605372922804927,0.3863890486688569,0.22113630894764885,current,0,balance_increase_anomaly,1,"interest_rate, current_balance",monitor,medium
L101129,0.33724094935949317,0.37433941297509665,0.2219247883561378,current,0,balance_increase_anomaly,1,"interest_rate, current_balance",monitor,medium
L101129,0.34040596774926074,0.33362642457098396,0.30989927101460446,current,0,balance_increase_anomaly,1,"interest_rate, current_balance",monitor,medium
L101136,0.3976286143034588,0.3218196610625085,0.19452735398618584,current,0,none,0,"interest_rate, current_balance",monitor,medium
L101136,0.3735302938416933,0.3453785107529944,0.15138704836230543,current,0,none,0,"interest_rate, current_balance",monitor,medium
L101136,0.3606557949280642,0.3445737228391154,0.15217616250295202,current,0,none,0,"interest_rate, current_balance",monitor,medium
L101136,0.36691000964993636,0.33567971180269607,0.14824471385308238,current,0,none,0,"interest_rate, current_balance",monitor,medium
L101136,0.3544831455492103,0.3545988082718613,0.14480307659513064,current,0,none,0,"interest_rate, current_balance",monitor,medium
L101136,0.3488774868485739,0.31129424105007114,0.15701281707921497,current,0,none,0,"interest_rate, current_balance",monitor,medium
L101136,0.36745966321240253,0.3036105850613564,0.2479342070457677,current,0,none,0,"interest_rate, current_balance",monitor,medium
L101136,0.36718334891357024,0.3065611484680791,0.23624087892899961,current,0,none,0,"interest_rate, current_balance",monitor,medium
L101136,0.3503561885179989,0.30451443234172765,0.13367589529648655,current,0,none,0,"interest_rate, current_balance",monitor,medium
L101136,0.3286082200227068,0.28877823964166555,0.14724728842547263,current,0,none,0,"interest_rate, current_balance",monitor,low
L101136,0.31638427956538634,0.26502562925990786,0.16227001187136314,current,0,none,0,"interest_rate, current_balance",monitor,low
L101136,0.32427061362404125,0.23272531762958887,0.14843054684400456,current,0,none,0,"interest_rate, current_balance",monitor,low
L101147,0.26141974768770493,0.2997454757729151,0.1059911681545514,current,0,none,0,"interest_rate, current_balance",monitor,low
L101147,0.2634738034345357,0.29746937760996767,0.10416702910961258,current,0,none,0,"interest_rate, current_balance",monitor,low
L101147,0.26533706013115,0.34634219963831553,0.10057609807017387,current,0,none,0,"interest_rate, current_balance",monitor,medium
L101147,0.2419362298065911,0.29901810553203445,0.08546231777252832,current,0,none,0,"interest_rate, current_balance",monitor,low
L101147,0.10707260772018072,0.1243407151958142,0.11455990410512894,unknown,0,none,0,"interest_rate, current_balance",monitor,low
L101154,0.3394400727068834,0.43760877610692595,0.09579693673359564,current,0,none,0,"interest_rate, current_balance",monitor,medium
L101154,0.33607766455184496,0.4297293106976662,0.11018859396344775,current,0,none,0,"interest_rate, current_balance",monitor,medium
L101154,0.3491476545460117,0.4114106117631352,0.35446565592511975,current,0,none,0,"interest_rate, current_balance",monitor,medium
L101154,0.35450113569048364,0.40180562989237123,0.31358646999031703,current,0,none,0,"interest_rate, current_balance",monitor,medium
L101154,0.35522571061718855,0.44594695018785635,0.12225653828307091,current,0,none,0,"interest_rate, current_balance",monitor,medium
L101154,0.29054809232401657,0.31758089664908096,0.07696002368621994,current,0,balance_increase_anomaly,1,"interest_rate, current_balance",monitor,medium
L101154,0.2905512400009028,0.3014016387584049,0.0778143674640517,current,0,balance_increase_anomaly,1,"interest_rate, current_balance",monitor,medium
L101154,0.32597337711384106,0.2872059273107103,0.2597435941590415,current,0,balance_increase_anomaly,1,"interest_rate, current_balance",monitor,low
L101154,0.32151694625209726,0.3010437456592445,0.08338778849032234,current,0,balance_increase_anomaly,1,"interest_rate, current_balance",monitor,medium
L101154,0.3224296976955954,0.31970379952409417,0.08332753915881631,current,0,balance_increase_anomaly,1,"interest_rate, current_balance",monitor,medium
L101154,0.30330184197053317,0.2608751438329988,0.06962621523106478,current,0,balance_increase_anomaly,1,"interest_rate, current_balance",monitor,low
L101154,0.3228437129486251,0.2430241524922342,0.06856570887694687,current,0,balance_increase_anomaly,1,"interest_rate, current_balance",monitor,low
L101155,0.6137936814200987,0.5691379167475968,0.1255631594193591,current,0,none,0,"interest_rate, current_balance",review,medium
L101155,0.5506578077123089,0.4915330479652454,0.1143683171192692,unknown,1,flagged_anomaly,1,"interest_rate, current_balance",monitor,medium
L101161,0.2962481887125673,0.2838973247110747,0.08885339529929714,current,0,none,0,"interest_rate, current_balance",monitor,low
L101161,0.2942767989356216,0.3129466337004508,0.09003682615979999,current,0,none,0,"interest_rate, current_balance",monitor,medium
L101161,0.2882923621955263,0.2958992912388921,0.07225967619267462,current,0,none,0,"interest_rate, current_balance",monitor,low
L101161,0.3445596980208926,0.3139041835097341,0.07694916363574399,current,0,none,0,"interest_rate, current_balance",monitor,medium
L101161,0.3338538126370678,0.30169765198079296,0.08184959446373014,current,0,none,0,"interest_rate, current_balance",monitor,medium
L101161,0.33622877355692726,0.3089029632248417,0.1825428061602504,current,0,none,0,"interest_rate, current_balance",monitor,medium
L101161,0.3038152700614951,0.28888079877573747,0.14681160465291374,current,0,none,0,"interest_rate, current_balance",monitor,low
L101161,0.32644145834678606,0.24218705113029,0.07809097666620525,current,0,none,0,"interest_rate, current_balance",monitor,low
L101161,0.3143515786533882,0.3127042326737275,0.17035268052156471,current,0,none,0,"interest_rate, current_balance",monitor,medium
L101161,0.32075164358759717,0.27275012757934397,0.07597426864578628,current,0,none,0,"interest_rate, current_balance",monitor,low
L101161,0.3147847479913504,0.2765549737585781,0.07814431840080037,current,0,none,0,"interest_rate, current_balance",monitor,low
L101161,0.33588980638659083,0.282433407457394,0.07600944706020114,current,0,none,0,"interest_rate, current_balance",monitor,low
L101163,0.4691525797457865,0.5470940140521173,0.2853920769620663,current,0,none,0,"interest_rate, current_balance",review,medium
L101163,0.4802120156481873,0.5608339856645931,0.3052873649550879,current,0,none,0,"interest_rate, current_balance",review,medium
L101163,0.4801087494466798,0.550742877235984,0.31789955843007417,current,0,none,0,"interest_rate, current_balance",review,medium
L101163,0.430938671465415,0.40624925906105563,0.23190940217609693,delinquent_30_60,1,flagged_anomaly,1,"interest_rate, current_balance",monitor,medium
L101163,0.47107077939816944,0.4142424208115938,0.2567018099710967,delinquent_30_60,0,severe_delinquency,1,"interest_rate, current_balance",monitor,medium
L101163,0.4901660855804844,0.47239102405559447,0.261123710959258,current,0,none,0,"interest_rate, current_balance",monitor,medium
L101163,0.4529954763640789,0.5080299321632984,0.18193488800381782,current,0,none,0,"interest_rate, current_balance",review,medium
L101163,0.4321620060231133,0.5562079450537962,0.17968613613284645,current,0,none,0,"interest_rate, current_balance",review,medium
L101163,0.4154673662857999,0.5692438932148935,0.1730036221443133,current,0,none,0,"interest_rate, current_balance",review,medium
L101163,0.39343852392248957,0.5567548500436663,0.2755910051349738,current,0,none,0,"interest_rate, current_balance",review,medium
L101163,0.38045830186710244,0.5410668504350752,0.19748432360156884,current,0,none,0,"interest_rate, current_balance",review,medium
L101163,0.35366391093137334,0.44184842989686623,0.1615273663466435,current,0,none,0,"interest_rate, current_balance",monitor,medium
L101175,0.32321543437183764,0.41952419176224115,0.09042140318845995,current,0,none,0,"interest_rate, current_balance",monitor,medium
L101175,0.3401677178843743,0.4278736124614053,0.33636370116889225,current,0,none,0,"interest_rate, current_balance",monitor,medium
L101175,0.3455497226434787,0.46635533921366074,0.12199756773974264,current,0,none,0,"interest_rate, current_balance",monitor,medium
L101175,0.3806127423625361,0.4479486823104233,0.10748744448874158,current,0,none,0,"interest_rate, current_balance",monitor,medium
L101175,0.36551926781952104,0.4640186267896494,0.12298811268727215,current,0,none,0,"interest_rate, current_balance",monitor,medium
L101175,0.37177896098278757,0.40676724869450553,0.2947747141955237,current,0,none,0,"interest_rate, current_balance",monitor,medium
L101175,0.38978369729227275,0.391026627863545,0.09196583957144346,current,0,none,0,"interest_rate, current_balance",monitor,medium
L101175,0.3758833170619469,0.4435289752507012,0.0897762886729837,current,0,none,0,"interest_rate, current_balance",monitor,medium
L101175,0.3547029402010358,0.4455650699809386,0.0960300979564622,current,0,none,0,"interest_rate, current_balance",monitor,medium
L101175,0.32180581325920754,0.4495839733976789,0.08845669771897839,current,0,none,0,"interest_rate, current_balance",monitor,medium
L101175,0.3355075632138311,0.4306440501018312,0.20867076918193517,current,0,none,0,"interest_rate, current_balance",monitor,medium
L101175,0.3168939602848689,0.37679711697225554,0.071553624426457,current,0,none,0,"interest_rate, current_balance",monitor,medium
L101176,0.4148651922681277,0.35666885093476736,0.13454209095321665,current,0,none,0,"interest_rate, current_balance",monitor,medium
L101176,0.39974777223484614,0.3957708635320554,0.3861774420825878,current,0,none,0,"interest_rate, current_balance",monitor,medium
L101176,0.3883970825956243,0.3481374010574548,0.14074038544829995,current,0,none,0,"interest_rate, current_balance",monitor,medium
L101176,0.39422765618694094,0.3464945474707489,0.13567183733681734,current,0,none,0,"interest_rate, current_balance",monitor,medium
L101176,0.4056624473653817,0.3470397190497285,0.14834699319371591,current,0,none,0,"interest_rate, current_balance",monitor,medium
L101176,0.40703935699576127,0.35031100928789904,0.13824073535011008,current,0,none,0,"interest_rate, current_balance",monitor,medium
L101176,0.40819919252217207,0.3730856215900633,0.1290662550325057,current,0,none,0,"interest_rate, current_balance",monitor,medium
L101176,0.3956872314767574,0.3925811330595419,0.13843702653642231,current,0,none,0,"interest_rate, current_balance",monitor,medium
L101176,0.38635150644287386,0.3868817906445281,0.12808343135224698,current,0,none,0,"interest_rate, current_balance",monitor,medium
L101176,0.3774156550340124,0.38225080652183363,0.12782321220464585,current,0,none,0,"interest_rate, current_balance",monitor,medium
L101176,0.3728666844974026,0.3764869192668248,0.12979119290822172,current,0,none,0,"interest_rate, current_balance",monitor,medium
L101176,0.36712637401551496,0.3053664994357601,0.13613336548703966,current,0,none,0,"interest_rate, current_balance",monitor,medium
L101181,0.09746395221238265,0.09596287241423467,0.2069382594483912,unknown,0,none,0,"interest_rate, current_balance",monitor,low
L101184,0.20876297068624775,0.36354249242495046,0.32015207594085654,current,0,none,0,"interest_rate, current_balance",monitor,medium
L101184,0.2074918545774069,0.3548090305474582,0.23274449172330577,current,0,none,0,"interest_rate, current_balance",monitor,medium
L101184,0.23245193699445102,0.38752728678348153,0.3799365559893928,current,0,none,0,"interest_rate, current_balance",monitor,medium
L101184,0.2056492268121788,0.39869242828466983,0.361189319551779,current,0,none,0,"interest_rate, current_balance",monitor,medium
L101184,0.18755435864102435,0.36753070080122857,0.2081664217203805,current,0,none,0,"interest_rate, current_balance",monitor,medium
L101184,0.1809047124409774,0.33624521449534384,0.2477932692586918,current,0,none,0,"interest_rate, current_balance",monitor,medium
L101184,0.22497565267355144,0.32833996328001286,0.3482180183340824,current,0,none,0,"interest_rate, current_balance",monitor,medium
L101184,0.2280226046123892,0.29261733446142063,0.1938667618635538,delinquent_30_60,0,severe_delinquency,1,"interest_rate, current_balance",monitor,low
L101184,0.2054399765660227,0.33052586367457387,0.20307985833521222,current,0,none,0,"interest_rate, current_balance",monitor,medium
L101184,0.1784776585808455,0.3371253128183797,0.2203404465612853,current,0,none,0,"interest_rate, current_balance",monitor,medium
L101184,0.2103244922794519,0.3627925879966005,0.32583066492609747,current,0,none,0,"interest_rate, current_balance",monitor,medium
L101184,0.19507165673771074,0.34349519810831647,0.24275416778171854,current,0,none,0,"interest_rate, current_balance",monitor,medium
L101185,0.33410649648125557,0.31484610517087214,0.7686931635405462,current,0,none,0,"interest_rate, current_balance",monitor,medium
L101185,0.3613828690665259,0.33729946497035546,0.4014065573485306,current,0,none,0,"interest_rate, current_balance",monitor,medium
L101185,0.29208717244903665,0.2806201104682412,0.7675617919994502,current,0,none,0,"interest_rate, current_balance",monitor,low
L101185,0.2873355346948263,0.32717285663169443,0.7392056643414513,current,0,none,0,"interest_rate, current_balance",monitor,medium
L101185,0.3000873800405004,0.2986008188901131,0.778571247500534,current,0,none,0,"interest_rate, current_balance",monitor,low
L101185,0.2730573190955152,0.2613168746696915,0.7087721404891653,current,0,none,0,"interest_rate, current_balance",monitor,low
L101185,0.2983582359810258,0.28460823595944,0.7567864882694567,current,0,none,0,"interest_rate, current_balance",monitor,low
L101185,0.3022154575297992,0.2872985036092477,0.7478300369600703,current,0,none,0,"interest_rate, current_balance",monitor,low
L101185,0.2953400169168938,0.28544430969509477,0.6899179382942524,current,0,none,0,"interest_rate, current_balance",monitor,low
L101185,0.2941709320327943,0.3005435371860016,0.7133269291258457,current,0,none,0,"interest_rate, current_balance",monitor,medium
L101185,0.28821131268921507,0.28736771458623933,0.6970274682297303,current,0,none,0,"interest_rate, current_balance",monitor,low
L101185,0.3459809319435099,0.2680849073272244,0.43205860202960866,current,0,none,0,"interest_rate, current_balance",monitor,low
L101191,0.4055734705262081,0.4678863741016382,0.31655324781224903,current,0,none,0,"interest_rate, current_balance",monitor,medium
L101191,0.39192373800826896,0.4173799146572944,0.7118112005938511,current,0,none,0,"interest_rate, current_balance",monitor,medium
L101191,0.3799177677851889,0.42263681202371794,0.6903787349757207,current,0,none,0,"interest_rate, current_balance",monitor,medium
L101191,0.38700598648133416,0.4187366152057376,0.7043990106300957,current,0,none,0,"interest_rate, current_balance",monitor,medium
L101191,0.39443102439515804,0.43054609663430576,0.6914692204530439,current,0,none,0,"interest_rate, current_balance",monitor,medium
L101191,0.39708872037098975,0.41055632963368416,0.6714650384227324,current,0,none,0,"interest_rate, current_balance",monitor,medium
L101191,0.44226269463607093,0.46590684054443804,0.29261953779915584,current,0,none,0,"interest_rate, current_balance",monitor,medium
L101191,0.4223835311186679,0.4713177021476008,0.2859537840430863,current,0,none,0,"interest_rate, current_balance",monitor,medium
L101191,0.11808306216620695,0.072692923784743,0.4825131780769733,unknown,0,none,0,"interest_rate, current_balance",monitor,low
L101204,0.3442656697867976,0.3549403059358862,0.38432736736133144,current,0,none,0,"interest_rate, current_balance",monitor,medium
L101204,0.35443475953279374,0.3698060356480909,0.4135753216701336,current,0,none,0,"interest_rate, current_balance",monitor,medium
L101204,0.3625160429684357,0.35587889876081763,0.15729535082039414,current,0,none,0,"interest_rate, current_balance",monitor,medium
L101204,0.34436722757132143,0.3785453703595116,0.13876852365473955,current,0,none,0,"interest_rate, current_balance",monitor,medium
L101204,0.3601151899499495,0.38543063475912753,0.15028469338425046,current,0,none,0,"interest_rate, current_balance",monitor,medium
L101204,0.3602128151843045,0.3443725859669224,0.14390079652176005,current,0,none,0,"interest_rate, current_balance",monitor,medium
L101204,0.3609958384234151,0.30366720347634274,0.13327515968646744,current,0,none,0,"interest_rate, current_balance",monitor,medium
L101204,0.3914433422009947,0.3140379465851526,0.13522881985631086,current,0,none,0,"interest_rate, current_balance",monitor,medium
L101204,0.3603006150607205,0.39433609326701796,0.37654485703326385,current,0,none,0,"interest_rate, current_balance",monitor,medium
L101204,0.3442680932955136,0.32252802583516843,0.1465409741080335,current,0,balance_increase_anomaly,1,"interest_rate, current_balance",monitor,medium
L101204,0.3276852127904981,0.3771886748680569,0.34951483698065344,current,0,balance_increase_anomaly,1,"interest_rate, current_balance",monitor,medium
L101204,0.3334260398619492,0.3400149899863689,0.38940895005461845,current,0,balance_increase_anomaly,1,"interest_rate, current_balance",monitor,medium
L101207,0.34035931979517425,0.42273138444285774,0.13312407645193214,current,0,none,0,"interest_rate, current_balance",monitor,medium
L101207,0.37027578488264123,0.4487291129239338,0.14082785835359946,current,0,none,0,"interest_rate, current_balance",monitor,medium
L101207,0.36851966128399755,0.4184545564329028,0.3622718784993879,current,0,none,0,"interest_rate, current_balance",monitor,medium
L101207,0.3542670677141168,0.42534111574830064,0.33299908534129,current,0,none,0,"interest_rate, current_balance",monitor,medium
L101207,0.3393156639834924,0.41821732920601307,0.11815279910699537,current,0,none,0,"interest_rate, current_balance",monitor,medium
L101207,0.33861389775662554,0.4303229932989662,0.1353924861501896,current,0,none,0,"interest_rate, current_balance",monitor,medium
L101207,0.32796841801068066,0.42034115796149213,0.11231281960053136,current,0,none,0,"interest_rate, current_balance",monitor,medium
L101207,0.33667857794165723,0.4235315691191272,0.10740347103611877,current,0,none,0,"interest_rate, current_balance",monitor,medium
L101207,0.32061808662237845,0.4250161566016512,0.09202609696381442,current,0,none,0,"interest_rate, current_balance",monitor,medium
L101207,0.3412634708681696,0.43261906723609767,0.10787296593639295,current,0,none,0,"interest_rate, current_balance",monitor,medium
L101207,0.3200186074895026,0.4358430426797783,0.09350277813735897,current,0,none,0,"interest_rate, current_balance",monitor,medium
L101207,0.34702723647504513,0.3774139293345718,0.08220234350070793,current,0,none,0,"interest_rate, current_balance",monitor,medium
L101209,0.5014653880889102,0.4887183843754819,0.7601469630231682,current,0,none,0,"interest_rate, current_balance",monitor,medium
L101209,0.5002233304102439,0.5041620591058514,0.7659432480557369,current,0,none,0,"interest_rate, current_balance",review,medium
L101209,0.516413241172602,0.5387037425188168,0.33693838920968916,current,0,none,0,"interest_rate, current_balance",review,medium
L101209,0.5207770542209448,0.5378998439062347,0.777777291460814,current,0,none,0,"interest_rate, current_balance",review,medium
L101209,0.5230288937844241,0.532271188505792,0.7545130769145387,current,0,none,0,"interest_rate, current_balance",review,medium
L101209,0.50977886412168,0.5105599682180768,0.7251246094337306,current,0,none,0,"interest_rate, current_balance",review,medium
L101209,0.5146500065154364,0.5068403762886248,0.7663577053775508,current,0,none,0,"interest_rate, current_balance",review,medium
L101209,0.5036910407648678,0.5145907101003078,0.7639323051991492,current,0,none,0,"interest_rate, current_balance",review,medium
L101209,0.5007936513961021,0.5322565634403383,0.7589667350915339,current,0,none,0,"interest_rate, current_balance",review,medium
L101209,0.5024457602193697,0.5316054978686718,0.7298367802942651,current,0,none,0,"interest_rate, current_balance",review,medium
L101209,0.5118083608801249,0.5526235674701687,0.2986650402365973,current,0,none,0,"interest_rate, current_balance",review,medium
L101209,0.4884440731570564,0.47418526014053347,0.6985393670603333,current,0,none,0,"interest_rate, current_balance",monitor,medium
L101213,0.3158448355350299,0.3467785206411368,0.07821103880072347,current,0,none,0,"interest_rate, current_balance",monitor,medium
L101213,0.30685713584179747,0.33121960771928516,0.09217369956984355,current,0,none,0,"interest_rate, current_balance",monitor,medium
L101213,0.31884239614714616,0.34629606708077765,0.09945257571479958,current,0,none,0,"interest_rate, current_balance",monitor,medium
L101213,0.3362678082309802,0.32353481201238476,0.10245666261325875,current,0,none,0,"interest_rate, current_balance",monitor,medium
L101213,0.33930036867206137,0.3301257328589257,0.10659523934869741,current,0,none,0,"interest_rate, current_balance",monitor,medium
L101213,0.2645585922435573,0.24803220500808318,0.2249367737184662,current,0,balance_increase_anomaly,1,"interest_rate, current_balance",monitor,low
L101213,0.28204455515760385,0.1966075000556109,0.06154414150877173,current,0,balance_increase_anomaly,1,"interest_rate, current_balance",monitor,low
L101213,0.27257487350711684,0.24395910520984482,0.22503884089185452,current,0,balance_increase_anomaly,1,"interest_rate, current_balance",monitor,low
L101213,0.30382924691108715,0.20195981869319443,0.06640269071040705,current,0,balance_increase_anomaly,1,"interest_rate, current_balance",monitor,low
L101213,0.28594423971876404,0.1702646161483281,0.07354786597450876,current,0,balance_increase_anomaly,1,"interest_rate, current_balance",monitor,low
L101213,0.2976592721402947,0.19964955854806177,0.07539961030153113,current,0,balance_increase_anomaly,1,"interest_rate, current_balance",monitor,low
L101213,0.2976592721402947,0.18360455560608943,0.0762776852341936,current,0,balance_increase_anomaly,1,"interest_rate, current_balance",monitor,low
L101214,0.5360009291727599,0.5497759867999372,0.10166296108868815,current,0,none,0,"interest_rate, current_balance",review,medium
L101214,0.46986319322694714,0.5510830313241997,0.06045428280834295,unknown,1,flagged_anomaly,1,"interest_rate, current_balance",review,medium
L101219,0.5226153069189979,0.48393598187231857,0.2048074599705631,current,0,none,0,"interest_rate, current_balance",monitor,medium
L101219,0.5181750790304983,0.4784692100073566,0.21081483382533253,current,0,none,0,"interest_rate, current_balance",monitor,medium
L101219,0.5176988181148977,0.4824205603241281,0.294510487988899,current,0,none,0,"interest_rate, current_balance",monitor,medium
L101219,0.5297801276314851,0.4783837003716751,0.19944241119951073,current,0,none,0,"interest_rate, current_balance",monitor,medium
L101219,0.5085771569554547,0.5033266458182921,0.2457664406320175,current,0,balance_increase_anomaly,1,"interest_rate, current_balance",review,medium
L101219,0.539469785352366,0.5046854408977911,0.23815216361766878,current,0,balance_increase_anomaly,1,"interest_rate, current_balance",review,medium
L101219,0.5258936270045589,0.5086948378373672,0.17280563317429234,current,0,balance_increase_anomaly,1,"interest_rate, current_balance",review,medium
L101219,0.5258936270045589,0.51666545853581,0.177165200240327,current,0,balance_increase_anomaly,1,"interest_rate, current_balance",review,medium
L101219,0.5138060723623943,0.5205320672298049,0.1846851671663786,current,0,balance_increase_anomaly,1,"interest_rate, current_balance",review,medium
L101219,0.5247223454648378,0.5127270389956411,0.18009982468729638,current,0,balance_increase_anomaly,1,"interest_rate, current_balance",review,medium
L101219,0.5211516790003318,0.5000019996260217,0.24672747544029766,current,0,balance_increase_anomaly,1,"interest_rate, current_balance",review,medium
L101219,0.5408413408462871,0.4038140118768603,0.16476296311945862,current,0,balance_increase_anomaly,1,"interest_rate, current_balance",monitor,medium
L101220,0.5165027538666583,0.5200071356649374,0.12577336536600087,current,0,none,0,"interest_rate, current_balance",review,medium
L101220,0.5126297897939907,0.5366605326074074,0.3347563973770338,current,0,none,0,"interest_rate, current_balance",review,medium
L101220,0.5178674238679203,0.4991947534672526,0.12430758753147918,current,0,none,0,"interest_rate, current_balance",monitor,medium
L101220,0.5391908922511139,0.5003444041711251,0.3280306424822152,current,0,none,0,"interest_rate, current_balance",review,medium
L101220,0.5239020659947988,0.5170435405945796,0.32719425921031503,current,0,none,0,"interest_rate, current_balance",review,medium
L101220,0.5560563066785612,0.4837408082040341,0.12702543385761716,current,0,none,0,"interest_rate, current_balance",monitor,medium
L101220,0.5494264593239905,0.48421084784596,0.11943329406139536,current,0,none,0,"interest_rate, current_balance",monitor,medium
L101220,0.5388041736237565,0.5030778803955233,0.10636637158234624,current,0,none,0,"interest_rate, current_balance",review,medium
L101220,0.5210114571073877,0.5119035496562294,0.11066794781721981,current,0,none,0,"interest_rate, current_balance",review,medium
L101220,0.4871954467214186,0.5323913754120007,0.27814923706616634,current,0,none,0,"interest_rate, current_balance",review,medium
L101220,0.4841896528618326,0.5176441470853967,0.257531737734324,current,0,none,0,"interest_rate, current_balance",review,medium
L101220,0.4937255640206597,0.4148965545134308,0.26817375469107657,current,0,none,0,"interest_rate, current_balance",monitor,medium
L101222,0.38648284373603753,0.2984732569286506,0.15689659522259197,current,0,none,0,"interest_rate, current_balance",monitor,low
L101222,0.3359611679036515,0.3430938274035077,0.20120959856073697,current,0,none,0,"interest_rate, current_balance",monitor,medium
L101222,0.31196749195626294,0.38608643494949013,0.23593077988977773,current,0,none,0,"interest_rate, current_balance",monitor,medium
L101222,0.3293341644889943,0.36550021163026486,0.14276786609023884,current,0,none,0,"interest_rate, current_balance",monitor,medium
L101222,0.3051736784467096,0.35791969693754133,0.16544336696335682,current,0,none,0,"interest_rate, current_balance",monitor,medium
L101222,0.3426625439634141,0.34681675236909354,0.18580094518226692,current,0,none,0,"interest_rate, current_balance",monitor,medium
L101222,0.32156206935598713,0.3483314049915968,0.15549143052486378,current,0,none,0,"interest_rate, current_balance",monitor,medium
L101222,0.35879886327310156,0.3560865907045393,0.11719385666243282,current,0,none,0,"interest_rate, current_balance",monitor,medium
L101222,0.34268531807545793,0.3923588203895859,0.19005104943880996,current,0,none,0,"interest_rate, current_balance",monitor,medium
L101222,0.3518013779676483,0.3705536442734981,0.1069256638511937,current,0,none,0,"interest_rate, current_balance",monitor,medium
L101222,0.33946983509931006,0.3418623866112092,0.11542009231291277,current,0,none,0,"interest_rate, current_balance",monitor,medium
L101222,0.3509805787075089,0.3484046768669753,0.1124592196440022,current,0,none,0,"interest_rate, current_balance",monitor,medium
L101230,0.5227767480311147,0.40626844502915044,0.4455437256324642,current,0,none,0,"interest_rate, current_balance",monitor,medium
L101230,0.5230488178111338,0.38648829388435485,0.3337777062298264,current,0,none,0,"interest_rate, current_balance",monitor,medium
L101230,0.5260951300945343,0.3869945676475103,0.3184329686665755,current,0,none,0,"interest_rate, current_balance",monitor,medium
L101230,0.5700112484754892,0.4444569902261868,0.2981588960232041,current,0,none,0,"interest_rate, current_balance",monitor,medium
L101230,0.5832281850809781,0.4409097324461745,0.3123860586495742,current,0,none,0,"interest_rate, current_balance",monitor,medium
L101230,0.5632881521626621,0.3979231468634282,0.46931294224280556,current,0,none,0,"interest_rate, current_balance",monitor,medium
L101230,0.5746321662224781,0.3812369980402109,0.5125211266963579,current,0,balance_increase_anomaly,1,"interest_rate, current_balance",monitor,medium
L101230,0.5683298165604386,0.36218376563159665,0.37314493783529573,current,0,balance_increase_anomaly,1,"interest_rate, current_balance",monitor,medium
L101230,0.5765679473321608,0.39720389665293043,0.32718104535825776,current,0,balance_increase_anomaly,1,"interest_rate, current_balance",monitor,medium
L101230,0.5763303776536168,0.39966460298324874,0.3113155368448343,current,0,balance_increase_anomaly,1,"interest_rate, current_balance",monitor,medium
L101230,0.5512022404368665,0.38152697789291234,0.342334709835375,current,0,balance_increase_anomaly,1,"interest_rate, current_balance",monitor,medium
L101230,0.538313694871253,0.32647908341270526,0.31669826400178464,current,0,balance_increase_anomaly,1,"interest_rate, current_balance",monitor,medium
L101234,0.4536545590849384,0.567301144452065,0.381459997567621,current,0,none,0,"interest_rate, current_balance",review,medium
L101234,0.484119752975336,0.5802505180891466,0.30197200126542595,current,0,none,0,"interest_rate, current_balance",review,medium
L101234,0.4906844420792383,0.5869824916033924,0.4051207916475792,current,0,none,0,"interest_rate, current_balance",review,medium
L101234,0.5098966651155457,0.5812317183198767,0.40146979976908465,current,0,none,0,"interest_rate, current_balance",review,medium
L101234,0.5192255268371636,0.5822604007587867,0.2826091747599324,current,0,none,0,"interest_rate, current_balance",review,medium
L101234,0.5071331984544087,0.584486682237828,0.40442788647447797,current,0,none,0,"interest_rate, current_balance",review,medium
L101234,0.5235575839278589,0.5732080583533564,0.39942945275542724,current,0,none,0,"interest_rate, current_balance",review,medium
L101234,0.5191239960741639,0.5080428351561909,0.19153221045472735,delinquent_30_60,0,severe_delinquency,1,"interest_rate, current_balance",review,medium
L101234,0.5168436093107591,0.5185976658345719,0.18430310610392478,delinquent_30_60,0,severe_delinquency,1,"interest_rate, current_balance",review,medium
L101234,0.5062835443820226,0.5407691483143734,0.21393313672157668,current,0,none,0,"interest_rate, current_balance",review,medium
L101234,0.4982817068729587,0.5561073013648542,0.2337249244061465,current,0,none,0,"interest_rate, current_balance",review,medium
L101234,0.5105718552045272,0.5122511463976132,0.3216333113367079,current,0,none,0,"interest_rate, current_balance",review,medium
L101235,0.49106357727625644,0.5162390861117858,0.10906810216793594,current,0,none,0,"interest_rate, current_balance",review,medium
L101235,0.5187798589168631,0.5162496126813952,0.11239564134561529,current,0,none,0,"interest_rate, current_balance",review,medium
L101235,0.5152674520524284,0.5648220492761198,0.11417312374793409,current,0,none,0,"interest_rate, current_balance",review,medium
L101235,0.5261092042337064,0.543566581150325,0.09731689811262643,current,0,none,0,"interest_rate, current_balance",review,medium
L101235,0.5851526168683557,0.5745129477884189,0.26201446193486544,current,0,none,0,"interest_rate, current_balance",review,medium
L101235,0.5375871904982461,0.5403689279470774,0.09404802394453124,current,0,none,0,"interest_rate, current_balance",review,medium
L101235,0.551099222479157,0.5220884835155623,0.2716933157453706,current,0,none,0,"interest_rate, current_balance",review,medium
L101235,0.15494977959324263,0.13947697898765204,0.2476040054524014,unknown,0,none,0,"interest_rate, current_balance",monitor,low
L101239,0.09950522069851729,0.0631300270290225,0.347235015651386,unknown,0,none,0,"interest_rate, current_balance",monitor,low
L101243,0.43144565984966493,0.37227671632256265,0.0948971447597535,current,0,none,0,"interest_rate, current_balance",monitor,medium
L101243,0.29803588313588425,0.32507115613145526,0.09407046548520374,current,0,none,0,"interest_rate, current_balance",monitor,medium
L101243,0.2726992263782099,0.3296409185243706,0.0939967621958196,current,0,none,0,"interest_rate, current_balance",monitor,medium
L101243,0.2638224882066332,0.33544581205052354,0.09797643249809915,current,0,none,0,"interest_rate, current_balance",monitor,medium
L101243,0.28212596737819867,0.3625028073961718,0.10518388194671423,current,0,none,0,"interest_rate, current_balance",monitor,medium
L101243,0.2686504160731835,0.3527891453541076,0.10892938271238231,current,0,none,0,"interest_rate, current_balance",monitor,medium
L101243,0.27877735030513123,0.354769342558239,0.10461426206948402,current,0,none,0,"interest_rate, current_balance",monitor,medium
L101243,0.26917881520473447,0.4286265015764056,0.26218022614335956,current,0,none,0,"interest_rate, current_balance",monitor,medium
L101243,0.2611455819987623,0.3580522029020781,0.10486897392381697,current,0,none,0,"interest_rate, current_balance",monitor,medium
L101243,0.2535689294066315,0.36520517806161623,0.08444996814295079,current,0,none,0,"interest_rate, current_balance",monitor,medium
L101243,0.2427012909356625,0.3508134645134369,0.08009933971584195,current,0,none,0,"interest_rate, current_balance",monitor,medium
L101243,0.2034417517425344,0.30345246474638643,0.08545809097030177,current,0,none,0,"interest_rate, current_balance",monitor,medium
L101248,0.4827240489245846,0.5139801762305322,0.30857185753838257,current,0,none,0,"interest_rate, current_balance",review,medium
L101248,0.49040756130171853,0.5052488736899026,0.25592153187539246,current,0,none,0,"interest_rate, current_balance",review,medium
L101248,0.4933768842263741,0.49668116916082977,0.2739057168820377,current,0,none,0,"interest_rate, current_balance",monitor,medium
L101248,0.4927850686351505,0.4887991699206656,0.1680393465422749,current,0,none,0,"interest_rate, current_balance",monitor,medium
L101248,0.5102724095623751,0.4936781600022928,0.27439023813980284,current,0,none,0,"interest_rate, current_balance",monitor,medium
L101248,0.4803736339643598,0.4794554963185208,0.18665730455116764,current,0,none,0,"interest_rate, current_balance",monitor,medium
L101248,0.5051212052689331,0.4894147148421782,0.2802371961802223,current,0,none,0,"interest_rate, current_balance",monitor,medium
L101248,0.5114607555749199,0.4862144228904765,0.28193042490610676,current,0,none,0,"interest_rate, current_balance",monitor,medium
L101248,0.5127765607810655,0.4751900950280983,0.1909742883920165,current,0,none,0,"interest_rate, current_balance",monitor,medium
L101248,0.5150226601092106,0.46629843294617873,0.1712162612876471,current,0,none,0,"interest_rate, current_balance",monitor,medium
L101248,0.5131300786424816,0.45242356012242546,0.1745021529667544,current,0,none,0,"interest_rate, current_balance",monitor,medium
L101248,0.4869742372904805,0.40578000127660036,0.17713901708942822,current,0,none,0,"interest_rate, current_balance",monitor,medium
L101254,0.34268267067983826,0.32925172390115653,0.18699883098585474,current,0,none,0,"interest_rate, current_balance",monitor,medium
L101254,0.36484067078709986,0.33704547106298793,0.17883111711901034,current,0,none,0,"interest_rate, current_balance",monitor,medium
L101254,0.37898221843474045,0.3879094871490238,0.16541841703010818,current,0,none,0,"interest_rate, current_balance",monitor,medium
L101254,0.3938882386682459,0.3962965928957098,0.16367282957652138,current,0,none,0,"interest_rate, current_balance",monitor,medium
L101254,0.35441458159079103,0.36864087110125504,0.19997720228269614,current,0,none,0,"interest_rate, current_balance",monitor,medium
L101254,0.3874881244327298,0.3250572785899708,0.21511291397351193,current,0,none,0,"interest_rate, current_balance",monitor,medium
L101254,0.37351450731804364,0.34366144844293,0.1969891043029081,current,0,none,0,"interest_rate, current_balance",monitor,medium
L101254,0.39116570674362844,0.3636149423386156,0.283421143439115,current,0,none,0,"interest_rate, current_balance",monitor,medium
L101254,0.39741152059118995,0.3673279112875151,0.18655616868759425,current,0,none,0,"interest_rate, current_balance",monitor,medium
L101254,0.38573656643521154,0.3608766631547395,0.18934216636508933,current,0,none,0,"interest_rate, current_balance",monitor,medium
L101254,0.41844573165557697,0.36055010493419604,0.20170031287516846,current,0,none,0,"interest_rate, current_balance",monitor,medium
L101254,0.41878041330940846,0.3467367005320675,0.32023033883287255,current,0,none,0,"interest_rate, current_balance",monitor,medium
L101255,0.5268245918623976,0.5442628108251961,0.13754998281844732,current,0,none,0,"interest_rate, current_balance",review,medium
L101255,0.5096272614103468,0.5269493779257356,0.16376751965716316,current,0,none,0,"interest_rate, current_balance",review,medium
L101255,0.5312029384977893,0.5608458281068941,0.21876903699764375,current,0,none,0,"interest_rate, current_balance",review,medium
L101255,0.5299245681604328,0.5698874800278279,0.21402996877641078,current,0,none,0,"interest_rate, current_balance",review,medium
L101255,0.5151883258070533,0.5472755848316236,0.1514468469433601,current,0,none,0,"interest_rate, current_balance",review,medium
L101255,0.4842015693358665,0.5347278095898612,0.1539944506008329,current,0,none,0,"interest_rate, current_balance",review,medium
L101255,0.539638159736276,0.5415305450810739,0.23952024534424254,current,0,none,0,"interest_rate, current_balance",review,medium
L101255,0.5256751159856541,0.5345640623151343,0.15845524830869603,current,0,none,0,"interest_rate, current_balance",review,medium
L101255,0.5449453340322439,0.5362456522038763,0.1359544602485594,current,0,none,0,"interest_rate, current_balance",review,medium
L101255,0.5462062937069991,0.5308758493893758,0.15911868463662912,current,0,balance_increase_anomaly,1,"interest_rate, current_balance",review,medium
L101255,0.5532792198130129,0.5067176695558713,0.12849973837241543,current,0,balance_increase_anomaly,1,"interest_rate, current_balance",review,medium
L101255,0.5384107822721624,0.4500080218120884,0.12981815172487957,current,0,balance_increase_anomaly,1,"interest_rate, current_balance",monitor,medium
L101258,0.5577637528451358,0.5010825419944365,0.12126156199533236,current,0,none,0,"interest_rate, current_balance",review,medium
L101258,0.5464062832698702,0.48672508004248644,0.1355229387907834,current,0,none,0,"interest_rate, current_balance",monitor,medium
L101258,0.5525708424423496,0.49519763435324743,0.33490635666921276,current,0,none,0,"interest_rate, current_balance",monitor,medium
L101258,0.5523062759758668,0.5033990853317084,0.12009243089578936,current,0,none,0,"interest_rate, current_balance",review,medium
L101258,0.538644504437499,0.5036720314860303,0.14354803381576234,current,0,none,0,"interest_rate, current_balance",review,medium
L101258,0.5502812659631666,0.5093245127870077,0.36877489254875423,current,0,none,0,"interest_rate, current_balance",review,medium
L101258,0.5468730238429339,0.5147493598030459,0.14199996797874745,current,0,none,0,"interest_rate, current_balance",review,medium
L101258,0.5444194173732215,0.524198088079335,0.1454344451463795,current,0,none,0,"interest_rate, current_balance",review,medium
L101258,0.5381613156070637,0.5345532600193056,0.14615590080981786,current,0,none,0,"interest_rate, current_balance",review,medium
L101258,0.5333697856007007,0.5252757320896553,0.3815625478480176,current,0,none,0,"interest_rate, current_balance",review,medium
L101258,0.5382763866214813,0.5166627058676729,0.3804701611406407,current,0,none,0,"interest_rate, current_balance",review,medium
L101258,0.508863440307151,0.4381573547851612,0.12586754851291992,current,0,none,0,"interest_rate, current_balance",monitor,medium
L101265,0.4909333700914334,0.5307232643197548,0.2065986986972658,current,0,none,0,"interest_rate, current_balance",review,medium
L101265,0.49201422062506645,0.5337495077117231,0.23107620414385066,current,0,none,0,"interest_rate, current_balance",review,medium
L101265,0.5122989701664441,0.5448223591414506,0.20347388109745645,current,0,none,0,"interest_rate, current_balance",review,medium
L101265,0.5177475137465237,0.5345591737896317,0.2200234368083974,current,0,none,0,"interest_rate, current_balance",review,medium
L101265,0.5005369604499438,0.5235550471294464,0.21509466212236086,current,0,none,0,"interest_rate, current_balance",review,medium
L101265,0.4777108963160872,0.5131433224812507,0.21074958194005114,current,0,none,0,"interest_rate, current_balance",review,medium
L101265,0.5100045776537294,0.5249417643208244,0.21788690245960987,current,0,none,0,"interest_rate, current_balance",review,medium
L101265,0.5125450432029706,0.5236129771377728,0.2280107452632584,current,0,none,0,"interest_rate, current_balance",review,medium
L101265,0.5249509342807432,0.5337203341460827,0.30184112004269203,current,0,none,0,"interest_rate, current_balance",review,medium
L101265,0.49374072648522005,0.5227403904767449,0.18959459027300526,current,0,none,0,"interest_rate, current_balance",review,medium
L101265,0.5090024765850429,0.5270361484307885,0.20458945253608077,current,0,none,0,"interest_rate, current_balance",review,medium
L101265,0.506144417736759,0.4725560520651883,0.2031834959247725,current,0,none,0,"interest_rate, current_balance",monitor,medium
L101270,0.5104461223931341,0.44650876739545603,0.2233023181401858,current,0,none,0,"interest_rate, current_balance",monitor,medium
L101270,0.5098355111249265,0.4277659984725499,0.30304986422604735,current,0,none,0,"interest_rate, current_balance",monitor,medium
L101270,0.4978429620724101,0.4274795282225464,0.23095130401274588,current,0,none,0,"interest_rate, current_balance",monitor,medium
L101270,0.5193985221258517,0.4349342628285323,0.3035832774720614,current,0,none,0,"interest_rate, current_balance",monitor,medium
L101270,0.5167474907044132,0.4214214703645257,0.305397319131341,current,0,none,0,"interest_rate, current_balance",monitor,medium
L101270,0.5306663351849185,0.43622368272973633,0.1984848562177123,current,0,none,0,"interest_rate, current_balance",monitor,medium
L101270,0.5226911204726832,0.44264614536695773,0.2684291773266225,current,0,none,0,"interest_rate, current_balance",monitor,medium
L101270,0.4841948989487479,0.4291671878923154,0.1996337910158201,current,0,none,0,"interest_rate, current_balance",monitor,medium
L101270,0.46531112789393425,0.4469116712290373,0.28273579937503124,current,0,none,0,"interest_rate, current_balance",monitor,medium
L101270,0.4458746968928157,0.4400567991996971,0.19302907596172675,current,0,none,0,"interest_rate, current_balance",monitor,medium
L101270,0.4363985413429701,0.430905698204256,0.20606099340556408,current,0,none,0,"interest_rate, current_balance",monitor,medium
L101270,0.4477757115317694,0.34841432823241225,0.1834521388826084,current,0,none,0,"interest_rate, current_balance",monitor,medium
L101284,0.518434750082589,0.5052591562016384,0.12633991656099933,current,0,none,0,"interest_rate, current_balance",review,medium
L101284,0.5170147825963111,0.5055794768086307,0.11487445214807623,current,0,none,0,"interest_rate, current_balance",review,medium
L101284,0.5387956215867158,0.5543457404188495,0.31930239768473273,current,0,none,0,"interest_rate, current_balance",review,medium
L101284,0.5382443680940052,0.5106012115212063,0.1036292659370103,current,0,none,0,"interest_rate, current_balance",review,medium
L101284,0.5563099692214997,0.514077965899776,0.09530052190237931,current,0,none,0,"interest_rate, current_balance",review,medium
L101284,0.5893108605820747,0.5098215447780268,0.09259441430397995,current,0,none,0,"interest_rate, current_balance",review,medium
L101284,0.6185208004442874,0.5551691932051294,0.25437537877894206,current,0,balance_increase_anomaly,1,"interest_rate, current_balance",review,medium
L101284,0.5923807951051829,0.5315166949105303,0.20820828976654854,current,0,balance_increase_anomaly,1,"interest_rate, current_balance",review,medium
L101284,0.5788175304057531,0.5499307577673578,0.22937815610710335,current,0,balance_increase_anomaly,1,"interest_rate, current_balance",review,medium
L101284,0.5738468473659426,0.5042910640648315,0.09171228071325022,current,0,balance_increase_anomaly,1,"interest_rate, current_balance",review,medium
L101284,0.14725089428973945,0.09788234190649746,0.08418427403944945,unknown,0,balance_increase_anomaly,1,"interest_rate, current_balance",monitor,low
L101289,0.4908204450656624,0.4963393647562024,0.10691219991606575,current,0,none,0,"interest_rate, current_balance",monitor,medium
L101289,0.48586606170331453,0.49472722655917334,0.11027045515334831,current,0,none,0,"interest_rate, current_balance",monitor,medium
L101289,0.4918981650915689,0.4945771102892414,0.1055195814094063,current,0,none,0,"interest_rate, current_balance",monitor,medium
L101289,0.4868237044824836,0.5059700962315262,0.2636116934767429,current,0,none,0,"interest_rate, current_balance",review,medium
L101289,0.48722374723968737,0.501758975327129,0.2615482756770754,current,0,none,0,"interest_rate, current_balance",review,medium
L101289,0.4899305115939962,0.49689918554720786,0.25992450245105986,current,0,none,0,"interest_rate, current_balance",monitor,medium
L101289,0.4707187911832415,0.5002363312271852,0.2700447661962388,current,0,none,0,"interest_rate, current_balance",review,medium
L101289,0.46884602697954675,0.4921733992338169,0.08938886602905659,current,0,none,0,"interest_rate, current_balance",monitor,medium
L101289,0.46717134823829154,0.48097892512748863,0.08047652960684938,current,0,none,0,"interest_rate, current_balance",monitor,medium
L101289,0.44013754696724805,0.48276823550320636,0.2234194112539972,current,0,none,0,"interest_rate, current_balance",monitor,medium
L101289,0.441985169617962,0.47578383234743893,0.07130735145894401,current,0,none,0,"interest_rate, current_balance",monitor,medium
L101289,0.4341360824394318,0.42803197309101726,0.07434476058951366,current,0,none,0,"interest_rate, current_balance",monitor,medium
L101290,0.4170224858014919,0.504725273968112,0.1313071360807181,current,0,none,0,"interest_rate, current_balance",review,medium
L101290,0.4176017668707299,0.4615360727012132,0.4520237723413708,current,0,none,0,"interest_rate, current_balance",monitor,medium
L101290,0.4082129851955505,0.469728718271382,0.14800247336166933,current,0,none,0,"interest_rate, current_balance",monitor,medium
L101290,0.40618071014710166,0.48015410798711533,0.13995732703507194,current,0,none,0,"interest_rate, current_balance",monitor,medium
L101290,0.4450478093492796,0.5161307124341928,0.1359954583043633,current,0,none,0,"interest_rate, current_balance",review,medium
L101290,0.41031143998436564,0.4609428925664605,0.1516859919124224,current,0,none,0,"interest_rate, current_balance",monitor,medium
L101290,0.4226837092010583,0.46362151802736,0.1587548354016775,current,0,none,0,"interest_rate, current_balance",monitor,medium
L101290,0.4130183650620543,0.4695646690717275,0.16430757002242957,current,0,none,0,"interest_rate, current_balance",monitor,medium
L101290,0.39796050966477725,0.477425820505939,0.16020508337677658,current,0,none,0,"interest_rate, current_balance",monitor,medium
L101290,0.40484320052065503,0.47680486876840045,0.1537750172943452,current,0,none,0,"interest_rate, current_balance",monitor,medium
L101290,0.39537168001594325,0.4753096740100953,0.1449898918806503,current,0,none,0,"interest_rate, current_balance",monitor,medium
L101290,0.38933101390636327,0.4134696481608078,0.39538299472352667,current,0,none,0,"interest_rate, current_balance",monitor,medium
L101299,0.31693452752808016,0.29686867513971327,0.37082891546774266,current,0,none,0,"interest_rate, current_balance",monitor,low
L101299,0.34825849326307656,0.3112934243297404,0.3808331187983423,current,0,none,0,"interest_rate, current_balance",monitor,medium
L101299,0.32191554334268435,0.23604407805787897,0.1113472513337985,current,0,none,0,"interest_rate, current_balance",monitor,low
L101299,0.3402538222352609,0.22870850974783513,0.10806493429861061,current,0,none,0,"interest_rate, current_balance",monitor,low
L101299,0.3483172301382013,0.2403770351499281,0.11038558595469947,current,0,none,0,"interest_rate, current_balance",monitor,low
L101299,0.348339740742288,0.26168523694260704,0.11594727834505339,current,0,none,0,"interest_rate, current_balance",monitor,low
L101299,0.3465685092967935,0.2700177795542157,0.3362117617008271,current,0,none,0,"interest_rate, current_balance",monitor,low
L101299,0.34884882945480716,0.26618646137450885,0.33426237476669696,current,0,none,0,"interest_rate, current_balance",monitor,low
L101299,0.3388408860881051,0.2507329144311676,0.12700034755629316,current,0,none,0,"interest_rate, current_balance",monitor,low
L101299,0.3526416830810892,0.28093528449306443,0.30653355846434915,current,0,none,0,"interest_rate, current_balance",monitor,low
L101299,0.36460736758107753,0.29902569425665393,0.2808755110988325,current,0,none,0,"interest_rate, current_balance",monitor,low
L101299,0.31689535484881803,0.2485454200627023,0.07526083807612535,current,0,none,0,"interest_rate, current_balance",monitor,low
L101300,0.45050570425001524,0.5059588587901688,0.32023714430565986,current,0,none,0,"interest_rate, current_balance",review,medium
L101300,0.46848745086844673,0.509956570254175,0.21601349365587216,current,0,none,0,"interest_rate, current_balance",review,medium
L101300,0.47356088923024475,0.48043209025143097,0.3135426610766729,current,0,none,0,"interest_rate, current_balance",monitor,medium
L101300,0.47948113794623654,0.47801849127505563,0.19064587761751017,current,0,none,0,"interest_rate, current_balance",monitor,medium
L101300,0.48087179216004616,0.4947268190321845,0.18224871651451,current,0,none,0,"interest_rate, current_balance",monitor,medium
L101300,0.485874404852681,0.5080112969620837,0.2801343822078244,current,0,none,0,"interest_rate, current_balance",review,medium
L101300,0.4974141138668629,0.5076414633923315,0.2893792687390329,current,0,none,0,"interest_rate, current_balance",review,medium
L101300,0.49205140848069345,0.5223152274515642,0.31473030975568755,current,0,none,0,"interest_rate, current_balance",review,medium
L101300,0.5005916788815932,0.523144616570939,0.29517625643218215,current,0,none,0,"interest_rate, current_balance",review,medium
L101300,0.499131049681381,0.5275584306129057,0.21513342279783595,current,0,none,0,"interest_rate, current_balance",review,medium
L101300,0.47504438229225476,0.5004972633468688,0.34487409532170077,current,0,none,0,"interest_rate, current_balance",review,medium
L101300,0.41817544416744623,0.41437683722106416,0.26186738062051684,delinquent_30_60,1,flagged_anomaly,1,"interest_rate, current_balance",monitor,medium
L101310,0.4090772603412244,0.4331630675481763,0.21920935865424704,current,0,none,0,"interest_rate, current_balance",monitor,medium
L101310,0.42342334938190723,0.46020153649090634,0.23014777645175974,current,0,none,0,"interest_rate, current_balance",monitor,medium
L101310,0.41729524486809183,0.46718393502813993,0.2276482277306082,current,0,none,0,"interest_rate, current_balance",monitor,medium
L101310,0.4233804745835691,0.4725407408702549,0.19882989905004353,current,0,none,0,"interest_rate, current_balance",monitor,medium
L101310,0.42347846364951763,0.4735930526137838,0.19851405915387496,current,0,none,0,"interest_rate, current_balance",monitor,medium
L101310,0.4201094457396451,0.4650551489413389,0.2160314720464705,current,0,none,0,"interest_rate, current_balance",monitor,medium
L101310,0.4368332562430903,0.46359195561604055,0.18361816066219047,current,0,none,0,"interest_rate, current_balance",monitor,medium
L101310,0.40883522856090826,0.44974999527266013,0.22014013693063159,current,0,none,0,"interest_rate, current_balance",monitor,medium
L101310,0.4102611922237824,0.45809302061227575,0.20270308641679893,current,0,none,0,"interest_rate, current_balance",monitor,medium
L101310,0.4096648818345777,0.46636840097926097,0.1742851253178031,current,0,none,0,"interest_rate, current_balance",monitor,medium
L101310,0.3658691871535699,0.46127003699110075,0.1598424749354525,current,0,none,0,"interest_rate, current_balance",monitor,medium
L101310,0.37227324886539787,0.4299180574869474,0.15706580056659805,current,0,none,0,"interest_rate, current_balance",monitor,medium
L101311,0.4453069962087147,0.37205902376152894,0.15412426016537814,current,0,none,0,"interest_rate, current_balance",monitor,medium
L101311,0.42128038508255033,0.29325372148289314,0.06604289720336946,current,0,none,0,"interest_rate, current_balance",monitor,low
L101311,0.42754291911812203,0.3044759503137422,0.06460840053807805,current,0,none,0,"interest_rate, current_balance",monitor,medium
L101311,0.43541343292215773,0.3390568659751463,0.04157814041146617,current,0,none,0,"interest_rate, current_balance",monitor,medium
L101311,0.41307816587664625,0.297899414459142,0.060696475391336546,current,0,none,0,"interest_rate, current_balance",monitor,low
L101311,0.43806095211463875,0.33199934709522233,0.15416041569022942,current,0,none,0,"interest_rate, current_balance",monitor,medium
L101311,0.47776236663799265,0.32520544512513766,0.1527223688476478,current,0,none,0,"interest_rate, current_balance",monitor,medium
L101311,0.47938347275978527,0.3153119992353555,0.15176729068419972,current,0,none,0,"interest_rate, current_balance",monitor,medium
L101311,0.45123868378242593,0.30824468238694247,0.1397001278036254,current,0,none,0,"interest_rate, current_balance",monitor,medium
L101311,0.4164432478738769,0.26134446722520827,0.0493148597815585,current,0,none,0,"interest_rate, current_balance",monitor,low
L101311,0.4158599140287937,0.2681080533455982,0.049876116227054366,current,0,none,0,"interest_rate, current_balance",monitor,low
L101311,0.41878954361859694,0.2789891183306874,0.12652690721824983,current,0,none,0,"interest_rate, current_balance",monitor,low
L101322,0.372910956679248,0.3172469769915537,0.09938078435602819,delinquent_30_60,1,flagged_anomaly,1,"interest_rate, current_balance",monitor,medium
L101322,0.35709343710013086,0.28901000492024875,0.11223648473114714,current,0,none,0,"interest_rate, current_balance",monitor,low
L101322,0.3756258961017217,0.3599047370032283,0.13109713348215454,current,0,none,0,"interest_rate, current_balance",monitor,medium
L101322,0.4228248378970546,0.3620965121742967,0.1441393712403852,current,0,none,0,"interest_rate, current_balance",monitor,medium
L101322,0.49915164001933476,0.39181779648733395,0.24820015641657614,current,0,none,0,"interest_rate, current_balance",monitor,medium
L101322,0.45305528558023034,0.3610132626786836,0.14916576003766613,current,0,none,0,"interest_rate, current_balance",monitor,medium
L101322,0.4155988689314992,0.3706171345412073,0.14171077523217962,current,0,none,0,"interest_rate, current_balance",monitor,medium
L101322,0.40054470063828923,0.33197238779770527,0.15840183960110774,current,0,none,0,"interest_rate, current_balance",monitor,medium
L101322,0.3648951202133763,0.3318161533474907,0.16412933885295589,current,0,none,0,"interest_rate, current_balance",monitor,medium
L101322,0.36787893560458057,0.3723692003752976,0.134965866414968,current,0,none,0,"interest_rate, current_balance",monitor,medium
L101322,0.31542994758379966,0.2905418156067266,0.13992046971395472,current,0,none,0,"interest_rate, current_balance",monitor,low
L101322,0.38609342509329303,0.2685355269231362,0.20670061346989943,current,0,none,0,"interest_rate, current_balance",monitor,low
L101325,0.4102511952848899,0.35137674048559525,0.2535459439583371,current,0,none,0,"interest_rate, current_balance",monitor,medium
L101325,0.36497850751938254,0.36007636552733074,0.2507903056495231,current,0,none,0,"interest_rate, current_balance",monitor,medium
L101325,0.3528118880802891,0.3950172244710614,0.2759664813881547,current,0,none,0,"interest_rate, current_balance",monitor,medium
L101325,0.34544550067378116,0.3461980623284903,0.21401928769670756,current,0,none,0,"interest_rate, current_balance",monitor,medium
L101325,0.3495855810709917,0.32858003683759485,0.33821823069609896,current,0,none,0,"interest_rate, current_balance",monitor,medium
L101325,0.3333581820322551,0.3537184825020463,0.2665027180918847,current,0,none,0,"interest_rate, current_balance",monitor,medium
L101325,0.34163453886464035,0.33540865530427205,0.37345279062042247,current,0,none,0,"interest_rate, current_balance",monitor,medium
L101325,0.3511862821173537,0.32981774248476614,0.2285253009478554,current,0,none,0,"interest_rate, current_balance",monitor,medium
L101325,0.3531460117408724,0.3452829345561414,0.3413165940716217,current,0,none,0,"interest_rate, current_balance",monitor,medium
L101325,0.3492514692924879,0.344804309829434,0.26756373266458106,current,0,balance_increase_anomaly,1,"interest_rate, current_balance",monitor,medium
L101325,0.33155777475619885,0.35875230488672133,0.26160588282086045,current,0,balance_increase_anomaly,1,"interest_rate, current_balance",monitor,medium
L101325,0.32328735523759367,0.36800442307721437,0.2571169033494273,current,0,balance_increase_anomaly,1,"interest_rate, current_balance",monitor,medium
L101335,0.3319653591039249,0.2923903016761161,0.08356183623995123,current,0,none,0,"interest_rate, current_balance",monitor,low
L101335,0.3649719680960904,0.3338528050090317,0.23725489389036872,current,0,none,0,"interest_rate, current_balance",monitor,medium
L101335,0.3729440906821371,0.35175985069640264,0.243259836701444,current,0,none,0,"interest_rate, current_balance",monitor,medium
L101335,0.33520099187932323,0.3137058874755046,0.07501441636946109,current,0,none,0,"interest_rate, current_balance",monitor,medium
L101335,0.3063137108779929,0.204477189408869,0.06412046086912472,current,0,balance_increase_anomaly,1,"interest_rate, current_balance",monitor,low
L101335,0.3247818497317999,0.20140721161279754,0.22344306208961115,current,0,balance_increase_anomaly,1,"interest_rate, current_balance",monitor,low
L101335,0.3041502374998788,0.19906522750021038,0.18409073184331604,current,0,balance_increase_anomaly,1,"interest_rate, current_balance",monitor,low
L101335,0.3092413011638978,0.16851091494623896,0.05604917665214456,current,0,balance_increase_anomaly,1,"interest_rate, current_balance",monitor,low
L101335,0.29283484392252157,0.17430137998276532,0.046709266032781346,current,0,balance_increase_anomaly,1,"interest_rate, current_balance",monitor,low
L101335,0.2682147913224654,0.17226253072829792,0.049613624087968815,current,0,balance_increase_anomaly,1,"interest_rate, current_balance",monitor,low
L101335,0.13204265284604672,0.06413122851131496,0.2476407981334393,unknown,0,balance_increase_anomaly,1,"interest_rate, current_balance",monitor,low
L101339,0.49043061707831165,0.4727866192064104,0.22187520808954656,current,0,none,0,"interest_rate, current_balance",monitor,medium
L101339,0.4728722775893226,0.3919765837779945,0.083888694123617,current,0,none,0,"interest_rate, current_balance",monitor,medium
L101339,0.47873762087765365,0.46201747793199616,0.25804455512591024,current,0,none,0,"interest_rate, current_balance",monitor,medium
L101339,0.4830067963998228,0.4197462330171393,0.09672139961686457,current,0,none,0,"interest_rate, current_balance",monitor,medium
L101339,0.4362441124932437,0.3977092985429902,0.08842847703041988,current,0,none,0,"interest_rate, current_balance",monitor,medium
L101339,0.5409173287336488,0.3516635727842194,0.08716419311395483,current,0,balance_increase_anomaly,1,"interest_rate, current_balance",monitor,medium
L101339,0.5599358275001227,0.3408287187747935,0.12753189154438882,current,0,balance_increase_anomaly,1,"interest_rate, current_balance",monitor,medium
L101339,0.5502914163816761,0.36660188924972925,0.3192425898578286,current,0,balance_increase_anomaly,1,"interest_rate, current_balance",monitor,medium
L101339,0.5446913970716045,0.3656060373283153,0.32815666060413096,current,0,balance_increase_anomaly,1,"interest_rate, current_balance",monitor,medium
L101339,0.49709120520139466,0.3543571566087392,0.3367007293347468,current,0,balance_increase_anomaly,1,"interest_rate, current_balance",monitor,medium
L101339,0.532927552712264,0.34976279755238326,0.10331585680153019,current,0,balance_increase_anomaly,1,"interest_rate, current_balance",monitor,medium
L101339,0.5321321124908989,0.3124242235609855,0.09941237086723155,current,0,balance_increase_anomaly,1,"interest_rate, current_balance",monitor,medium
L101341,0.2944506239613011,0.29254479919758575,0.23079930041876542,current,0,none,0,"interest_rate, current_balance",monitor,low
L101341,0.27727775556391854,0.37447439197100163,0.3202152443071846,current,0,none,0,"interest_rate, current_balance",monitor,medium
L101341,0.273978252230928,0.34010841505774425,0.24983954094457986,current,0,none,0,"interest_rate, current_balance",monitor,medium
L101341,0.26645298604816986,0.403841234468542,0.340096106666119,current,0,none,0,"interest_rate, current_balance",monitor,medium
L101341,0.23619202900615496,0.33705114207681747,0.22857845711465685,current,0,none,0,"interest_rate, current_balance",monitor,medium
L101341,0.2325188442879263,0.3215467484670185,0.22664350319414803,current,0,none,0,"interest_rate, current_balance",monitor,medium
L101341,0.22946609495584924,0.3147465502071911,0.16545910728797653,current,0,none,0,"interest_rate, current_balance",monitor,medium
L101341,0.22731754602787346,0.3310704061570653,0.20397983625148955,current,0,none,0,"interest_rate, current_balance",monitor,medium
L101341,0.22553433054326827,0.35181776048106544,0.1898986469470401,current,0,none,0,"interest_rate, current_balance",monitor,medium
L101341,0.2254475311978026,0.3457076193696094,0.16796252420292107,current,0,none,0,"interest_rate, current_balance",monitor,medium
L101341,0.22753245825655294,0.34342996650325025,0.15444080773171945,current,0,none,0,"interest_rate, current_balance",monitor,medium
L101341,0.24165969551970165,0.3555362841727491,0.23509708333690077,current,0,none,0,"interest_rate, current_balance",monitor,medium
L101349,0.2761156908245899,0.34679999965555935,0.29766930099217415,current,0,none,0,"interest_rate, current_balance",monitor,medium
L101349,0.2552443155720812,0.26464116597425275,0.18894582672095744,current,0,none,0,"interest_rate, current_balance",monitor,low
L101349,0.2659601318708995,0.3611915831834442,0.3319914807029564,current,0,none,0,"interest_rate, current_balance",monitor,medium
L101349,0.22267262647277614,0.3294520484697885,0.19627095364242897,current,0,none,0,"interest_rate, current_balance",monitor,medium
L101349,0.2110716815235488,0.38598182656528757,0.1539956575712266,current,0,none,0,"interest_rate, current_balance",monitor,medium
L101349,0.22091066097337234,0.36134394925742924,0.14988985981445585,current,0,none,0,"interest_rate, current_balance",monitor,medium
L101349,0.23468528032460048,0.3891475157904001,0.21785809174387172,current,0,none,0,"interest_rate, current_balance",monitor,medium
L101349,0.2144315759296272,0.3732798409372986,0.1605186742993394,current,0,none,0,"interest_rate, current_balance",monitor,medium
L101349,0.09273466972526394,0.11759797551572056,0.14247220148204534,unknown,0,none,0,"interest_rate, current_balance",monitor,low
L101356,0.2307204596067653,0.23674828793205155,0.07210982482406642,current,0,none,0,"interest_rate, current_balance",monitor,low
L101356,0.2708787189082702,0.28774211065693966,0.23647868607448794,current,0,none,0,"interest_rate, current_balance",monitor,low
L101356,0.2592707270868484,0.25005268232953665,0.08409402756215406,current,0,none,0,"interest_rate, current_balance",monitor,low
L101356,0.2752660276356159,0.32182202694825235,0.240397525510365,current,0,none,0,"interest_rate, current_balance",monitor,medium
L101356,0.2256454487716077,0.3376023580149741,0.2257683222124505,current,0,none,0,"interest_rate, current_balance",monitor,medium
L101356,0.2658468757729704,0.31943969549277923,0.2500059806660586,current,0,none,0,"interest_rate, current_balance",monitor,medium
L101356,0.23352392776265518,0.29066530201131496,0.07019861840485361,current,0,none,0,"interest_rate, current_balance",monitor,low
L101356,0.26320861647231913,0.27050856717171434,0.08636454143147385,current,0,none,0,"interest_rate, current_balance",monitor,low
L101356,0.2560787267494193,0.303961137730375,0.06968991335871841,current,0,none,0,"interest_rate, current_balance",monitor,medium
L101356,0.25185025845115677,0.3085514684494851,0.06069308717111368,current,0,none,0,"interest_rate, current_balance",monitor,medium
L101356,0.2793284992401006,0.3448746095780726,0.2320118784406213,current,0,none,0,"interest_rate, current_balance",monitor,medium
L101356,0.2492797069293803,0.26285916115079727,0.07346675639519,current,0,none,0,"interest_rate, current_balance",monitor,low
L101362,0.3561980591277326,0.4365031403109334,0.8023174085196915,current,0,none,0,"interest_rate, current_balance",monitor,medium
L101362,0.36000548349619205,0.39052498541082187,0.7727282537464394,current,0,none,0,"interest_rate, current_balance",monitor,medium
L101362,0.38373109003643985,0.41024546349258956,0.798364477003449,current,0,none,0,"interest_rate, current_balance",monitor,medium
L101362,0.39623116379921847,0.40359246488878636,0.7716979560395271,current,0,none,0,"interest_rate, current_balance",monitor,medium
L101362,0.3965892896317251,0.4057832522772656,0.7556230949660021,current,0,none,0,"interest_rate, current_balance",monitor,medium
L101362,0.40103644019540674,0.37514615297178805,0.7164609205849184,current,0,none,0,"interest_rate, current_balance",monitor,medium
L101362,0.40831127661263217,0.36498664927787655,0.7452173415414798,current,0,none,0,"interest_rate, current_balance",monitor,medium
L101362,0.16354145513697357,0.12713825443470708,0.451862033701294,unknown,0,none,0,"interest_rate, current_balance",monitor,low
L101365,0.3793866035349551,0.3656258593313001,0.22686756325200774,current,0,none,0,"interest_rate, current_balance",monitor,medium
L101365,0.37646445390027644,0.3652016503143397,0.1995978557365761,current,0,none,0,"interest_rate, current_balance",monitor,medium
L101365,0.3797340609542948,0.37783994690652845,0.18215872816626177,current,0,none,0,"interest_rate, current_balance",monitor,medium
L101365,0.40567811101183204,0.36343126017683003,0.1728672023112805,current,0,none,0,"interest_rate, current_balance",monitor,medium
L101365,0.41774959388528526,0.37606363388775466,0.16281169994257302,current,0,none,0,"interest_rate, current_balance",monitor,medium
L101365,0.414104980619875,0.3852340061122203,0.250345365891042,current,0,none,0,"interest_rate, current_balance",monitor,medium
L101365,0.4045724329922299,0.39174372467484886,0.24922764009642642,current,0,none,0,"interest_rate, current_balance",monitor,medium
L101365,0.4169276470843175,0.3701460607243207,0.15654044810367326,current,0,none,0,"interest_rate, current_balance",monitor,medium
L101365,0.4020563611817632,0.3899053641771894,0.22144913989452353,current,0,none,0,"interest_rate, current_balance",monitor,medium
L101365,0.39758331911191613,0.37050462637279447,0.1435935835545493,current,0,none,0,"interest_rate, current_balance",monitor,medium
L101365,0.39315832171975124,0.36244554866566486,0.14877945459954453,current,0,none,0,"interest_rate, current_balance",monitor,medium
L101365,0.4024142957679607,0.32595831999767594,0.21739370488729948,current,0,none,0,"interest_rate, current_balance",monitor,medium
L101372,0.49302466732044453,0.48070111620965067,0.34537325142477676,current,0,none,0,"interest_rate, current_balance",monitor,medium
L101372,0.48890933055904023,0.4750827129274789,0.2605742278511615,current,0,none,0,"interest_rate, current_balance",monitor,medium
L101372,0.48125955431419015,0.48524465940922823,0.2417011052951347,current,0,none,0,"interest_rate, current_balance",monitor,medium
L101372,0.5117074140522698,0.49750110730921715,0.35652621975753224,current,0,none,0,"interest_rate, current_balance",monitor,medium
L101372,0.493275827720736,0.49083195199064306,0.3602912710322145,current,0,none,0,"interest_rate, current_balance",monitor,medium
L101372,0.4903900768063019,0.48976310467619205,0.2594964845092012,current,0,none,0,"interest_rate, current_balance",monitor,medium
L101372,0.48990169105301,0.5042080767446797,0.2709998014535648,current,0,none,0,"interest_rate, current_balance",review,medium
L101372,0.5158278130309354,0.5121326909535818,0.27374737047575076,current,0,none,0,"interest_rate, current_balance",review,medium
L101372,0.5012017672501565,0.5049125918064187,0.2677009108279525,current,0,none,0,"interest_rate, current_balance",review,medium
L101372,0.5025427074548853,0.5013305722562823,0.23571791024566385,current,0,none,0,"interest_rate, current_balance",review,medium
L101372,0.4760790880254846,0.47716984752509445,0.2076299532537318,current,0,none,0,"interest_rate, current_balance",monitor,medium
L101372,0.46469958182047955,0.4032123007668638,0.20077499058608145,current,0,none,0,"interest_rate, current_balance",monitor,medium
L101373,0.4901664760240326,0.48419625307244835,0.14826543062352435,current,0,none,0,"interest_rate, current_balance",monitor,medium
L101373,0.4623606034531704,0.4718700416651487,0.10754409412578746,current,0,none,0,"interest_rate, current_balance",monitor,medium
L101373,0.48464287332016537,0.48629221663923894,0.11203709573953094,current,0,none,0,"interest_rate, current_balance",monitor,medium
L101373,0.5214604685895555,0.4713544585607535,0.13992985970078262,current,0,none,0,"interest_rate, current_balance",monitor,medium
L101373,0.5296804147768741,0.4695286147597917,0.14079428530329965,current,0,none,0,"interest_rate, current_balance",monitor,medium
L101373,0.5441583415818496,0.4509510602662473,0.13850585952118694,current,0,none,0,"interest_rate, current_balance",monitor,medium
L101373,0.5546102639921413,0.45555303166571964,0.12715304902877747,current,0,none,0,"interest_rate, current_balance",monitor,medium
L101373,0.5307777814734946,0.4494063727762583,0.3761320801336118,current,0,none,0,"interest_rate, current_balance",monitor,medium
L101373,0.5298897522428555,0.46704590284644193,0.1416012656581693,current,0,none,0,"interest_rate, current_balance",monitor,medium
L101373,0.5076910428274378,0.4517086806571149,0.3297046669969752,current,0,none,0,"interest_rate, current_balance",monitor,medium
L101373,0.4800898172518481,0.4798229475808987,0.12666294143462872,current,0,none,0,"interest_rate, current_balance",monitor,medium
L101373,0.5086926728275757,0.39630552329263696,0.3598944590116806,current,0,none,0,"interest_rate, current_balance",monitor,medium
L101387,0.4226091735989952,0.3280900374706733,0.25454842683153356,current,0,none,0,"interest_rate, current_balance",monitor,medium
L101387,0.42488131857967665,0.3589819252842017,0.2955077669365744,current,0,none,0,"interest_rate, current_balance",monitor,medium
L101387,0.429887382418118,0.3718629612383796,0.2873427101152786,current,0,none,0,"interest_rate, current_balance",monitor,medium
L101387,0.40844098346395297,0.3326377992532682,0.21972339906700933,unknown,0,severe_delinquency,1,"interest_rate, current_balance",monitor,medium
L101393,0.3999625520024184,0.48818379208518603,0.21688571470547502,current,0,none,0,"interest_rate, current_balance",monitor,medium
L101393,0.4534962179339935,0.47138002124924083,0.254188416175508,current,0,none,0,"interest_rate, current_balance",monitor,medium
L101393,0.3838820761968015,0.48369172789940024,0.1554531889532936,current,0,none,0,"interest_rate, current_balance",monitor,medium
L101393,0.4734765633447874,0.527722868544706,0.30410092187367943,current,0,none,0,"interest_rate, current_balance",review,medium
L101393,0.11900161669151636,0.08564188085954536,0.18590251361973972,unknown,0,none,0,"interest_rate, current_balance",monitor,low
L101398,0.4245083465242533,0.4928856167037479,0.11569246109709051,current,0,none,0,"interest_rate, current_balance",monitor,medium
L101398,0.43013919703743664,0.5063293433025293,0.13118231021302396,current,0,none,0,"interest_rate, current_balance",review,medium
L101398,0.4163585278231014,0.46950506184632756,0.10527618392178217,current,0,none,0,"interest_rate, current_balance",monitor,medium
L101398,0.4454712441508817,0.5281384329761042,0.26742546620812924,current,0,none,0,"interest_rate, current_balance",review,medium
L101398,0.4510608279782568,0.5064381073030861,0.10430827188955202,current,0,none,0,"interest_rate, current_balance",review,medium
L101398,0.43518346929656804,0.4993417717747372,0.10205398609455185,current,0,none,0,"interest_rate, current_balance",monitor,medium
L101398,0.4334753066980108,0.47244529639097493,0.1020378551999679,current,0,balance_increase_anomaly,1,"interest_rate, current_balance",monitor,medium
L101398,0.45772082146236265,0.4979483370314311,0.28679558997681714,current,0,balance_increase_anomaly,1,"interest_rate, current_balance",monitor,medium
L101398,0.4373281191827449,0.4807354848216177,0.10676357336802109,current,0,balance_increase_anomaly,1,"interest_rate, current_balance",monitor,medium
L101398,0.4329912040853489,0.47864028787605084,0.09545059716622874,current,0,balance_increase_anomaly,1,"interest_rate, current_balance",monitor,medium
L101398,0.4328345975654821,0.4823043402999837,0.2545873227064535,current,0,balance_increase_anomaly,1,"interest_rate, current_balance",monitor,medium
L101398,0.4266913416700577,0.4162307853480363,0.07869853080266634,current,0,balance_increase_anomaly,1,"interest_rate, current_balance",monitor,medium
L101404,0.22595730998896807,0.364922871651167,0.25185113336390935,current,0,none,0,"interest_rate, current_balance",monitor,medium
L101404,0.22424498868253342,0.36268068115409813,0.25820432929820136,current,0,none,0,"interest_rate, current_balance",monitor,medium
L101404,0.22745980380317235,0.41413844980316467,0.3743288609562597,current,0,none,0,"interest_rate, current_balance",monitor,medium
L101404,0.209279957141992,0.35647448040087676,0.2530052535810766,current,0,none,0,"interest_rate, current_balance",monitor,medium
L101404,0.17662334851766406,0.30187358790902846,0.22220975176395574,current,0,none,0,"interest_rate, current_balance",monitor,medium
L101404,0.22447900779171012,0.37062532505087004,0.3326338808662224,current,0,none,0,"interest_rate, current_balance",monitor,medium
L101404,0.20199426546397556,0.3327796255703767,0.2181249060924952,current,0,none,0,"interest_rate, current_balance",monitor,medium
L101404,0.18581364690719165,0.2955978326757846,0.1770192176695047,current,0,none,0,"interest_rate, current_balance",monitor,low
L101404,0.20500000683453615,0.3581819096959454,0.19384215321775825,current,0,none,0,"interest_rate, current_balance",monitor,medium
L101404,0.2227024660285765,0.387690504792768,0.28307895839758945,current,0,none,0,"interest_rate, current_balance",monitor,medium
L101404,0.2251473612930367,0.3877537510739204,0.24332254088393487,current,0,none,0,"interest_rate, current_balance",monitor,medium
L101404,0.22734418784029264,0.37840138287666675,0.2535865890073892,current,0,none,0,"interest_rate, current_balance",monitor,medium
L101410,0.4660337430567202,0.49246780352028946,0.34910671616793115,current,0,none,0,"interest_rate, current_balance",monitor,medium
L101410,0.4756781947490949,0.5052183870971615,0.13976322531037513,current,0,none,0,"interest_rate, current_balance",review,medium
L101410,0.47579947619865093,0.5018822861830452,0.13319775924075836,current,0,none,0,"interest_rate, current_balance",review,medium
L101410,0.4943822798834009,0.5110322177778879,0.1007786580343705,current,0,none,0,"interest_rate, current_balance",review,medium
L101410,0.4852632741406377,0.5057485226943447,0.3251571342792922,current,0,none,0,"interest_rate, current_balance",review,medium
L101410,0.4801676371208529,0.504276772472005,0.29119107028052166,current,0,none,0,"interest_rate, current_balance",review,medium
L101410,0.46991204264212494,0.47407527735001875,0.11024372467603553,current,0,none,0,"interest_rate, current_balance",monitor,medium
L101410,0.47049860744409017,0.47955674218937067,0.25711427362630723,current,0,none,0,"interest_rate, current_balance",monitor,medium
L101410,0.4731169921446507,0.48392457865526506,0.09835109217139278,current,0,none,0,"interest_rate, current_balance",monitor,medium
L101410,0.47156917570223367,0.4815552608210974,0.09730998084167475,current,0,none,0,"interest_rate, current_balance",monitor,medium
L101410,0.4660693737498883,0.46830730203207405,0.22356063271276932,current,0,none,0,"interest_rate, current_balance",monitor,medium
L101410,0.46483705408545384,0.43337295052085023,0.09790820968744117,current,0,none,0,"interest_rate, current_balance",monitor,medium
L101415,0.513703456534632,0.4645696931195152,0.7813846571932279,current,0,none,0,"interest_rate, current_balance",monitor,medium
L101415,0.5014665304149934,0.47753465687913205,0.7096309218253071,current,0,none,0,"interest_rate, current_balance",monitor,medium
L101415,0.11505617203029078,0.09339586374150677,0.5650331537480681,unknown,0,none,0,"interest_rate, current_balance",monitor,low
L101422,0.2389557609060708,0.37709950486727845,0.07757430910138717,current,0,none,0,"interest_rate, current_balance",monitor,medium
L101422,0.2168001401020095,0.37897289116811056,0.1892621514701216,current,0,none,0,"interest_rate, current_balance",monitor,medium
L101422,0.21520357148765915,0.4072878533278696,0.1827694169728056,current,0,none,0,"interest_rate, current_balance",monitor,medium
L101422,0.21709241414124725,0.399391148337741,0.0958321792842021,current,0,none,0,"interest_rate, current_balance",monitor,medium
L101422,0.20936426296018737,0.4096080564838468,0.09719562283347676,current,0,none,0,"interest_rate, current_balance",monitor,medium
L101422,0.21712361470452024,0.38051183699027763,0.09053680103183755,current,0,none,0,"interest_rate, current_balance",monitor,medium
L101422,0.21814095126896849,0.3645186202766534,0.07164883802781231,current,0,none,0,"interest_rate, current_balance",monitor,medium
L101422,0.21849370237400337,0.3847638433292632,0.07512815972759528,current,0,none,0,"interest_rate, current_balance",monitor,medium
L101422,0.2174582878545599,0.41950206525352124,0.06477084039052523,current,0,none,0,"interest_rate, current_balance",monitor,medium
L101422,0.21786262345706797,0.4436299808591723,0.15521993225078154,current,0,none,0,"interest_rate, current_balance",monitor,medium
L101422,0.2144043763886421,0.4576208081493605,0.1521533317500244,current,0,none,0,"interest_rate, current_balance",monitor,medium
L101422,0.21416038778860752,0.3784364271376561,0.14724884029168636,current,0,none,0,"interest_rate, current_balance",monitor,medium
L101424,0.45363020810078497,0.5037986734662918,0.30274959582182187,current,0,none,0,"interest_rate, current_balance",review,medium
L101424,0.39013502422356616,0.4848134600147297,0.21236360696812628,current,0,none,0,"interest_rate, current_balance",monitor,medium
L101424,0.4386850664110874,0.5085125997586792,0.32725461550003165,current,0,none,0,"interest_rate, current_balance",review,medium
L101424,0.38824163588299226,0.47211708245197553,0.2213310776516531,current,0,none,0,"interest_rate, current_balance",monitor,medium
L101424,0.3871681409005692,0.4766240290689173,0.23714756417509672,current,0,none,0,"interest_rate, current_balance",monitor,medium
L101424,0.4408761872069135,0.5177313289490083,0.2940049654661819,current,0,none,0,"interest_rate, current_balance",review,medium
L101424,0.3787798401716715,0.4935568528087874,0.19766842845692925,current,0,none,0,"interest_rate, current_balance",monitor,medium
L101424,0.3628469153378004,0.501669317188252,0.22460492797795292,current,0,none,0,"interest_rate, current_balance",review,medium
L101424,0.4042262065185398,0.5234836831639943,0.30352970360721104,current,0,none,0,"interest_rate, current_balance",review,medium
L101424,0.34684247803792506,0.49332434188646224,0.16680139781736353,current,0,none,0,"interest_rate, current_balance",monitor,medium
L101424,0.37964218412794554,0.5299627588951861,0.24477349970202847,current,0,none,0,"interest_rate, current_balance",review,medium
L101424,0.31831064693731353,0.3587140846488425,0.14762220272529664,unknown,1,flagged_anomaly,1,"interest_rate, current_balance",monitor,medium
L101430,0.5479862807291265,0.4579201193101643,0.24094698649680452,current,0,none,0,"interest_rate, current_balance",monitor,medium
L101430,0.541584585607938,0.5005237530267054,0.22743068997318233,current,0,none,0,"interest_rate, current_balance",review,medium
L101430,0.543114872197048,0.4570793860794844,0.07015751858645693,current,0,none,0,"interest_rate, current_balance",monitor,medium
L101430,0.5446783567017122,0.4576625035897882,0.069624264921743,current,0,none,0,"interest_rate, current_balance",monitor,medium
L101430,0.5691324885783873,0.48340645817470534,0.05915393642449267,current,0,none,0,"interest_rate, current_balance",monitor,medium
L101430,0.5727143627547195,0.49339893580054545,0.0612461070827318,current,0,none,0,"interest_rate, current_balance",monitor,medium
L101430,0.5780284733042987,0.5404498835073452,0.20947660157060788,current,0,none,0,"interest_rate, current_balance",review,medium
L101430,0.5884074611952019,0.5155207552399987,0.06629259284178522,current,0,none,0,"interest_rate, current_balance",review,medium
L101430,0.5815455215245907,0.49867042886700264,0.04737254644515287,current,0,none,0,"interest_rate, current_balance",monitor,medium
L101430,0.5880589034817586,0.49440710592403786,0.04539069760737885,current,0,none,0,"interest_rate, current_balance",monitor,medium
L101430,0.5133264131749615,0.4564717493841234,0.03974983877013621,current,0,none,0,"interest_rate, current_balance",monitor,medium
L101430,0.4898565578555626,0.38056503574824424,0.03084846334775772,current,1,flagged_anomaly,1,"interest_rate, current_balance",monitor,medium
L101434,0.4071561049574443,0.42017484149549084,0.38260163648578305,current,0,balance_increase_anomaly,1,"interest_rate, current_balance",monitor,medium
L101434,0.4295799188296837,0.4300266856578697,0.14943279981768173,current,0,balance_increase_anomaly,1,"interest_rate, current_balance",monitor,medium
L101434,0.4226398576929388,0.41195346393080007,0.1413150955207017,current,0,balance_increase_anomaly,1,"interest_rate, current_balance",monitor,medium
L101434,0.4031016498588575,0.39630309526369073,0.34657023388816544,current,0,balance_increase_anomaly,1,"interest_rate, current_balance",monitor,medium
L101434,0.4097898884608259,0.3938009903043001,0.13377789446677318,current,0,balance_increase_anomaly,1,"interest_rate, current_balance",monitor,medium
L101434,0.40536054610428596,0.36171093049737013,0.13958368982861213,current,0,balance_increase_anomaly,1,"interest_rate, current_balance",monitor,medium
L101434,0.3753163651483874,0.3650136758776,0.11592823249356354,current,0,none,0,"interest_rate, current_balance",monitor,medium
L101434,0.3984968231995242,0.36342306144607833,0.11389488805748264,current,0,none,0,"interest_rate, current_balance",monitor,medium
L101434,0.34371892586353586,0.3580639607144787,0.29039579068848764,current,0,none,0,"interest_rate, current_balance",monitor,medium
L101434,0.3848388690449256,0.35240678221951766,0.11022087293264184,current,0,none,0,"interest_rate, current_balance",monitor,medium
L101434,0.36941720307935944,0.33979135560085605,0.10194490839190506,current,0,none,0,"interest_rate, current_balance",monitor,medium
L101434,0.3779218646992791,0.3333388050661705,0.11112785178444663,current,0,none,0,"interest_rate, current_balance",monitor,medium
L101437,0.4371468078984366,0.3598511499008627,0.7776119601308767,current,0,none,0,"interest_rate, current_balance",monitor,medium
L101437,0.44739090740441373,0.36560398613594014,0.7821104559252663,current,0,none,0,"interest_rate, current_balance",monitor,medium
L101437,0.43969040281867194,0.3743773224780269,0.7961516289307852,current,0,none,0,"interest_rate, current_balance",monitor,medium
L101437,0.4995568497574426,0.44677200749249163,0.37330538340029523,current,0,none,0,"interest_rate, current_balance",monitor,medium
L101437,0.48206399357858637,0.4508619746130456,0.3785683270670726,current,0,none,0,"interest_rate, current_balance",monitor,medium
L101437,0.41268922652182916,0.37472181851494146,0.7680037006465857,current,0,none,0,"interest_rate, current_balance",monitor,medium
L101437,0.4174179363267232,0.38292125404186145,0.7759207391717187,current,0,none,0,"interest_rate, current_balance",monitor,medium
L101437,0.10845713790468127,0.08251564643777122,0.609752906151481,unknown,0,none,0,"interest_rate, current_balance",monitor,low
L101439,0.5555522602903966,0.5148814550696329,0.25990835615067415,current,0,none,0,"interest_rate, current_balance",review,medium
L101439,0.5304654221947693,0.5683082825690239,0.36782110826663333,current,0,none,0,"interest_rate, current_balance",review,medium
L101439,0.5495103422083278,0.5757173039934564,0.3611879604888513,current,0,none,0,"interest_rate, current_balance",review,medium
L101439,0.5596057458427158,0.5339241485643718,0.24553111586856763,current,0,none,0,"interest_rate, current_balance",review,medium
L101439,0.5578598918164167,0.5507463779511876,0.205535971785358,current,0,none,0,"interest_rate, current_balance",review,medium
L101439,0.5684380631951509,0.5284253046054143,0.2402840026509413,current,0,none,0,"interest_rate, current_balance",review,medium
L101439,0.569691171151977,0.552540781808684,0.36172840048123683,current,0,none,0,"interest_rate, current_balance",review,medium
L101439,0.572185830483467,0.5367253379502147,0.25626127770820983,current,0,none,0,"interest_rate, current_balance",review,medium
L101439,0.5663304995700374,0.5436267373576686,0.24488979308522232,current,0,none,0,"interest_rate, current_balance",review,medium
L101439,0.5715029572380781,0.5421439737525542,0.1992537235448619,current,0,none,0,"interest_rate, current_balance",review,medium
L101439,0.5618106391086982,0.524253391172458,0.20092899728905356,current,0,none,0,"interest_rate, current_balance",review,medium
L101439,0.5336376156933575,0.4814017126316374,0.22059854175440344,current,0,none,0,"interest_rate, current_balance",monitor,medium
L101440,0.3229921918565603,0.2960068965296326,0.5598453177743726,current,0,none,0,"interest_rate, current_balance",monitor,low
L101440,0.34605354404263455,0.3660483072394704,0.29651675190024307,current,0,none,0,"interest_rate, current_balance",monitor,medium
L101440,0.3839974869990478,0.3813370548101997,0.27495424587112877,current,0,none,0,"interest_rate, current_balance",monitor,medium
L101440,0.3720812908477138,0.36275506174538363,0.6710231741141738,current,0,none,0,"interest_rate, current_balance",monitor,medium
L101440,0.3199770643503047,0.37414971843059414,0.6978072506887342,current,0,none,0,"interest_rate, current_balance",monitor,medium
L101440,0.31605311001814673,0.375679906602401,0.6717034410838595,current,0,none,0,"interest_rate, current_balance",monitor,medium
L101440,0.3648641583927893,0.35785612179305104,0.6444090970769836,current,0,none,0,"interest_rate, current_balance",monitor,medium
L101440,0.39238831410313146,0.36784745012492565,0.25812913709537083,current,0,none,0,"interest_rate, current_balance",monitor,medium
L101440,0.3653161718889459,0.3877204234682639,0.25941487546184094,current,0,none,0,"interest_rate, current_balance",monitor,medium
L101440,0.3489963351019219,0.31921052385923665,0.1948477362081751,current,0,none,0,"interest_rate, current_balance",monitor,medium
L101440,0.35195530398110875,0.34927776505506747,0.582678149138446,current,0,balance_increase_anomaly,1,"interest_rate, current_balance",monitor,medium
L101440,0.34434692184031473,0.3004527270096427,0.5518771755363374,current,1,balance_increase_anomaly,1,"interest_rate, current_balance",monitor,medium
L101451,0.5633801438495551,0.6011189585105943,0.3704877077998464,current,0,none,0,"interest_rate, current_balance",review,medium
L101451,0.5345597069350377,0.5984604049932823,0.425575475848713,current,0,none,0,"interest_rate, current_balance",review,medium
L101451,0.4726592513909975,0.49912951368087116,0.111608904253726,delinquent_30_60,0,severe_delinquency,1,"interest_rate, current_balance",monitor,medium
L101451,0.5398972460671853,0.5381217685243029,0.11622723952721581,current,0,none,0,"interest_rate, current_balance",review,medium
L101451,0.5395201473175206,0.5580020819597743,0.34132542267566046,current,0,none,0,"interest_rate, current_balance",review,medium
L101451,0.5818046014947621,0.5882070583011625,0.386395510037093,current,0,none,0,"interest_rate, current_balance",review,medium
L101451,0.570971078978923,0.5588219124725939,0.13360721192144742,current,0,none,0,"interest_rate, current_balance",review,medium
L101451,0.581542786497586,0.5927010345674962,0.37141889609648066,current,0,none,0,"interest_rate, current_balance",review,medium
L101451,0.5651160033639558,0.5909348770198782,0.14183160638589556,current,0,none,0,"interest_rate, current_balance",review,medium
L101451,0.5499369721109668,0.5802022488571876,0.129609729882971,current,0,none,0,"interest_rate, current_balance",review,medium
L101451,0.5611353870883623,0.5834385774370919,0.13714815941204064,current,0,none,0,"interest_rate, current_balance",review,medium
L101451,0.5638213697035261,0.5114831195654964,0.12241754034178837,current,0,none,0,"interest_rate, current_balance",review,medium
L101452,0.44570816818835424,0.5212773758875747,0.15052886767363602,current,0,none,0,"interest_rate, current_balance",review,medium
L101452,0.5213160577428679,0.5452645649685764,0.31180276866831974,current,0,none,0,"interest_rate, current_balance",review,medium
L101452,0.4698523315114718,0.5286930705143494,0.16717535031296094,current,0,none,0,"interest_rate, current_balance",review,medium
L101452,0.4632768302212379,0.5223370236390469,0.15331186770367247,current,0,none,0,"interest_rate, current_balance",review,medium
L101452,0.4544181311308876,0.42874690301313034,0.16760596512005246,current,0,balance_increase_anomaly,1,"interest_rate, current_balance",monitor,medium
L101452,0.46266156465941594,0.4056763340244443,0.16222793409974365,current,0,balance_increase_anomaly,1,"interest_rate, current_balance",monitor,medium
L101452,0.46287527102465303,0.37830948703421685,0.1545970102555142,current,0,balance_increase_anomaly,1,"interest_rate, current_balance",monitor,medium
L101452,0.4464123396220373,0.37240265074352263,0.14676710531728332,current,0,balance_increase_anomaly,1,"interest_rate, current_balance",monitor,medium
L101452,0.4415210367734652,0.39688989080137077,0.15107943729059375,current,0,balance_increase_anomaly,1,"interest_rate, current_balance",monitor,medium
L101452,0.44449288063750675,0.37694233306092717,0.1300668169315192,current,0,balance_increase_anomaly,1,"interest_rate, current_balance",monitor,medium
L101452,0.45295464808610963,0.39120268077325737,0.14760585748572622,current,0,balance_increase_anomaly,1,"interest_rate, current_balance",monitor,medium
L101452,0.44035117218310715,0.3115127507750893,0.14119848219501677,current,0,balance_increase_anomaly,1,"interest_rate, current_balance",monitor,medium
L101456,0.4150568250452491,0.5449799123938709,0.12589393073781313,current,0,none,0,"interest_rate, current_balance",review,medium
L101456,0.437115269766121,0.5294329439714937,0.3511533147038805,current,0,none,0,"interest_rate, current_balance",review,medium
L101456,0.4778308159534024,0.4931034071295187,0.3560666050094603,current,0,none,0,"interest_rate, current_balance",monitor,medium
L101456,0.48355133651179283,0.505307178436216,0.35944589876673244,current,0,none,0,"interest_rate, current_balance",review,medium
L101456,0.4577288083542365,0.5212713581848354,0.1476888967262737,current,0,none,0,"interest_rate, current_balance",review,medium
L101456,0.46156513664417276,0.49137039560656764,0.14556864923350216,current,0,none,0,"interest_rate, current_balance",monitor,medium
L101456,0.4185730233471395,0.5039267748634145,0.13843796697150118,current,0,none,0,"interest_rate, current_balance",review,medium
L101456,0.4299599091365519,0.5351407979592127,0.13430816146212013,current,0,none,0,"interest_rate, current_balance",review,medium
L101456,0.4242813129237893,0.5340164897645621,0.12670361410673467,current,0,none,0,"interest_rate, current_balance",review,medium
L101456,0.3966609616217786,0.5256882476878281,0.2866391894088889,current,0,none,0,"interest_rate, current_balance",review,medium
L101456,0.3511359560132195,0.5058057844239087,0.14452183926686948,current,0,none,0,"interest_rate, current_balance",review,medium
L101456,0.36124195408125204,0.4292029881080493,0.2817368949613948,current,0,none,0,"interest_rate, current_balance",monitor,medium
L101460,0.5449966578252988,0.58291602144618,0.3660583273925732,current,0,none,0,"interest_rate, current_balance",review,medium
L101460,0.5498507427793339,0.48504469326110333,0.14473480466026373,current,0,none,0,"interest_rate, current_balance",monitor,medium
L101460,0.5412921373799808,0.4766478772752233,0.1729163401754025,current,0,none,0,"interest_rate, current_balance",monitor,medium
L101460,0.48203853073402675,0.4651653386200253,0.12469894159820716,current,0,none,0,"interest_rate, current_balance",monitor,medium
L101460,0.507851730149713,0.5913907976074388,0.31060375648716215,current,0,none,0,"interest_rate, current_balance",review,medium
L101460,0.40203190867514094,0.3741676539216771,0.0848465073988467,delinquent_30_60,1,flagged_anomaly,1,"interest_rate, current_balance",monitor,medium
L101460,0.4247295233501187,0.3813397005998207,0.09014613272562833,delinquent_30_60,1,flagged_anomaly,1,"interest_rate, current_balance",monitor,medium
L101460,0.4798975255154077,0.42113522757060434,0.11355877747481873,current,1,flagged_anomaly,1,"interest_rate, current_balance",monitor,medium
L101460,0.5109863119628284,0.4685783883690159,0.1199412352923566,current,1,flagged_anomaly,1,"interest_rate, current_balance",monitor,medium
L101460,0.5060904682289098,0.4628779861750763,0.13190098673471945,current,0,none,0,"interest_rate, current_balance",monitor,medium
L101460,0.498880695710817,0.4591211596795382,0.13685583605747714,current,0,none,0,"interest_rate, current_balance",monitor,medium
L101460,0.4871616830951615,0.44830980670445786,0.12063949180101365,current,1,flagged_anomaly,1,"interest_rate, current_balance",monitor,medium
L101462,0.4272083485561696,0.5235412343967082,0.2584914888750034,current,0,none,0,"interest_rate, current_balance",review,medium
L101462,0.4319630034056926,0.5420388907132492,0.1032150149474984,current,0,none,0,"interest_rate, current_balance",review,medium
L101462,0.43932275673029914,0.5314950070291539,0.10519462454437126,current,0,none,0,"interest_rate, current_balance",review,medium
L101462,0.3877911910429708,0.5059616111809183,0.213035031810121,delinquent_30_60,1,flagged_anomaly,1,"interest_rate, current_balance",review,medium
L101462,0.4156500014143761,0.4976735041855318,0.07413885316421612,delinquent_30_60,0,severe_delinquency,1,"interest_rate, current_balance",monitor,medium
L101462,0.4260721438271909,0.48839525810378415,0.08692778691328114,current,0,none,0,"interest_rate, current_balance",monitor,medium
L101462,0.44357418857187003,0.4796160867706115,0.0892813283303709,current,0,none,0,"interest_rate, current_balance",monitor,medium
L101462,0.4644244731817193,0.5196702424686077,0.27102484898645346,current,0,none,0,"interest_rate, current_balance",review,medium
L101462,0.39771931907418484,0.5124118696010057,0.21536946791060718,current,0,none,0,"interest_rate, current_balance",review,medium
L101462,0.3792924924078478,0.5049308475391029,0.08269576777335674,current,0,none,0,"interest_rate, current_balance",review,medium
L101462,0.3990078811347345,0.47777895525751746,0.07710030014789154,current,0,none,0,"interest_rate, current_balance",monitor,medium
L101462,0.40139897936689334,0.4339009859734811,0.07485415646957483,current,0,none,0,"interest_rate, current_balance",monitor,medium
L101468,0.4453240458053859,0.3834651489594839,0.17756690744902556,current,0,none,0,"interest_rate, current_balance",monitor,medium
L101468,0.4364943521933044,0.3759080885750653,0.19051064501207804,current,0,none,0,"interest_rate, current_balance",monitor,medium
L101468,0.44206135174451733,0.3864780745305592,0.1799096102279646,current,0,none,0,"interest_rate, current_balance",monitor,medium
L101468,0.48189679112419675,0.4234921853993715,0.15633709419822522,current,0,none,0,"interest_rate, current_balance",monitor,medium
L101468,0.47862911138460373,0.4175968518606043,0.2769607323293472,current,0,none,0,"interest_rate, current_balance",monitor,medium
L101468,0.49956219237565885,0.389707667426497,0.17947506756966686,current,0,none,0,"interest_rate, current_balance",monitor,medium
L101468,0.49703921786675326,0.3759013381013578,0.17675785806108632,current,0,none,0,"interest_rate, current_balance",monitor,medium
L101468,0.5047997032398126,0.39412387512401403,0.155618446390204,current,0,none,0,"interest_rate, current_balance",monitor,medium
L101468,0.4887457611864242,0.3678943443563987,0.17133418739098774,current,0,none,0,"interest_rate, current_balance",monitor,medium
L101468,0.49186417271549704,0.3986927600909832,0.14450350507082177,current,0,none,0,"interest_rate, current_balance",monitor,medium
L101468,0.4879115383456291,0.3804987209970811,0.16266253855808457,current,0,none,0,"interest_rate, current_balance",monitor,medium
L101468,0.4744969644677783,0.31553968139562516,0.15632917372500316,current,0,none,0,"interest_rate, current_balance",monitor,medium
L101472,0.48473409130827566,0.4788104816278564,0.270947011753177,current,0,none,0,"interest_rate, current_balance",monitor,medium
L101472,0.49449786999780665,0.4857992014038996,0.2623310592767124,current,0,none,0,"interest_rate, current_balance",monitor,medium
L101472,0.5002477113960621,0.4904641247200367,0.2152986142414003,current,0,none,0,"interest_rate, current_balance",monitor,medium
L101472,0.49563087930971517,0.4882624938513312,0.2339078554293161,current,0,none,0,"interest_rate, current_balance",monitor,medium
L101472,0.5135968583176406,0.5084156898516236,0.3155227356301071,current,0,none,0,"interest_rate, current_balance",review,medium
L101472,0.5137210277608606,0.4831032384636917,0.20144781329043113,current,0,none,0,"interest_rate, current_balance",monitor,medium
L101472,0.48966784526740953,0.4749429187313056,0.24463513461126826,current,0,none,0,"interest_rate, current_balance",monitor,medium
L101472,0.4794114158833766,0.4732793863019063,0.25559194061312485,current,0,none,0,"interest_rate, current_balance",monitor,medium
L101472,0.4934916685442322,0.47467937432236096,0.2376321364460281,current,0,none,0,"interest_rate, current_balance",monitor,medium
L101472,0.46176671312976375,0.4458903347128226,0.18692301687973856,current,0,none,0,"interest_rate, current_balance",monitor,medium
L101472,0.454493062933334,0.4328586009632257,0.18125052252538265,current,0,none,0,"interest_rate, current_balance",monitor,medium
L101472,0.48954015715911053,0.4113976187282766,0.18441781522234577,current,0,none,0,"interest_rate, current_balance",monitor,medium
L101474,0.4100779584968739,0.36925980001716074,0.12267859323045063,current,0,none,0,"interest_rate, current_balance",monitor,medium
L101474,0.3798399942489986,0.3595994822298211,0.3606246434605065,current,0,none,0,"interest_rate, current_balance",monitor,medium
L101474,0.36856415005367615,0.38466267465405785,0.3442219362156554,current,0,none,0,"interest_rate, current_balance",monitor,medium
L101474,0.41228375182370747,0.37012371915541936,0.1149312327074079,current,0,none,0,"interest_rate, current_balance",monitor,medium
L101474,0.39803518418487216,0.41595997655701894,0.32155825694052803,current,0,none,0,"interest_rate, current_balance",monitor,medium
L101474,0.4075645534449229,0.36420215354405105,0.3256531588459239,current,0,none,0,"interest_rate, current_balance",monitor,medium
L101474,0.4194379682547881,0.3683519701267538,0.32988284238437904,current,0,none,0,"interest_rate, current_balance",monitor,medium
L101474,0.4405619079834467,0.3431334306281304,0.11978604533780514,current,0,none,0,"interest_rate, current_balance",monitor,medium
L101474,0.4417686449740152,0.3531816035451797,0.10248602162973151,current,0,none,0,"interest_rate, current_balance",monitor,medium
L101474,0.4069752384894877,0.34156218816771566,0.11814714322969455,current,0,none,0,"interest_rate, current_balance",monitor,medium
L101474,0.43170475048513407,0.3638759310339768,0.3407535588561387,current,0,none,0,"interest_rate, current_balance",monitor,medium
L101474,0.4699994553836201,0.28350360456132434,0.09620363097083082,current,0,none,0,"interest_rate, current_balance",monitor,low
L101486,0.5314213216141751,0.5406087022756245,0.21636594129822564,current,0,none,0,"interest_rate, current_balance",review,medium
L101486,0.5206736552357205,0.5445652754196266,0.22121217588176761,current,0,none,0,"interest_rate, current_balance",review,medium
L101486,0.5324572333869552,0.5463185394299412,0.20570796171417735,current,0,none,0,"interest_rate, current_balance",review,medium
L101486,0.5490660048179585,0.5316304793731313,0.1991000048432861,current,0,none,0,"interest_rate, current_balance",review,medium
L101486,0.554874081011318,0.5294684026662415,0.19128314254008905,current,0,none,0,"interest_rate, current_balance",review,medium
L101486,0.5084847887968081,0.5084676345911928,0.21662211728422023,current,0,none,0,"interest_rate, current_balance",review,medium
L101486,0.5246379045750008,0.5480746898903353,0.3463603970642445,current,0,none,0,"interest_rate, current_balance",review,medium
L101486,0.5360370148969774,0.5243076024832125,0.2369795442840791,current,0,none,0,"interest_rate, current_balance",review,medium
L101486,0.5417907202522098,0.5198457423616368,0.22483673188986344,current,0,none,0,"interest_rate, current_balance",review,medium
L101486,0.5309435129671213,0.5516211126823813,0.2979964145733158,current,0,none,0,"interest_rate, current_balance",review,medium
L101486,0.5256293919728037,0.5158718213978901,0.3157223429142634,current,0,none,0,"interest_rate, current_balance",review,medium
L101486,0.5036204414227486,0.49787711682791963,0.28546097209162735,current,0,none,0,"interest_rate, current_balance",monitor,medium
L101492,0.5042794184040034,0.5598124891381898,0.386571501625242,current,0,none,0,"interest_rate, current_balance",review,medium
L101492,0.4658294920341613,0.4816930632739386,0.23383421131371057,delinquent_30_60,0,severe_delinquency,1,"interest_rate, current_balance",monitor,medium
L101492,0.43879435350727436,0.4587980155268813,0.5879901667209477,delinquent_30_60,0,severe_delinquency,1,"interest_rate, current_balance",monitor,medium
L101492,0.5106505594967042,0.5263341169828267,0.25678350167291214,current,0,none,0,"interest_rate, current_balance",review,medium
L101492,0.44503160041604434,0.4803746475249762,0.7249994614526662,current,0,none,0,"interest_rate, current_balance",monitor,medium
L101492,0.5176422922015519,0.5357243004033783,0.37001776298510997,current,0,none,0,"interest_rate, current_balance",review,medium
L101492,0.4569707229386247,0.43196238805256354,0.5489057420746193,delinquent_30_60,1,flagged_anomaly,1,"interest_rate, current_balance",monitor,medium
L101492,0.42572642177963166,0.45751384960570335,0.652971829712841,unknown,0,severe_delinquency,1,"interest_rate, current_balance",monitor,medium
L101498,0.3983815168259095,0.3385645499018688,0.2691486626714966,current,0,none,0,"interest_rate, current_balance",monitor,medium
L101498,0.3685874988164243,0.33293287475649175,0.25853393581489437,current,0,none,0,"interest_rate, current_balance",monitor,medium
L101498,0.3738686045093935,0.3263183346535317,0.2756130150527128,current,0,none,0,"interest_rate, current_balance",monitor,medium
L101498,0.3805052412645389,0.3387281819459017,0.3933562670784952,current,0,none,0,"interest_rate, current_balance",monitor,medium
L101498,0.387595452302452,0.38337383198995445,0.3656840675314294,current,0,none,0,"interest_rate, current_balance",monitor,medium
L101498,0.39460561352968637,0.32154109035799855,0.3051760641872944,current,0,none,0,"interest_rate, current_balance",monitor,medium
L101498,0.3857855235006136,0.31839867238518504,0.28716908843242556,current,0,none,0,"interest_rate, current_balance",monitor,medium
L101498,0.39362261628812933,0.3171613253707014,0.4093374284288963,current,0,none,0,"interest_rate, current_balance",monitor,medium
L101498,0.3738837343278252,0.3185391274434843,0.29498531480992773,current,0,none,0,"interest_rate, current_balance",monitor,medium
L101498,0.363963356824395,0.3417361303143325,0.29728999002804635,current,0,none,0,"interest_rate, current_balance",monitor,medium
L101498,0.3763801028357669,0.3217767226093747,0.4194376437057791,current,0,none,0,"interest_rate, current_balance",monitor,medium
L101498,0.3653550864188721,0.2860644273484398,0.29447950055301353,current,0,none,0,"interest_rate, current_balance",monitor,low
L101503,0.5368432974297593,0.48311308541546083,0.13479090393352033,current,0,none,0,"interest_rate, current_balance",monitor,medium
L101503,0.5590011438439402,0.47452229446025795,0.14865530308235403,current,0,none,0,"interest_rate, current_balance",monitor,medium
L101503,0.4988176786837881,0.43681291917482734,0.3029192849102329,delinquent_30_60,0,severe_delinquency,1,"interest_rate, current_balance",monitor,medium
L101503,0.5757375435025592,0.42561073458941967,0.10911946381823595,current,0,none,0,"interest_rate, current_balance",monitor,medium
L101503,0.5533339391169395,0.44876706724018145,0.1151432249489892,current,0,none,0,"interest_rate, current_balance",monitor,medium
L101503,0.5897121126004876,0.46631406991216134,0.1190146197147885,current,0,none,0,"interest_rate, current_balance",monitor,medium
L101503,0.5741241894207282,0.39244193026513957,0.0968061526798875,current,0,none,0,"interest_rate, current_balance",monitor,medium
L101503,0.5691740220562232,0.46469711325010943,0.11251989464167257,current,0,none,0,"interest_rate, current_balance",monitor,medium
L101503,0.5284297393334081,0.5284151879648727,0.3248121287862358,current,0,none,0,"interest_rate, current_balance",review,medium
L101503,0.5486332709004526,0.4744038924505329,0.11409716991934316,current,0,none,0,"interest_rate, current_balance",monitor,medium
L101503,0.5391412951039833,0.4610044373156244,0.26690677736885376,current,0,none,0,"interest_rate, current_balance",monitor,medium
L101503,0.5204295400550453,0.407773296354642,0.0801916927625551,current,0,none,0,"interest_rate, current_balance",monitor,medium
L101505,0.43071894860360865,0.5262870443006524,0.08618742213992373,current,0,none,0,"interest_rate, current_balance",review,medium
L101505,0.4353614230217197,0.5337738618271878,0.22875381634611666,current,0,none,0,"interest_rate, current_balance",review,medium
L101505,0.4416745032791959,0.5320687775212766,0.09713916236251831,current,0,none,0,"interest_rate, current_balance",review,medium
L101505,0.46213369716259206,0.5309047791013648,0.07650343867185848,current,0,none,0,"interest_rate, current_balance",review,medium
L101505,0.45048643897265406,0.5325278271965733,0.09077062344924547,current,0,none,0,"interest_rate, current_balance",review,medium
L101505,0.47767185754141545,0.5241466503952921,0.0751316486302008,current,0,none,0,"interest_rate, current_balance",review,medium
L101505,0.4834373402446832,0.511493972792913,0.19068356026675495,current,0,none,0,"interest_rate, current_balance",review,medium
L101505,0.48952030667836977,0.5059346170460234,0.0733333966134718,current,0,none,0,"interest_rate, current_balance",review,medium
L101505,0.49246652727726353,0.5077863178314566,0.0751208859120395,current,0,none,0,"interest_rate, current_balance",review,medium
L101505,0.4839827677056594,0.5067614988251915,0.16189374838244053,current,0,none,0,"interest_rate, current_balance",review,medium
L101505,0.49165202962760124,0.49005138860612174,0.057368362766361126,current,0,none,0,"interest_rate, current_balance",monitor,medium
L101505,0.4863164480683258,0.4601370717777087,0.05427038414276313,current,0,none,0,"interest_rate, current_balance",monitor,medium
L101507,0.37311287958750305,0.33121039451706363,0.7704795021358265,current,0,none,0,"interest_rate, current_balance",monitor,medium
L101507,0.3148146481158139,0.30677311485570224,0.733284669686351,current,0,none,0,"interest_rate, current_balance",monitor,medium
L101507,0.3492230409595438,0.37707510486008833,0.7536752124225163,current,0,none,0,"interest_rate, current_balance",monitor,medium
L101507,0.35685878253680287,0.39341596299241327,0.7726196623393775,current,0,none,0,"interest_rate, current_balance",monitor,medium
L101507,0.3765186013896717,0.4436104685829101,0.2596816061124166,current,0,none,0,"interest_rate, current_balance",monitor,medium
L101507,0.1793737423709752,0.16219481010245665,0.21760061306972403,unknown,0,none,0,"interest_rate, current_balance",monitor,low
L101512,0.24983143882389736,0.24750660642446326,0.14617247094966013,current,1,flagged_anomaly,1,"interest_rate, current_balance",monitor,low
L101512,0.2687299000443698,0.24770343795833474,0.15275101871367633,current,1,flagged_anomaly,1,"interest_rate, current_balance",monitor,low
L101512,0.24288200266913734,0.2769035557569991,0.16472632155093248,current,0,none,0,"interest_rate, current_balance",monitor,low
L101512,0.24726509331530871,0.27436137065160027,0.14526466354238896,current,0,none,0,"interest_rate, current_balance",monitor,low
L101512,0.23423105274065287,0.2964744371808661,0.14783720762161134,current,0,none,0,"interest_rate, current_balance",monitor,low
L101512,0.24838705236994651,0.29331856193341016,0.1452068444250253,current,0,none,0,"interest_rate, current_balance",monitor,low
L101512,0.28086339142232947,0.2843604991419965,0.21873271106738323,current,0,none,0,"interest_rate, current_balance",monitor,low
L101512,0.25589229142212055,0.304652408528797,0.15695063352875518,current,0,none,0,"interest_rate, current_balance",monitor,medium
L101512,0.2722361082956057,0.3135530842818896,0.19278598084387336,current,0,none,0,"interest_rate, current_balance",monitor,medium
L101512,0.31036773260194184,0.3877207841007142,0.2062261997238116,current,0,none,0,"interest_rate, current_balance",monitor,medium
L101512,0.31056724389118934,0.42870703787784736,0.21528911593587993,current,0,none,0,"interest_rate, current_balance",monitor,medium
L101512,0.235066097412776,0.18968714362086803,0.14419672476328102,current,1,balance_increase_anomaly,1,"interest_rate, current_balance",monitor,low
L101514,0.3094626679896129,0.3704754387356112,0.3264421578959562,current,0,none,0,"interest_rate, current_balance",monitor,medium
L101514,0.31645043231463704,0.32528477418734275,0.2631250709942103,current,0,none,0,"interest_rate, current_balance",monitor,medium
L101514,0.3157595584973762,0.3830829236618631,0.3161407686761546,current,0,none,0,"interest_rate, current_balance",monitor,medium
L101514,0.313716895708814,0.350696208637263,0.23085553844056392,current,0,none,0,"interest_rate, current_balance",monitor,medium
L101514,0.3359521783449636,0.413739192685786,0.2869056742066962,current,0,none,0,"interest_rate, current_balance",monitor,medium
L101514,0.2964688862995258,0.3423340348690029,0.2031907532955405,current,0,none,0,"interest_rate, current_balance",monitor,medium
L101514,0.33057040572289603,0.38318547378786466,0.27379015253380384,current,0,none,0,"interest_rate, current_balance",monitor,medium
L101514,0.31151886585200717,0.3769522923149527,0.18951598974322306,current,0,none,0,"interest_rate, current_balance",monitor,medium
L101514,0.33984534240201913,0.40807627940951396,0.2546777189473008,current,0,none,0,"interest_rate, current_balance",monitor,medium
L101514,0.3157094386067703,0.37612832911800587,0.17641970959262734,current,0,none,0,"interest_rate, current_balance",monitor,medium
L101514,0.3322238528126026,0.3661776894197871,0.18590056067169305,current,0,none,0,"interest_rate, current_balance",monitor,medium
L101514,0.317639617333072,0.35189578144764366,0.20097024944663527,current,0,none,0,"interest_rate, current_balance",monitor,medium
L101519,0.5369749323089875,0.508274460878147,0.23330029151296253,current,0,none,0,"interest_rate, current_balance",review,medium
L101519,0.518512404088359,0.5224341950010754,0.24917958745501964,current,0,none,0,"interest_rate, current_balance",review,medium
L101519,0.5314444331021047,0.47204577898906325,0.2421147655158123,current,0,none,0,"interest_rate, current_balance",monitor,medium
L101519,0.5340295001937256,0.49369497693835435,0.2474863719682168,current,0,none,0,"interest_rate, current_balance",monitor,medium
L101519,0.5365743882636408,0.4760525502442113,0.1747205555840807,current,0,none,0,"interest_rate, current_balance",monitor,medium
L101519,0.5406466576619429,0.48108235911646197,0.27107682444358966,current,0,none,0,"interest_rate, current_balance",monitor,medium
L101519,0.5199105731460943,0.4822532016543308,0.19692197338413375,current,0,none,0,"interest_rate, current_balance",monitor,medium
L101519,0.5370409589754584,0.46605045585556354,0.2727340910420498,current,0,none,0,"interest_rate, current_balance",monitor,medium
L101519,0.5353822529371584,0.46599345427146244,0.2592891612525751,current,0,none,0,"interest_rate, current_balance",monitor,medium
L101519,0.5186420433706531,0.4693072339643598,0.27823576097639846,current,0,none,0,"interest_rate, current_balance",monitor,medium
L101519,0.5217917233467939,0.46088586561121425,0.21052391353849365,current,0,none,0,"interest_rate, current_balance",monitor,medium
L101519,0.528489266770453,0.3932241831628149,0.2857042593076243,current,0,none,0,"interest_rate, current_balance",monitor,medium
L101521,0.5076262058043395,0.5256559513245131,0.3083553537928079,current,0,none,0,"interest_rate, current_balance",review,medium
L101521,0.5320049183224587,0.4349348794756175,0.13814262747750183,current,0,none,0,"interest_rate, current_balance",monitor,medium
L101521,0.5434244854795378,0.4237997318757265,0.13211638599615738,current,0,none,0,"interest_rate, current_balance",monitor,medium
L101521,0.5504028688504724,0.4363248296934634,0.1361136128390265,current,0,none,0,"interest_rate, current_balance",monitor,medium
L101521,0.550588266034148,0.43989397742916037,0.11873243154141809,current,0,none,0,"interest_rate, current_balance",monitor,medium
L101521,0.495132052617824,0.3933161951336053,0.12238243541768375,delinquent_30_60,1,flagged_anomaly,1,"interest_rate, current_balance",monitor,medium
L101521,0.5173079576460471,0.3956365238222933,0.13310148601543978,delinquent_30_60,0,severe_delinquency,1,"interest_rate, current_balance",monitor,medium
L101521,0.5299978614319517,0.41226464887683817,0.12011792580000799,current,0,none,0,"interest_rate, current_balance",monitor,medium
L101521,0.5384370260449423,0.5074115709596628,0.27258408553374247,current,0,none,0,"interest_rate, current_balance",review,medium
L101521,0.524603903604159,0.46279838792535427,0.2848067266595457,delinquent_30_60,1,flagged_anomaly,1,"interest_rate, current_balance",monitor,medium
L101521,0.5090024169213746,0.3814888762260725,0.12091644461027438,delinquent_30_60,1,flagged_anomaly,1,"interest_rate, current_balance",monitor,medium
L101521,0.5100462646854871,0.4136054999248317,0.30674756260195163,current,0,none,0,"interest_rate, current_balance",monitor,medium
L101530,0.5071064669906437,0.48526313820246675,0.1426366896043453,current,0,none,0,"interest_rate, current_balance",monitor,medium
L101530,0.48549914726229626,0.46944446345252233,0.12596139526907996,current,0,none,0,"interest_rate, current_balance",monitor,medium
L101530,0.4718125878876517,0.45647592055854574,0.14670861948290856,current,0,none,0,"interest_rate, current_balance",monitor,medium
L101530,0.4599787349024163,0.39234392611942503,0.1118542277054255,current,0,none,0,"interest_rate, current_balance",monitor,medium
L101530,0.47678464757157124,0.39798673015978325,0.1083485375043614,current,0,none,0,"interest_rate, current_balance",monitor,medium
L101530,0.5133066717020356,0.39908421187026594,0.30420537162658084,current,0,none,0,"interest_rate, current_balance",monitor,medium
L101530,0.5297316158061397,0.37805969335784123,0.1044201407253004,current,0,none,0,"interest_rate, current_balance",monitor,medium
L101530,0.517062136222355,0.3774487992327552,0.11022912092253993,current,0,none,0,"interest_rate, current_balance",monitor,medium
L101530,0.5192685473363906,0.41948587484637584,0.3101257183959713,current,0,none,0,"interest_rate, current_balance",monitor,medium
L101530,0.48552555579569995,0.4002893157221745,0.2877898859342077,current,0,none,0,"interest_rate, current_balance",monitor,medium
L101530,0.49203574045112874,0.3861427919651163,0.09211531429976605,current,0,none,0,"interest_rate, current_balance",monitor,medium
L101530,0.47251756719445487,0.3411615130606473,0.07811509861189654,current,0,none,0,"interest_rate, current_balance",monitor,medium
L101536,0.3439188410632478,0.3252053153343623,0.7839760557171572,current,0,none,0,"interest_rate, current_balance",monitor,medium
L101536,0.35655006207255957,0.3649412747464679,0.40128326230653577,current,0,none,0,"interest_rate, current_balance",monitor,medium
L101536,0.3514099809710027,0.36550065651113267,0.45170339612306065,current,0,none,0,"interest_rate, current_balance",monitor,medium
L101536,0.36090136017785407,0.35765604976920157,0.44671227292395327,current,0,none,0,"interest_rate, current_balance",monitor,medium
L101536,0.3442634449234187,0.3444801460520331,0.7936211370588688,current,0,none,0,"interest_rate, current_balance",monitor,medium
L101536,0.32787451400539286,0.327984541510758,0.7725615563083824,current,0,none,0,"interest_rate, current_balance",monitor,medium
L101536,0.35854866832435894,0.35187152777015823,0.45808244881997384,current,0,none,0,"interest_rate, current_balance",monitor,medium
L101536,0.33114173553655096,0.3330119815207392,0.7802928130121403,current,0,none,0,"interest_rate, current_balance",monitor,medium
L101536,0.3326690521483309,0.33120514719088445,0.7855448478002299,current,0,none,0,"interest_rate, current_balance",monitor,medium
L101536,0.3242082065248836,0.29127061888032474,0.6542360885610768,current,0,balance_increase_anomaly,1,"interest_rate, current_balance",monitor,low
L101536,0.3226562113190302,0.28805206836460284,0.6445487114522468,current,0,balance_increase_anomaly,1,"interest_rate, current_balance",monitor,low
L101536,0.3226562113190302,0.2589231187478913,0.6512390986509179,current,0,balance_increase_anomaly,1,"interest_rate, current_balance",monitor,low
L101540,0.5343487495042949,0.428221581295329,0.11750352754114879,current,0,none,0,"interest_rate, current_balance",monitor,medium
L101540,0.535372507904709,0.504186295201225,0.3072139626962872,current,0,none,0,"interest_rate, current_balance",review,medium
L101540,0.5225552861750489,0.49290967708182637,0.3151140952967459,current,0,none,0,"interest_rate, current_balance",monitor,medium
L101540,0.5479924586786912,0.5105374612026958,0.2898960814425653,current,0,none,0,"interest_rate, current_balance",review,medium
L101540,0.5105224297216598,0.3841432595640521,0.08374346695970024,unknown,1,flagged_anomaly,1,"interest_rate, current_balance",monitor,medium
L101541,0.46380405498038535,0.5077587088882336,0.11808434736898685,unknown,0,severe_delinquency,1,"interest_rate, current_balance",review,medium
L101546,0.494455585380025,0.5710382407003696,0.34767149193909885,current,0,none,0,"interest_rate, current_balance",review,medium
L101546,0.5067378817744932,0.5640816742118047,0.35652177117909695,current,0,none,0,"interest_rate, current_balance",review,medium
L101546,0.5032037240231831,0.5733341512949428,0.15292193988212713,current,0,none,0,"interest_rate, current_balance",review,medium
L101546,0.526953466424795,0.5508917550540222,0.1499055589058474,current,0,none,0,"interest_rate, current_balance",review,medium
L101546,0.5243341133168262,0.5566531359042793,0.15359603795735058,current,0,none,0,"interest_rate, current_balance",review,medium
L101546,0.4711309260733058,0.4168944217717245,0.10610062475420488,current,0,balance_increase_anomaly,1,"interest_rate, current_balance",monitor,medium
L101546,0.4668619729328826,0.4286834131862857,0.2955673185974607,current,0,balance_increase_anomaly,1,"interest_rate, current_balance",monitor,medium
L101546,0.4735782871539118,0.40251316585348196,0.1032231766067127,current,0,balance_increase_anomaly,1,"interest_rate, current_balance",monitor,medium
L101546,0.4776447435583385,0.39411541121769994,0.1030050674092277,current,0,balance_increase_anomaly,1,"interest_rate, current_balance",monitor,medium
L101546,0.48132729249399187,0.42139136691408735,0.28544838735452827,current,0,balance_increase_anomaly,1,"interest_rate, current_balance",monitor,medium
L101546,0.4686368595760982,0.4360156175413876,0.1124257063998107,current,0,balance_increase_anomaly,1,"interest_rate, current_balance",monitor,medium
L101546,0.4560519262157724,0.40993073259127794,0.316992099707802,current,0,balance_increase_anomaly,1,"interest_rate, current_balance",monitor,medium
L101551,0.46827974058193195,0.5139227178019781,0.22093590904477614,current,0,none,0,"interest_rate, current_balance",review,medium
L101551,0.49539813075025846,0.5455465246318284,0.22029917602567026,current,0,none,0,"interest_rate, current_balance",review,medium
L101551,0.49348265520857854,0.5462330270604729,0.24429238217136623,current,0,none,0,"interest_rate, current_balance",review,medium
L101551,0.5078094607382088,0.5394525059620956,0.22950838200256116,current,0,none,0,"interest_rate, current_balance",review,medium
L101551,0.5394635321309922,0.545093988693812,0.32123094072881403,current,0,none,0,"interest_rate, current_balance",review,medium
L101551,0.5371991223154717,0.5119409073848515,0.24477729534966944,current,0,balance_increase_anomaly,1,"interest_rate, current_balance",review,medium
L101551,0.5390421819351232,0.49616943146690357,0.26373267358006014,current,0,balance_increase_anomaly,1,"interest_rate, current_balance",monitor,medium
L101551,0.11456491990291849,0.07684847682902658,0.28761756747727324,unknown,0,balance_increase_anomaly,1,"interest_rate, current_balance",monitor,low
L101557,0.40289467986908517,0.33068374991873817,0.31331366432166696,current,0,none,0,"interest_rate, current_balance",monitor,medium
L101557,0.4238444982082326,0.38944870138209564,0.48499351059216506,current,0,none,0,"interest_rate, current_balance",monitor,medium
L101557,0.42671110584726324,0.3617448783745078,0.5222385992965947,current,0,none,0,"interest_rate, current_balance",monitor,medium
L101557,0.4208227722785489,0.3445766337834971,0.35187681326281917,current,0,none,0,"interest_rate, current_balance",monitor,medium
L101557,0.4262638001681098,0.34851427656406325,0.3440904324529386,current,0,none,0,"interest_rate, current_balance",monitor,medium
L101557,0.4563232653853524,0.33499641895383275,0.38629817532219607,current,0,none,0,"interest_rate, current_balance",monitor,medium
L101557,0.471984276538851,0.32887845694736995,0.3285746252391107,current,0,none,0,"interest_rate, current_balance",monitor,medium
L101557,0.4316360094465429,0.30471351715376593,0.49924915953052146,current,0,none,0,"interest_rate, current_balance",monitor,medium
L101557,0.48669139117035864,0.3245893029049088,0.3223168098672094,current,0,none,0,"interest_rate, current_balance",monitor,medium
L101557,0.4556058154575345,0.30253973785884203,0.3870065118687382,current,0,none,0,"interest_rate, current_balance",monitor,medium
L101557,0.46120969202382867,0.29361166067723465,0.37963378388002056,current,0,none,0,"interest_rate, current_balance",monitor,low
L101557,0.48058487327565946,0.2615395485813163,0.3944671081451956,current,0,none,0,"interest_rate, current_balance",monitor,low
L101560,0.49865483443474395,0.48631581657527884,0.411461160741054,current,0,none,0,"interest_rate, current_balance",monitor,medium
L101560,0.4996254886266994,0.444244106424551,0.7392610929259797,current,0,none,0,"interest_rate, current_balance",monitor,medium
L101560,0.5016662994014813,0.4650518658942083,0.7365845543445617,current,0,none,0,"interest_rate, current_balance",monitor,medium
L101560,0.5296228638694855,0.48063948243084925,0.42798226900278263,current,0,none,0,"interest_rate, current_balance",monitor,medium
L101560,0.5065072210614975,0.45574750128484925,0.7634144876822951,current,0,none,0,"interest_rate, current_balance",monitor,medium
L101560,0.5353337330379209,0.4633360524617356,0.7438043317097506,current,0,none,0,"interest_rate, current_balance",monitor,medium
L101560,0.5292460462841225,0.47077045884584395,0.7453584523104623,current,0,none,0,"interest_rate, current_balance",monitor,medium
L101560,0.5278463248172942,0.49756585501676925,0.46922811754872207,current,0,none,0,"interest_rate, current_balance",monitor,medium
L101560,0.5236249472374139,0.48711648091454823,0.6712502679751375,current,0,none,0,"interest_rate, current_balance",monitor,medium
L101560,0.5220644417368091,0.4814618892963585,0.6767714268446557,current,0,none,0,"interest_rate, current_balance",monitor,medium
L101560,0.4283084184444393,0.3400343803626217,0.2825645215387388,current,0,balance_increase_anomaly,1,"interest_rate, current_balance",monitor,medium
L101560,0.4619770419342293,0.28015692200653214,0.3688114852848148,current,0,balance_increase_anomaly,1,"interest_rate, current_balance",monitor,low
L101570,0.4150045895936567,0.4081452855523568,0.1780471032970291,current,0,none,0,"interest_rate, current_balance",monitor,medium
L101570,0.4108800186188624,0.41009035995841425,0.4846642073196856,current,0,none,0,"interest_rate, current_balance",monitor,medium
L101570,0.4107404267389952,0.42103141054457865,0.48200344869187506,current,0,none,0,"interest_rate, current_balance",monitor,medium
L101570,0.42945414617172767,0.41945595410890657,0.43023720212870065,current,0,none,0,"interest_rate, current_balance",monitor,medium
L101570,0.4284382553575381,0.42281640267141374,0.46607448717956496,current,0,none,0,"interest_rate, current_balance",monitor,medium
L101570,0.4310703433406865,0.4015091634497614,0.15534836681535258,current,0,none,0,"interest_rate, current_balance",monitor,medium
L101570,0.43984288715283765,0.4032134730182765,0.1614161913865437,current,0,none,0,"interest_rate, current_balance",monitor,medium
L101570,0.4457200500573276,0.41193720812722534,0.15883389057329675,current,0,none,0,"interest_rate, current_balance",monitor,medium
L101570,0.4397452713049458,0.43066092817097673,0.44196019276932913,current,0,none,0,"interest_rate, current_balance",monitor,medium
L101570,0.44454717626717033,0.39690802947864656,0.16723665360337098,current,0,none,0,"interest_rate, current_balance",monitor,medium
L101570,0.4369045597032138,0.3937176811372977,0.17259685338110972,current,0,none,0,"interest_rate, current_balance",monitor,medium
L101570,0.41519901774974716,0.33834364768885894,0.43576040521624576,current,0,none,0,"interest_rate, current_balance",monitor,medium
L101572,0.42467577023219244,0.4560764338632206,0.14639347208055034,current,0,none,0,"interest_rate, current_balance",monitor,medium
L101572,0.43451626584917286,0.4812802103484258,0.15050727239125444,current,0,none,0,"interest_rate, current_balance",monitor,medium
L101572,0.41517490417861314,0.42100933876277097,0.14371335365897384,current,0,none,0,"interest_rate, current_balance",monitor,medium
L101572,0.4186283244936882,0.39644343862141856,0.13934839954547104,current,0,none,0,"interest_rate, current_balance",monitor,medium
L101572,0.3921524299036373,0.36724205859137243,0.11157716756372321,current,0,none,0,"interest_rate, current_balance",monitor,medium
L101572,0.402272623538069,0.3741145490165314,0.1200996763606437,current,0,none,0,"interest_rate, current_balance",monitor,medium
L101572,0.4249587576734435,0.3884501214815391,0.3253330444049307,current,0,none,0,"interest_rate, current_balance",monitor,medium
L101572,0.4290290223245791,0.4182715847294809,0.07432843919399522,current,0,none,0,"interest_rate, current_balance",monitor,medium
L101572,0.4033818680244742,0.43092250010007216,0.21978036174476992,current,0,none,0,"interest_rate, current_balance",monitor,medium
L101572,0.39319533559930914,0.41596336844152226,0.08120206143150532,current,0,none,0,"interest_rate, current_balance",monitor,medium
L101572,0.4027895667645782,0.42073853109995013,0.25026944093239284,current,0,none,0,"interest_rate, current_balance",monitor,medium
L101572,0.36791224165767844,0.33835252049172415,0.09440832992814623,current,0,none,0,"interest_rate, current_balance",monitor,medium
L101579,0.5509535134025988,0.5319551518802879,0.22755617682965393,current,0,none,0,"interest_rate, current_balance",review,medium
L101579,0.5358159978600433,0.462629063824485,0.10357964973090515,current,0,none,0,"interest_rate, current_balance",monitor,medium
L101579,0.5185477244753368,0.4582543131543388,0.10902003098817142,current,0,none,0,"interest_rate, current_balance",monitor,medium
L101579,0.5122051362280909,0.5011156161255176,0.2108205839774401,current,0,none,0,"interest_rate, current_balance",review,medium
L101579,0.5058645304135315,0.4611876020216215,0.11244188180216237,current,0,none,0,"interest_rate, current_balance",monitor,medium
L101579,0.5345484527652536,0.5351927315090831,0.30239321322216,current,0,none,0,"interest_rate, current_balance",review,medium
L101579,0.5226074089723864,0.542916590139142,0.29680043777327825,current,0,none,0,"interest_rate, current_balance",review,medium
L101579,0.541391957159272,0.4680747327547988,0.11446233043727541,current,0,none,0,"interest_rate, current_balance",monitor,medium
L101579,0.49757662458001295,0.5618085541522804,0.28963109615867455,current,0,none,0,"interest_rate, current_balance",review,medium
L101579,0.5328973724217101,0.4581101092271863,0.14202778164851507,current,0,none,0,"interest_rate, current_balance",monitor,medium
L101579,0.12813410829616415,0.10671181501455573,0.1186114777536216,unknown,0,none,0,"interest_rate, current_balance",monitor,low
L101585,0.4254052345692191,0.3780770340362193,0.15221777755409224,current,0,none,0,"interest_rate, current_balance",monitor,medium
L101585,0.4260108579990569,0.36673446181257036,0.4065143058765417,current,0,none,0,"interest_rate, current_balance",monitor,medium
L101585,0.42153712441833413,0.36627628817730784,0.39320144023007514,current,0,none,0,"interest_rate, current_balance",monitor,medium
L101585,0.4235814831898067,0.36266596188061684,0.1538772859838333,current,0,none,0,"interest_rate, current_balance",monitor,medium
L101585,0.43234198087150993,0.37069656625910813,0.16106298043478945,current,0,none,0,"interest_rate, current_balance",monitor,medium
L101585,0.44742146421260626,0.3816982627263383,0.1496753775412519,current,0,none,0,"interest_rate, current_balance",monitor,medium
L101585,0.44297792046106166,0.3938365804920547,0.3823867736345354,current,0,none,0,"interest_rate, current_balance",monitor,medium
L101585,0.4367083986576224,0.42371418019581053,0.14948471003155112,current,0,none,0,"interest_rate, current_balance",monitor,medium
L101585,0.4260241462523965,0.41703545044797447,0.14289791736412355,current,0,none,0,"interest_rate, current_balance",monitor,medium
L101585,0.4164790620658845,0.41505472123198844,0.14140064764921012,current,0,none,0,"interest_rate, current_balance",monitor,medium
L101585,0.39504971794185123,0.38543692801646673,0.14887896789809266,current,0,none,0,"interest_rate, current_balance",monitor,medium
L101585,0.3996634386740626,0.31376300527166134,0.3805287988368966,current,0,none,0,"interest_rate, current_balance",monitor,medium
L101590,0.5456421445253787,0.4882986706483184,0.1297246345953632,current,0,none,0,"interest_rate, current_balance",monitor,medium
L101590,0.5351572894039449,0.48783439342993773,0.12524196485676048,current,0,none,0,"interest_rate, current_balance",monitor,medium
L101590,0.5323755251030842,0.49035896324381234,0.318080450704484,current,0,none,0,"interest_rate, current_balance",monitor,medium
L101590,0.549539132553296,0.48532201358543,0.3044136893837096,current,0,none,0,"interest_rate, current_balance",monitor,medium
L101590,0.5367136981192647,0.4924665006953121,0.29113472716387234,current,0,none,0,"interest_rate, current_balance",monitor,medium
L101590,0.5443242173605769,0.49831465236303063,0.2854648719875656,current,0,none,0,"interest_rate, current_balance",monitor,medium
L101590,0.5500916201614862,0.5123917331787422,0.09834227356926821,current,0,none,0,"interest_rate, current_balance",review,medium
L101590,0.5441689647435763,0.5233243145178197,0.09687954814903395,current,0,none,0,"interest_rate, current_balance",review,medium
L101590,0.5343109428027258,0.5139555620264441,0.10158472412166678,current,0,none,0,"interest_rate, current_balance",review,medium
L101590,0.5318127618185473,0.48668056314657226,0.24735297979828555,current,0,none,0,"interest_rate, current_balance",monitor,medium
L101590,0.5322320626727206,0.48292007374148777,0.09654363030639458,current,0,none,0,"interest_rate, current_balance",monitor,medium
L101590,0.5277876954186479,0.40105061279304727,0.265108203145092,current,0,none,0,"interest_rate, current_balance",monitor,medium
L101597,0.5683321813855896,0.48807426155804146,0.21414815353967626,current,0,none,0,"interest_rate, current_balance",monitor,medium
L101597,0.5796364707522469,0.511808147389658,0.3159834985400734,current,0,none,0,"interest_rate, current_balance",review,medium
L101597,0.5940625354907793,0.509065760643434,0.3172896099833956,current,0,none,0,"interest_rate, current_balance",review,medium
L101597,0.5950893542043733,0.5045062313656916,0.19382746512264176,current,0,none,0,"interest_rate, current_balance",review,medium
L101597,0.6072568920234047,0.5072441706607441,0.33155397287103805,current,0,none,0,"interest_rate, current_balance",review,medium
L101597,0.5938506041974824,0.4856170238810203,0.21117749286407778,current,0,none,0,"interest_rate, current_balance",monitor,medium
L101597,0.6299246721710497,0.49626055570943206,0.33132320123169845,current,0,none,0,"interest_rate, current_balance",monitor,medium
L101597,0.6235290663998613,0.5130385722962042,0.3334712912260753,current,0,none,0,"interest_rate, current_balance",review,medium
L101597,0.5943716377149759,0.4886857403613802,0.20423379005980832,current,0,none,0,"interest_rate, current_balance",monitor,medium
L101597,0.6008170134767569,0.4811655652554534,0.21130146231149488,current,0,none,0,"interest_rate, current_balance",monitor,medium
L101597,0.5996098225967269,0.4805959928413303,0.3003516926482234,current,0,none,0,"interest_rate, current_balance",monitor,medium
L101597,0.5467919415995869,0.4093947681279139,0.323530136593103,current,0,none,0,"interest_rate, current_balance",monitor,medium
L101603,0.28858122283641413,0.2936569895091825,0.24102607325637587,delinquent_30_60,0,severe_delinquency,1,"interest_rate, current_balance",monitor,low
L101603,0.25298127578087154,0.2795747113016249,0.11682636337309439,current,1,flagged_anomaly,1,"interest_rate, current_balance",monitor,low
L101603,0.2597211718363185,0.30392496525589296,0.1297997744271197,current,0,none,0,"interest_rate, current_balance",monitor,medium
L101603,0.2758125185108419,0.36807691535498777,0.2809551505610271,current,0,none,0,"interest_rate, current_balance",monitor,medium
L101603,0.28056477026584814,0.35630261214479503,0.13053755429766575,current,0,none,0,"interest_rate, current_balance",monitor,medium
L101603,0.28464998549570003,0.326054317866133,0.12312418740601686,current,0,none,0,"interest_rate, current_balance",monitor,medium
L101603,0.2919880984376069,0.2995257671590144,0.11584694887132883,current,0,none,0,"interest_rate, current_balance",monitor,low
L101603,0.30968530398108546,0.2945604253475553,0.10737507828504465,current,0,none,0,"interest_rate, current_balance",monitor,low
L101603,0.2929049294078114,0.3408068902101745,0.24417061316095395,current,0,none,0,"interest_rate, current_balance",monitor,medium
L101603,0.32414088677280534,0.29067347924745984,0.10369162921560662,current,0,none,0,"interest_rate, current_balance",monitor,low
L101603,0.2991915930931415,0.36115296783787487,0.23432767683607172,current,0,none,0,"interest_rate, current_balance",monitor,medium
L101603,0.29042480586714864,0.27040283991122344,0.18117079580057954,current,0,none,0,"interest_rate, current_balance",monitor,low
L101607,0.4036783612912869,0.3196364697866008,0.3445675711891196,current,0,none,0,"interest_rate, current_balance",monitor,medium
L101607,0.34009283878883473,0.260174361209377,0.25218794878677947,current,0,none,0,"interest_rate, current_balance",monitor,low
L101607,0.34003481539792174,0.240433284073492,0.2531982890950864,current,0,none,0,"interest_rate, current_balance",monitor,low
L101607,0.3302592820747377,0.2568557386125116,0.22085777669966708,current,0,none,0,"interest_rate, current_balance",monitor,low
L101607,0.3469995528219426,0.30399279984363453,0.2917539090453015,current,0,none,0,"interest_rate, current_balance",monitor,medium
L101607,0.3423221063254025,0.24728505287230726,0.23950413313935706,current,0,none,0,"interest_rate, current_balance",monitor,low
L101607,0.3287360353960126,0.2655760296476937,0.22206184733865095,current,0,none,0,"interest_rate, current_balance",monitor,low
L101607,0.31737047610377417,0.25558234911206035,0.24943434619150892,current,0,none,0,"interest_rate, current_balance",monitor,low
L101607,0.32013536921239094,0.2728369498618443,0.21194542542515993,current,0,none,0,"interest_rate, current_balance",monitor,low
L101607,0.3251800450018559,0.30472779049343063,0.19920614991330082,current,0,none,0,"interest_rate, current_balance",monitor,medium
L101607,0.3200285906435635,0.28111298971878473,0.19796350812973607,current,0,none,0,"interest_rate, current_balance",monitor,low
L101607,0.3009205110362234,0.21580758041844722,0.21695980603305862,current,0,none,0,"interest_rate, current_balance",monitor,low
L101608,0.48812465600350746,0.5700913152792171,0.3840305854105633,current,0,none,0,"interest_rate, current_balance",review,medium
L101608,0.49931326660140407,0.5700052317981459,0.38148356761776014,current,0,none,0,"interest_rate, current_balance",review,medium
L101608,0.5261691454147518,0.5784384234175891,0.38463653873460024,current,0,none,0,"interest_rate, current_balance",review,medium
L101608,0.5354462895351842,0.5604468104783682,0.2733798450021233,current,0,none,0,"interest_rate, current_balance",review,medium
L101608,0.5177788112355882,0.49092128739436236,0.22177122775202604,delinquent_30_60,0,severe_delinquency,1,"interest_rate, current_balance",monitor,medium
L101608,0.5116022202060446,0.5219922467764002,0.20697152899960458,unknown,0,severe_delinquency,1,"interest_rate, current_balance",review,medium
L101612,0.48266460619960705,0.46781554243000767,0.25452486509985983,current,0,none,0,"interest_rate, current_balance",monitor,medium
L101612,0.498108071534278,0.4643348637490621,0.24776248104208695,current,0,none,0,"interest_rate, current_balance",monitor,medium
L101612,0.48892602215567327,0.48099850151226803,0.24980920977811694,current,0,none,0,"interest_rate, current_balance",monitor,medium
L101612,0.4957536855024287,0.48006271953297697,0.2446943231564418,current,0,none,0,"interest_rate, current_balance",monitor,medium
L101612,0.49302835746053963,0.4841937254446922,0.23941067042015177,current,0,none,0,"interest_rate, current_balance",monitor,medium
L101612,0.49133819538954915,0.4714985836691685,0.36156142396492275,current,0,none,0,"interest_rate, current_balance",monitor,medium
L101612,0.4888066854191599,0.4602003329708531,0.21997080421645474,current,0,none,0,"interest_rate, current_balance",monitor,medium
L101612,0.44794169313910914,0.34584690427291037,0.13398976997309522,current,0,balance_increase_anomaly,1,"interest_rate, current_balance",monitor,medium
L101612,0.4471777619159176,0.36279648946200815,0.1225033202708618,current,0,balance_increase_anomaly,1,"interest_rate, current_balance",monitor,medium
L101612,0.4533949568853357,0.36122051331166555,0.12305613355278827,current,0,balance_increase_anomaly,1,"interest_rate, current_balance",monitor,medium
L101612,0.4512786416119216,0.3337431146231812,0.20512766330844423,current,0,balance_increase_anomaly,1,"interest_rate, current_balance",monitor,medium
L101612,0.46213790813239325,0.29007444050576625,0.12436273138687211,current,0,balance_increase_anomaly,1,"interest_rate, current_balance",monitor,low
L101613,0.38893712458976215,0.3972284446864683,0.2575866651027067,current,0,none,0,"interest_rate, current_balance",monitor,medium
L101613,0.3639897783908157,0.39424215486991193,0.2642440476498876,current,0,none,0,"interest_rate, current_balance",monitor,medium
L101613,0.3476595907840364,0.44066400910178827,0.22551934355654027,current,0,none,0,"interest_rate, current_balance",monitor,medium
L101613,0.37004111806912565,0.4072949463670642,0.37509819075800266,current,0,none,0,"interest_rate, current_balance",monitor,medium
L101613,0.15173715080390934,0.16900870558968759,0.2520957658613966,unknown,0,none,0,"interest_rate, current_balance",monitor,low
L101629,0.29260340471884816,0.1721558350716423,0.11033624490976846,current,0,none,0,"interest_rate, current_balance",monitor,low
L101629,0.29598266133606493,0.1943987119016794,0.10342115972769615,current,0,none,0,"interest_rate, current_balance",monitor,low
L101629,0.299587143571099,0.20802803404247333,0.10790385575996125,current,0,none,0,"interest_rate, current_balance",monitor,low
L101629,0.3080506387233685,0.1939901477966421,0.10017791261040404,current,0,none,0,"interest_rate, current_balance",monitor,low
L101629,0.24677935292095166,0.16121431478916426,0.08024812808170992,current,0,balance_increase_anomaly,1,"interest_rate, current_balance",monitor,low
L101629,0.27401153996249544,0.20378184612197317,0.23864090426800297,current,0,balance_increase_anomaly,1,"interest_rate, current_balance",monitor,low
L101629,0.25763884184507196,0.15053165119857337,0.08520764636201089,current,0,balance_increase_anomaly,1,"interest_rate, current_balance",monitor,low
L101629,0.25182202005948684,0.15176793355871804,0.07886239676524713,current,0,balance_increase_anomaly,1,"interest_rate, current_balance",monitor,low
L101629,0.25434153211798954,0.1335621027982762,0.08364704611705653,current,0,balance_increase_anomaly,1,"interest_rate, current_balance",monitor,low
L101629,0.27441625927194163,0.16584686969916232,0.0976077808197491,current,0,balance_increase_anomaly,1,"interest_rate, current_balance",monitor,low
L101629,0.28533775165736347,0.15950702268466233,0.10284639684272649,current,0,balance_increase_anomaly,1,"interest_rate, current_balance",monitor,low
L101629,0.2794181709222474,0.1364324315396479,0.08381188987218678,current,0,balance_increase_anomaly,1,"interest_rate, current_balance",monitor,low
L101630,0.45509139621511907,0.43674704294663114,0.23441714569748845,current,0,none,0,"interest_rate, current_balance",monitor,medium
L101630,0.4802473115687154,0.46063045415504217,0.25788092470637847,current,0,none,0,"interest_rate, current_balance",monitor,medium
L101630,0.44919257365885706,0.42711186327922285,0.22264718895819774,current,0,none,0,"interest_rate, current_balance",monitor,medium
L101630,0.47532071882225657,0.499541055125563,0.21884949377989718,current,0,none,0,"interest_rate, current_balance",monitor,medium
L101630,0.5052852131663762,0.5141977956937693,0.25995627773299884,current,0,none,0,"interest_rate, current_balance",review,medium
L101630,0.5241124061107897,0.5410978095907931,0.35227180792632157,current,0,none,0,"interest_rate, current_balance",review,medium
L101630,0.4763711378643182,0.5154244946566285,0.2443701156692398,current,0,none,0,"interest_rate, current_balance",review,medium
L101630,0.5047359429511977,0.5626738930067845,0.3591608051911747,current,0,none,0,"interest_rate, current_balance",review,medium
L101630,0.48403834428388337,0.5307038758560102,0.2211728850165877,current,0,none,0,"interest_rate, current_balance",review,medium
L101630,0.44877343408608245,0.5140763314501436,0.2688685566022999,current,0,none,0,"interest_rate, current_balance",review,medium
L101630,0.45295862791224845,0.5353080936267357,0.34863138766386226,current,0,none,0,"interest_rate, current_balance",review,medium
L101630,0.4282040437830201,0.42643009542306537,0.217050106849849,current,0,none,0,"interest_rate, current_balance",monitor,medium
L101639,0.48322299955635845,0.4430475158767386,0.3263175352255595,current,0,none,0,"interest_rate, current_balance",monitor,medium
L101639,0.45793316243381177,0.45265193506163287,0.35856888070225496,current,0,none,0,"interest_rate, current_balance",monitor,medium
L101639,0.4671881955360305,0.4688821221329965,0.2262475392893384,current,0,none,0,"interest_rate, current_balance",monitor,medium
L101639,0.4924933653365926,0.4809058992352841,0.2212787058943285,current,0,none,0,"interest_rate, current_balance",monitor,medium
L101639,0.5312291539296834,0.479239888284916,0.24012991990517682,current,0,none,0,"interest_rate, current_balance",monitor,medium
L101639,0.4683724464901617,0.4623817313783391,0.23996792958921,current,0,none,0,"interest_rate, current_balance",monitor,medium
L101639,0.5103436902821531,0.49042541396653905,0.2393312010214825,current,0,none,0,"interest_rate, current_balance",monitor,medium
L101639,0.5037474599381253,0.49242227954403756,0.3544969241707091,current,0,none,0,"interest_rate, current_balance",monitor,medium
L101639,0.5013137167036016,0.45390162991714667,0.2682517371887703,current,0,balance_increase_anomaly,1,"interest_rate, current_balance",monitor,medium
L101639,0.4960071893786872,0.4652428399444733,0.2885673740097688,current,0,balance_increase_anomaly,1,"interest_rate, current_balance",monitor,medium
L101639,0.4977816066841594,0.43421194332900154,0.2792976025164073,current,0,balance_increase_anomaly,1,"interest_rate, current_balance",monitor,medium
L101639,0.4683073572076133,0.381945354496053,0.2898238387741414,current,0,balance_increase_anomaly,1,"interest_rate, current_balance",monitor,medium
L101641,0.5200645196259576,0.4752091071991457,0.06506914645862871,current,0,none,0,"interest_rate, current_balance",monitor,medium
L101641,0.5039302131004672,0.44169379576394147,0.22790107522225678,current,0,none,0,"interest_rate, current_balance",monitor,medium
L101641,0.5160042976715046,0.45023844410604813,0.05666770382906909,current,0,none,0,"interest_rate, current_balance",monitor,medium
L101641,0.5354392655337568,0.4711248910030888,0.07181029848629499,current,0,none,0,"interest_rate, current_balance",monitor,medium
L101641,0.09754358826332289,0.08884089072091672,0.10788700054821816,unknown,0,none,0,"interest_rate, current_balance",monitor,low
L101646,0.43586778963592004,0.5000956519217723,0.11532983139286136,current,0,none,0,"interest_rate, current_balance",review,medium
L101646,0.4433411038865638,0.5228768530617597,0.3308273623707047,current,0,none,0,"interest_rate, current_balance",review,medium
L101646,0.44544976569778383,0.5212248699708182,0.3288345275171592,current,0,none,0,"interest_rate, current_balance",review,medium
L101646,0.47818608689971426,0.5079562324654718,0.12503678448896602,current,0,none,0,"interest_rate, current_balance",review,medium
L101646,0.47252703140332974,0.5183429889578135,0.33155507849130117,current,0,none,0,"interest_rate, current_balance",review,medium
L101646,0.4834343001279122,0.5009771535497624,0.1488879801869212,current,0,none,0,"interest_rate, current_balance",review,medium
L101646,0.5011153845943255,0.4988234825626505,0.15985864864004773,current,0,none,0,"interest_rate, current_balance",monitor,medium
L101646,0.4863674820573984,0.4967061603885716,0.13612936474378243,current,0,none,0,"interest_rate, current_balance",monitor,medium
L101646,0.4823722045926787,0.5133837650243329,0.3151177758564523,current,0,none,0,"interest_rate, current_balance",review,medium
L101646,0.4823582403643073,0.5099734119461494,0.12077904832011473,current,0,none,0,"interest_rate, current_balance",review,medium
L101646,0.46275607449385187,0.5137865332399666,0.25059018254229914,current,0,none,0,"interest_rate, current_balance",review,medium
L101646,0.4567984272649314,0.446631716770778,0.12114466298514887,current,0,none,0,"interest_rate, current_balance",monitor,medium
L101652,0.3198330967757547,0.4437884930037485,0.09199099581127179,current,0,none,0,"interest_rate, current_balance",monitor,medium
L101652,0.34082281651998725,0.43579800674404584,0.08794050337468699,current,0,none,0,"interest_rate, current_balance",monitor,medium
L101652,0.3299649883737273,0.4233694678710856,0.10031868864503385,current,0,none,0,"interest_rate, current_balance",monitor,medium
L101652,0.3512433333838141,0.40417553804665457,0.26563919443918815,current,0,none,0,"interest_rate, current_balance",monitor,medium
L101652,0.3438433275550221,0.42759350726263645,0.09093825093482366,current,0,none,0,"interest_rate, current_balance",monitor,medium
L101652,0.3742872559939636,0.42765249251469045,0.09659943645894174,current,0,none,0,"interest_rate, current_balance",monitor,medium
L101652,0.3819314954599353,0.4198727678266909,0.0907690780450666,current,0,none,0,"interest_rate, current_balance",monitor,medium
L101652,0.2943534268643226,0.40436230218375463,0.08555438412670145,current,0,none,0,"interest_rate, current_balance",monitor,medium
L101652,0.318627503304706,0.4039538119904353,0.07938797031321257,current,0,none,0,"interest_rate, current_balance",monitor,medium
L101652,0.27412148542850623,0.42019656234931696,0.07331218437813594,current,0,none,0,"interest_rate, current_balance",monitor,medium
L101652,0.28455024551821817,0.40336107213968775,0.18221985239167574,current,0,none,0,"interest_rate, current_balance",monitor,medium
L101652,0.2898266273469449,0.37143963789372386,0.08314459523420735,current,0,none,0,"interest_rate, current_balance",monitor,medium
L101655,0.45260759256701844,0.5036001690987639,0.23333591822349628,current,0,none,0,"interest_rate, current_balance",review,medium
L101655,0.4761296963955085,0.5172200842736348,0.3333370652383387,current,0,none,0,"interest_rate, current_balance",review,medium
L101655,0.48257112729667784,0.5157751888134858,0.21040681217782717,current,0,none,0,"interest_rate, current_balance",review,medium
L101655,0.46404190931604394,0.5172807011320215,0.20443877968779228,current,0,none,0,"interest_rate, current_balance",review,medium
L101655,0.4842047503656422,0.5315879913616633,0.3331854608814181,current,0,none,0,"interest_rate, current_balance",review,medium
L101655,0.46552002546067,0.5108295493993896,0.35842061503824674,current,0,none,0,"interest_rate, current_balance",review,medium
L101655,0.4705074726625159,0.5104093115325532,0.23710791670590117,current,0,none,0,"interest_rate, current_balance",review,medium
L101655,0.46891769497019953,0.521911428718351,0.2263766221143374,current,0,none,0,"interest_rate, current_balance",review,medium
L101655,0.4633879377731371,0.5151462093724829,0.2030066709511867,current,0,none,0,"interest_rate, current_balance",review,medium
L101655,0.46080540861428093,0.5150461340560111,0.3085933904113172,current,0,none,0,"interest_rate, current_balance",review,medium
L101655,0.43623808344888243,0.4963186655105717,0.17975278181373927,current,0,none,0,"interest_rate, current_balance",monitor,medium
L101655,0.4420873589745997,0.4618488752657679,0.1970039384151008,current,0,none,0,"interest_rate, current_balance",monitor,medium
L101657,0.4020369569142185,0.4708137262652933,0.29502576744473635,current,0,none,0,"interest_rate, current_balance",monitor,medium
L101657,0.3825852083514385,0.4562402244581131,0.3375370427471677,current,0,none,0,"interest_rate, current_balance",monitor,medium
L101657,0.3631635999704009,0.4876577584415983,0.11442721022921641,current,0,none,0,"interest_rate, current_balance",monitor,medium
L101657,0.360519551995153,0.46827677505918736,0.11177004572453188,current,0,none,0,"interest_rate, current_balance",monitor,medium
L101657,0.3602726553002293,0.47769400316249006,0.12879745841776205,current,0,none,0,"interest_rate, current_balance",monitor,medium
L101657,0.33989855163380284,0.4801020172915718,0.11817323922264156,current,0,none,0,"interest_rate, current_balance",monitor,medium
L101657,0.339428110784823,0.502759318870372,0.33239109157573793,current,0,none,0,"interest_rate, current_balance",review,medium
L101657,0.3428385805651392,0.5271989212219719,0.28424144573305965,current,0,none,0,"interest_rate, current_balance",review,medium
L101657,0.29177699102618615,0.5119441175346303,0.27162377779208524,current,0,none,0,"interest_rate, current_balance",review,medium
L101657,0.287432456457922,0.491731566231407,0.11288179691301117,current,0,none,0,"interest_rate, current_balance",monitor,medium
L101657,0.2667885342183578,0.4677113025463933,0.10589236301511004,current,0,none,0,"interest_rate, current_balance",monitor,medium
L101657,0.29154111389348214,0.4138538177184115,0.09684938184568709,current,0,none,0,"interest_rate, current_balance",monitor,medium
L101658,0.4333252984013932,0.3891326675423615,0.07054434795763179,current,0,none,0,"interest_rate, current_balance",monitor,medium
L101658,0.40894929348849707,0.4042241202098707,0.08733736296283458,current,0,none,0,"interest_rate, current_balance",monitor,medium
L101658,0.4169867729737595,0.41429644388801196,0.09185556520509264,current,0,none,0,"interest_rate, current_balance",monitor,medium
L101658,0.423003361616431,0.4154950035448174,0.23531610684723067,current,0,none,0,"interest_rate, current_balance",monitor,medium
L101658,0.44589779887872605,0.41252802687609247,0.10991546085490125,current,0,none,0,"interest_rate, current_balance",monitor,medium
L101658,0.45326889675004445,0.40201106932666925,0.10628479430377294,current,0,none,0,"interest_rate, current_balance",monitor,medium
L101658,0.42280984293979673,0.3586509925625163,0.09911811164612945,current,0,none,0,"interest_rate, current_balance",monitor,medium
L101658,0.4682255898451811,0.36949056931860247,0.09614553104389682,current,0,none,0,"interest_rate, current_balance",monitor,medium
L101658,0.39635355398462796,0.37158832084574656,0.21582047350394717,current,0,none,0,"interest_rate, current_balance",monitor,medium
L101658,0.4063239815011217,0.37057375806119897,0.1933818090744396,current,0,none,0,"interest_rate, current_balance",monitor,medium
L101658,0.4189904786776826,0.3797294000888278,0.09591707612128175,current,0,none,0,"interest_rate, current_balance",monitor,medium
L101658,0.4011093099388867,0.33725597660498785,0.10832081149516462,current,0,none,0,"interest_rate, current_balance",monitor,medium
L101661,0.43769530889101027,0.36168950266514666,0.22926997880379923,current,0,none,0,"interest_rate, current_balance",monitor,medium
L101661,0.37813783702818715,0.3756276512059387,0.22103674173568852,current,0,none,0,"interest_rate, current_balance",monitor,medium
L101661,0.40171475719772065,0.4126701975854331,0.14946261521761173,current,0,none,0,"interest_rate, current_balance",monitor,medium
L101661,0.39538431120292405,0.4200586185321053,0.22528912810461188,current,0,none,0,"interest_rate, current_balance",monitor,medium
L101661,0.372843616452087,0.41615395449273784,0.17363936078578515,current,0,none,0,"interest_rate, current_balance",monitor,medium
L101661,0.38878579841994837,0.3827218099943762,0.21799417702350463,current,0,none,0,"interest_rate, current_balance",monitor,medium
L101661,0.4037765098835696,0.38826643294682445,0.26476996695728033,current,0,none,0,"interest_rate, current_balance",monitor,medium
L101661,0.40838868006156387,0.39201439748072225,0.2504172177408417,current,0,none,0,"interest_rate, current_balance",monitor,medium
L101661,0.4165828687918839,0.39851068804424694,0.20182612704865435,current,0,none,0,"interest_rate, current_balance",monitor,medium
L101661,0.4463571295781294,0.38525446329595187,0.27500269158625534,current,0,balance_increase_anomaly,1,"interest_rate, current_balance",monitor,medium
L101661,0.4585218569244762,0.3636183235770755,0.1453570560054495,current,0,balance_increase_anomaly,1,"interest_rate, current_balance",monitor,medium
L101661,0.4291396560926999,0.37616811651841037,0.268883017819086,current,0,balance_increase_anomaly,1,"interest_rate, current_balance",monitor,medium
L101662,0.5675787283910686,0.4527691406903516,0.7900262562182797,current,0,none,0,"interest_rate, current_balance",monitor,medium
L101662,0.5810323925605652,0.5859453022244445,0.3597980055465149,current,0,none,0,"interest_rate, current_balance",review,medium
L101662,0.5754990726071636,0.4763690583110516,0.7849673345254626,current,0,none,0,"interest_rate, current_balance",monitor,medium
L101662,0.564312960703031,0.49685264113117283,0.7744461964858489,current,0,none,0,"interest_rate, current_balance",monitor,medium
L101662,0.5071307435710403,0.4603367032669691,0.753264968011234,current,0,none,0,"interest_rate, current_balance",monitor,medium
L101662,0.5708564472340032,0.5369584659263575,0.31288464360674983,current,0,none,0,"interest_rate, current_balance",review,medium
L101662,0.5266503643598607,0.429561279456918,0.7373766327619524,current,0,none,0,"interest_rate, current_balance",monitor,medium
L101662,0.5572400404476692,0.43892301237197767,0.7469273402186064,current,0,none,0,"interest_rate, current_balance",monitor,medium
L101662,0.5683226250830183,0.4625479138410578,0.7462128975488015,current,0,none,0,"interest_rate, current_balance",monitor,medium
L101662,0.5625802328855108,0.5461483848967666,0.29810022715313567,current,0,none,0,"interest_rate, current_balance",review,medium
L101662,0.5209530676346049,0.42951584617371935,0.7197920574603016,current,0,none,0,"interest_rate, current_balance",monitor,medium
L101662,0.5485001902669366,0.5092255636581157,0.2790669894837203,current,0,none,0,"interest_rate, current_balance",review,medium
L101664,0.38383847848698116,0.37565228350911856,0.20525809390491168,current,0,balance_increase_anomaly,1,"interest_rate, current_balance",monitor,medium
L101664,0.3733742998282374,0.35729799411545865,0.2132749639189853,current,0,balance_increase_anomaly,1,"interest_rate, current_balance",monitor,medium
L101664,0.373398726389247,0.3691714739860561,0.1935494473126949,current,0,balance_increase_anomaly,1,"interest_rate, current_balance",monitor,medium
L101664,0.39310537086842406,0.3828329003054704,0.2916838597834294,current,0,balance_increase_anomaly,1,"interest_rate, current_balance",monitor,medium
L101664,0.13454873427743638,0.09133658760126516,0.19357181521932734,unknown,0,balance_increase_anomaly,1,"interest_rate, current_balance",monitor,low
L101672,0.2466047884283429,0.28307185991081196,0.7074743244062364,current,0,none,0,"interest_rate, current_balance",monitor,low
L101672,0.24545036540134652,0.3326329417205354,0.7435066351645954,current,0,none,0,"interest_rate, current_balance",monitor,medium
L101672,0.2962818811077575,0.3383703217051413,0.7648780770409528,current,0,none,0,"interest_rate, current_balance",monitor,medium
L101672,0.27540949115001934,0.38127552790416935,0.7706576932822902,current,0,none,0,"interest_rate, current_balance",monitor,medium
L101672,0.39336197949560237,0.3932858265749483,0.36861933503210287,current,0,none,0,"interest_rate, current_balance",monitor,medium
L101672,0.2797284885873821,0.3816274379194784,0.7212136727301416,current,0,none,0,"interest_rate, current_balance",monitor,medium
L101672,0.2959571365146369,0.35172721702461107,0.758343727461558,current,0,none,0,"interest_rate, current_balance",monitor,medium
L101672,0.40137254695136665,0.3716208588724201,0.38591154862217647,current,0,none,0,"interest_rate, current_balance",monitor,medium
L101672,0.2829522497792777,0.3903976739542303,0.7436302986338964,current,0,none,0,"interest_rate, current_balance",monitor,medium
L101672,0.27084875798420804,0.3780740890051885,0.7119576114422044,current,0,none,0,"interest_rate, current_balance",monitor,medium
L101672,0.2620373200462068,0.3667781650023101,0.680530291963892,current,0,none,0,"interest_rate, current_balance",monitor,medium
L101672,0.2653089328280732,0.31811010427427844,0.5985595402588841,current,0,none,0,"interest_rate, current_balance",monitor,medium
L101674,0.5094137683287459,0.512471239356889,0.3602179301560812,current,0,none,0,"interest_rate, current_balance",review,medium
L101674,0.5052872071498664,0.5093951684994872,0.37160514540405337,current,0,none,0,"interest_rate, current_balance",review,medium
L101674,0.5184628385403909,0.5052986356418032,0.32978874960602195,current,0,none,0,"interest_rate, current_balance",review,medium
L101674,0.516238196042821,0.5028265278283338,0.12360275059622862,current,0,none,0,"interest_rate, current_balance",review,medium
L101674,0.5151115613374125,0.5062645148617991,0.11948928918747316,current,0,none,0,"interest_rate, current_balance",review,medium
L101674,0.5157589845830544,0.49519009723509944,0.12466411052024891,current,0,none,0,"interest_rate, current_balance",monitor,medium
L101674,0.5170305536599277,0.49570312668469785,0.12098693449245536,current,0,none,0,"interest_rate, current_balance",monitor,medium
L101674,0.5140770542715201,0.49791478129488137,0.3187381310084859,current,0,none,0,"interest_rate, current_balance",monitor,medium
L101674,0.5065410126901496,0.4976643722037283,0.1068885157652822,current,0,none,0,"interest_rate, current_balance",monitor,medium
L101674,0.4925951093337442,0.49760762819589455,0.2864933735126152,current,0,none,0,"interest_rate, current_balance",monitor,medium
L101674,0.4922240568196726,0.46270738533807104,0.09299241098774175,current,0,none,0,"interest_rate, current_balance",monitor,medium
L101674,0.4279210384500563,0.4112480823727905,0.08938850821426286,current,0,none,0,"interest_rate, current_balance",monitor,medium
L101684,0.3763506003817406,0.3050892996355735,0.12591008792110073,current,0,none,0,"interest_rate, current_balance",monitor,medium
L101684,0.35686265292845043,0.3685005582089884,0.20602745945512116,current,0,none,0,"interest_rate, current_balance",monitor,medium
L101684,0.3646555161511673,0.3234554282671633,0.08244412172689561,current,0,none,0,"interest_rate, current_balance",monitor,medium
L101684,0.3670209335288362,0.3638779177198696,0.19115000764083157,current,0,none,0,"interest_rate, current_balance",monitor,medium
L101684,0.3431100125355942,0.3142227954673118,0.07020508034586788,current,0,none,0,"interest_rate, current_balance",monitor,medium
L101684,0.35799185508186177,0.31170344290085705,0.06831179852156206,current,0,none,0,"interest_rate, current_balance",monitor,medium
L101684,0.33744457870755973,0.2712380508098141,0.062217487782611054,current,0,none,0,"interest_rate, current_balance",monitor,low
L101684,0.3620496404201189,0.3017255730992519,0.06493537264752833,current,0,none,0,"interest_rate, current_balance",monitor,medium
L101684,0.36402086163095243,0.30309452449538665,0.058659799329420025,current,0,none,0,"interest_rate, current_balance",monitor,medium
L101684,0.3538252358719075,0.2760207019430063,0.06317564405610998,current,0,none,0,"interest_rate, current_balance",monitor,low
L101684,0.33897548224137297,0.23780811621351422,0.06562119136145013,current,0,none,0,"interest_rate, current_balance",monitor,low
L101684,0.3425182581287959,0.26277787383039203,0.0641000612496408,current,0,none,0,"interest_rate, current_balance",monitor,low
L101685,0.4681423689491787,0.5544376796375668,0.2752219961797168,current,0,none,0,"interest_rate, current_balance",review,medium
L101685,0.44746835456923256,0.4880291963751032,0.7145282881249632,current,0,none,0,"interest_rate, current_balance",monitor,medium
L101685,0.4382352540959647,0.47546534012406055,0.7212858860117674,current,0,none,0,"interest_rate, current_balance",monitor,medium
L101685,0.5050948450560767,0.5339000092497477,0.2481526910012235,current,0,none,0,"interest_rate, current_balance",review,medium
L101685,0.4530084133360729,0.4590058615604699,0.7140451725173926,current,0,none,0,"interest_rate, current_balance",monitor,medium
L101685,0.45599309157601925,0.4438171201237798,0.7047904237099099,current,0,none,0,"interest_rate, current_balance",monitor,medium
L101685,0.49227944410026064,0.5534224561904304,0.2458624865527214,current,0,none,0,"interest_rate, current_balance",review,medium
L101685,0.4311368623836928,0.4455740986506119,0.6905643527175717,current,0,none,0,"interest_rate, current_balance",monitor,medium
L101685,0.4373115753370817,0.4522988713775944,0.6544608413165771,current,0,none,0,"interest_rate, current_balance",monitor,medium
L101685,0.4659476424195798,0.49518204982712877,0.197468847169787,current,0,none,0,"interest_rate, current_balance",monitor,medium
L101685,0.44110429822184005,0.42508966617383886,0.6642581687294302,current,0,none,0,"interest_rate, current_balance",monitor,medium
L101685,0.44088460215951963,0.31774870436942665,0.6296127935035488,current,0,none,0,"interest_rate, current_balance",monitor,medium
L101689,0.4430244084056652,0.48152064518837523,0.2465201478184197,current,0,none,0,"interest_rate, current_balance",monitor,medium
L101689,0.4495196533487918,0.5248909484464438,0.25533040488051073,current,0,none,0,"interest_rate, current_balance",review,medium
L101689,0.46114694502750836,0.5403568359514733,0.25065052932391624,current,0,none,0,"interest_rate, current_balance",review,medium
L101689,0.49284506308942433,0.5427708882093789,0.3263023471195366,current,0,none,0,"interest_rate, current_balance",review,medium
L101689,0.48835088525975684,0.5293598977681072,0.2357362625750234,current,0,none,0,"interest_rate, current_balance",review,medium
L101689,0.48250019074633427,0.5222360258762151,0.2353226418147076,current,0,none,0,"interest_rate, current_balance",review,medium
L101689,0.5094537585048818,0.5350806455435358,0.3295991945785059,current,0,none,0,"interest_rate, current_balance",review,medium
L101689,0.49463081313394147,0.5309747168419949,0.3650172108919767,current,0,none,0,"interest_rate, current_balance",review,medium
L101689,0.5039302935913658,0.5284368341302713,0.340035191009463,current,0,none,0,"interest_rate, current_balance",review,medium
L101689,0.48114923029475876,0.5185720266929095,0.2325410991031546,current,0,none,0,"interest_rate, current_balance",review,medium
L101689,0.49388657659114776,0.4996086988276505,0.2128367723408479,current,0,none,0,"interest_rate, current_balance",monitor,medium
L101689,0.5006885386669556,0.45612930128599594,0.3250586563477583,current,0,none,0,"interest_rate, current_balance",monitor,medium
L101694,0.48906477108870566,0.464503269780943,0.1288544997351004,current,0,none,0,"interest_rate, current_balance",monitor,medium
L101694,0.47988360681151365,0.470590374376101,0.13638502254360424,current,0,none,0,"interest_rate, current_balance",monitor,medium
L101694,0.4849076761647284,0.4892603954935887,0.1228139084633216,current,0,none,0,"interest_rate, current_balance",monitor,medium
L101694,0.5093703726456921,0.5027330402010903,0.375673895953578,current,0,none,0,"interest_rate, current_balance",review,medium
L101694,0.5145663921682084,0.5044320995366858,0.3859803440796685,current,0,none,0,"interest_rate, current_balance",review,medium
L101694,0.4766684923225703,0.469622174270218,0.1437046066644143,current,0,none,0,"interest_rate, current_balance",monitor,medium
L101694,0.520586328839519,0.519651818863815,0.42173288876424747,current,0,none,0,"interest_rate, current_balance",review,medium
L101694,0.48426359691838383,0.4964123854899756,0.1577553940325441,current,0,none,0,"interest_rate, current_balance",monitor,medium
L101694,0.48540169987058857,0.5170655971339252,0.4156190938221503,current,0,none,0,"interest_rate, current_balance",review,medium
L101694,0.4872416710186629,0.47407749436906566,0.15953627995546518,current,0,none,0,"interest_rate, current_balance",monitor,medium
L101694,0.5035295230384799,0.49274654879850593,0.32333478391130843,current,0,none,0,"interest_rate, current_balance",monitor,medium
L101694,0.47134257250158895,0.44621463522157995,0.33755579939192465,current,0,none,0,"interest_rate, current_balance",monitor,medium
L101711,0.38058115897059125,0.4527757153004826,0.5415513313956816,current,0,none,0,"interest_rate, current_balance",monitor,medium
L101711,0.4205404621303735,0.4529504862162193,0.5995497909759694,current,0,none,0,"interest_rate, current_balance",monitor,medium
L101711,0.40077178994341206,0.4453180542910159,0.5971901971161847,current,0,none,0,"interest_rate, current_balance",monitor,medium
L101711,0.4075396013623474,0.48313514965329196,0.588565107634427,current,0,none,0,"interest_rate, current_balance",monitor,medium
L101711,0.4502050820741823,0.4696463997823027,0.6233749081388809,current,0,none,0,"interest_rate, current_balance",monitor,medium
L101711,0.4480759716442742,0.5149700650643063,0.22388200871056213,current,0,none,0,"interest_rate, current_balance",review,medium
L101711,0.48055215208654517,0.4378677371238323,0.6347005720998038,current,0,none,0,"interest_rate, current_balance",monitor,medium
L101711,0.4629550889119746,0.49072919376568536,0.20555973348747475,current,0,none,0,"interest_rate, current_balance",monitor,medium
L101711,0.4388481596455454,0.4294614199675208,0.5851246335543941,current,0,none,0,"interest_rate, current_balance",monitor,medium
L101711,0.41872217585050575,0.4113362147245485,0.4127615398112527,delinquent_30_60,1,flagged_anomaly,1,"interest_rate, current_balance",monitor,medium
L101711,0.4296215812306706,0.45670172860412017,0.1940313048601254,delinquent_30_60,1,flagged_anomaly,1,"interest_rate, current_balance",monitor,medium
L101711,0.408608604206695,0.43469567838278333,0.17429485774876596,current,0,none,0,"interest_rate, current_balance",monitor,medium
L101712,0.3717482115011336,0.3467947785000792,0.17031596531078078,current,0,none,0,"interest_rate, current_balance",monitor,medium
L101712,0.3352699805621214,0.3701390904880788,0.1946139505954517,current,0,none,0,"interest_rate, current_balance",monitor,medium
L101712,0.33852961494661876,0.3429818302718565,0.09339022127373908,current,0,none,0,"interest_rate, current_balance",monitor,medium
L101712,0.4207749105009873,0.37007103066672437,0.09643600262627997,current,0,balance_increase_anomaly,1,"interest_rate, current_balance",monitor,medium
L101712,0.40445348795716846,0.3646187506912901,0.09932087699027972,current,0,balance_increase_anomaly,1,"interest_rate, current_balance",monitor,medium
L101712,0.1632483015979667,0.12182013043072987,0.08525524759466935,unknown,0,balance_increase_anomaly,1,"interest_rate, current_balance",monitor,low
L101721,0.48979226014688587,0.5332373958206343,0.23620940399443052,current,0,none,0,"interest_rate, current_balance",review,medium
L101721,0.4930393308386163,0.5459400650759259,0.21487529881082873,current,0,none,0,"interest_rate, current_balance",review,medium
L101721,0.4874530005538652,0.5554189799090973,0.24975591757656943,current,0,none,0,"interest_rate, current_balance",review,medium
L101721,0.5125247282355891,0.4977386129351519,0.06790011867268173,current,0,none,0,"interest_rate, current_balance",monitor,medium
L101721,0.52193006955275,0.5040606082417246,0.07563674373502029,current,0,none,0,"interest_rate, current_balance",review,medium
L101721,0.495012845294335,0.5465672763216591,0.2483530969252277,current,0,none,0,"interest_rate, current_balance",review,medium
L101721,0.5244811956772647,0.5309264135349856,0.24290308295906915,current,0,none,0,"interest_rate, current_balance",review,medium
L101721,0.5484875673297446,0.4829505278598873,0.09806120366424961,current,0,none,0,"interest_rate, current_balance",monitor,medium
L101721,0.555562940202142,0.47963062434432224,0.08940909963125854,current,0,none,0,"interest_rate, current_balance",monitor,medium
L101721,0.5291048942767494,0.5261973780126641,0.21079105094053485,current,0,none,0,"interest_rate, current_balance",review,medium
L101721,0.5360093688295073,0.4632212469797518,0.07702722050487378,current,0,none,0,"interest_rate, current_balance",monitor,medium
L101721,0.5062628083694836,0.47317179087039773,0.19276976903166745,current,0,none,0,"interest_rate, current_balance",monitor,medium
L101722,0.4451234135269321,0.3643947488845832,0.40558296685881007,current,0,none,0,"interest_rate, current_balance",monitor,medium
L101722,0.47146751194246245,0.3270774642828968,0.14512866145649567,current,0,none,0,"interest_rate, current_balance",monitor,medium
L101722,0.4465423300457377,0.30879384467215604,0.14325337473696242,current,0,none,0,"interest_rate, current_balance",monitor,medium
L101722,0.09582774092976214,0.09151310021745448,0.13449647808700152,unknown,0,none,0,"interest_rate, current_balance",monitor,low
L101727,0.42295782536833343,0.4056519268864176,0.3378259022123349,current,0,none,0,"interest_rate, current_balance",monitor,medium
L101727,0.42437926179435737,0.4244844225543201,0.3314225141395769,current,0,none,0,"interest_rate, current_balance",monitor,medium
L101727,0.4177981859739119,0.42920174402702194,0.4402284221203113,current,0,none,0,"interest_rate, current_balance",monitor,medium
L101727,0.4387715938277019,0.41491104432985687,0.4659285397774677,current,0,none,0,"interest_rate, current_balance",monitor,medium
L101727,0.4496598183324487,0.42967385984943934,0.42053896787599804,current,0,none,0,"interest_rate, current_balance",monitor,medium
L101727,0.42477047275737506,0.4163819131022294,0.3262439216546395,current,0,none,0,"interest_rate, current_balance",monitor,medium
L101727,0.40651983440085704,0.43469747415649646,0.440395398770287,current,0,none,0,"interest_rate, current_balance",monitor,medium
L101727,0.3480616147108705,0.34459479351269345,0.3052065599848903,current,0,balance_increase_anomaly,1,"interest_rate, current_balance",monitor,medium
L101727,0.3199275707760204,0.36346904207456543,0.2928057880627362,current,0,balance_increase_anomaly,1,"interest_rate, current_balance",monitor,medium
L101727,0.31698227903974957,0.3356482314506893,0.20098255758793793,current,0,balance_increase_anomaly,1,"interest_rate, current_balance",monitor,medium
L101727,0.30307310028390944,0.34059946854546286,0.3073894117425627,current,0,balance_increase_anomaly,1,"interest_rate, current_balance",monitor,medium
L101727,0.32762472401017223,0.2505673356459791,0.21637832969340423,current,0,balance_increase_anomaly,1,"interest_rate, current_balance",monitor,low
L101728,0.32079942947385953,0.2956784928823483,0.15149467486956594,current,0,none,0,"interest_rate, current_balance",monitor,low
L101728,0.339000224617627,0.3251968666119425,0.12519174192928942,current,0,none,0,"interest_rate, current_balance",monitor,medium
L101728,0.35815325059864367,0.3700723520900904,0.19086304223834574,current,0,none,0,"interest_rate, current_balance",monitor,medium
L101728,0.34328689009061797,0.3073937456319067,0.11147036571409996,current,0,none,0,"interest_rate, current_balance",monitor,medium
L101728,0.3113681360031579,0.30875310579204224,0.12192733475801357,current,0,none,0,"interest_rate, current_balance",monitor,medium
L101728,0.3103444992637488,0.28344158954796916,0.13114731053919912,current,0,none,0,"interest_rate, current_balance",monitor,low
L101728,0.3497494418309372,0.3167962947757007,0.19346790263899988,current,0,none,0,"interest_rate, current_balance",monitor,medium
L101728,0.3044959895804928,0.3322105123288334,0.2046344247270319,current,0,none,0,"interest_rate, current_balance",monitor,medium
L101728,0.31132108085881205,0.3012480928571678,0.11744844859671706,current,0,none,0,"interest_rate, current_balance",monitor,medium
L101728,0.3199854537522744,0.2895128931202757,0.11748602924815232,current,0,none,0,"interest_rate, current_balance",monitor,low
L101728,0.37782031242682107,0.3202984388583865,0.1800049254203057,current,0,none,0,"interest_rate, current_balance",monitor,medium
L101728,0.3902715360036085,0.28760473361268235,0.17730706574945274,current,0,none,0,"interest_rate, current_balance",monitor,low
L101735,0.4620830494697618,0.42762932747410315,0.09727633991459389,current,0,none,0,"interest_rate, current_balance",monitor,medium
L101735,0.43418082169457023,0.40050342581853293,0.08210444437815986,current,0,none,0,"interest_rate, current_balance",monitor,medium
L101735,0.45417680907001323,0.41733809210711265,0.08724644363539864,current,0,none,0,"interest_rate, current_balance",monitor,medium
L101735,0.4458274984485565,0.4145430569861939,0.10446782342647844,current,0,none,0,"interest_rate, current_balance",monitor,medium
L101735,0.4181984814164384,0.4221318051067702,0.11823566284683014,current,0,none,0,"interest_rate, current_balance",monitor,medium
L101735,0.3983107184308741,0.5141315327221662,0.21037761037562505,current,0,none,0,"interest_rate, current_balance",review,medium
L101735,0.38842065574939727,0.5262243515438342,0.22545452729841703,current,0,none,0,"interest_rate, current_balance",review,medium
L101735,0.36908697737766216,0.36132304879388083,0.08647893483987605,unknown,1,flagged_anomaly,1,"interest_rate, current_balance",monitor,medium
L101745,0.44068659072520605,0.45422127842790805,0.11194862351137227,current,0,none,0,"interest_rate, current_balance",monitor,medium
L101745,0.43664852492014583,0.45674966873283296,0.1290003551079756,current,0,none,0,"interest_rate, current_balance",monitor,medium
L101745,0.4678077555101198,0.46461113644870883,0.3307404485615655,current,0,none,0,"interest_rate, current_balance",monitor,medium
L101745,0.44675282176683195,0.4495584860994973,0.1260040798300578,current,0,none,0,"interest_rate, current_balance",monitor,medium
L101745,0.47494385588550114,0.4682344005224101,0.3483880460909879,current,0,none,0,"interest_rate, current_balance",monitor,medium
L101745,0.46266397985491103,0.4538240955208996,0.137126660739199,current,0,none,0,"interest_rate, current_balance",monitor,medium
L101745,0.4717007547091014,0.456488972363645,0.11748512450524816,current,0,none,0,"interest_rate, current_balance",monitor,medium
L101745,0.473915669210362,0.4596181014517656,0.13270774831929377,current,0,none,0,"interest_rate, current_balance",monitor,medium
L101745,0.46582619556010363,0.4700271037162266,0.12901321422865716,current,0,none,0,"interest_rate, current_balance",monitor,medium
L101745,0.4612093672302269,0.4690840328645392,0.1356659774843457,current,0,none,0,"interest_rate, current_balance",monitor,medium
L101745,0.46438791129596857,0.4515004207303687,0.1327419288054369,current,0,none,0,"interest_rate, current_balance",monitor,medium
L101745,0.47083663613656485,0.39358254864975456,0.12502653439238762,current,0,none,0,"interest_rate, current_balance",monitor,medium
L101746,0.4690803434946731,0.3897423635915718,0.06632605460504433,current,0,none,0,"interest_rate, current_balance",monitor,medium
L101746,0.46042681623901177,0.42691607782916674,0.26111621290181813,current,0,none,0,"interest_rate, current_balance",monitor,medium
L101746,0.38312447308820763,0.32323108581069576,0.059913016589303585,delinquent_30_60,1,flagged_anomaly,1,"interest_rate, current_balance",monitor,medium
L101746,0.43857885078795067,0.364739096720219,0.0637367979278434,delinquent_30_60,1,flagged_anomaly,1,"interest_rate, current_balance",monitor,medium
L101746,0.45856638027442814,0.38693300076523507,0.07330920884526028,current,0,none,0,"interest_rate, current_balance",monitor,medium
L101746,0.4618976854185796,0.37146339066501793,0.08660039860193615,current,0,none,0,"interest_rate, current_balance",monitor,medium
L101746,0.4553978422605585,0.37044334217720715,0.10992730208052175,current,0,none,0,"interest_rate, current_balance",monitor,medium
L101746,0.47044302669145793,0.37874321828962254,0.11022892897895233,current,0,none,0,"interest_rate, current_balance",monitor,medium
L101746,0.45626215111873847,0.3800445341839096,0.11915727893651865,current,0,none,0,"interest_rate, current_balance",monitor,medium
L101746,0.4615977266236376,0.3885853156524245,0.09620337219318027,current,0,none,0,"interest_rate, current_balance",monitor,medium
L101746,0.4787840670962522,0.47994954493113606,0.19038489605696646,current,0,none,0,"interest_rate, current_balance",monitor,medium
L101746,0.46873948811036487,0.3210806138774905,0.09127409933787335,current,0,none,0,"interest_rate, current_balance",monitor,medium
L101756,0.41107164931655027,0.3482433488592511,0.7693501855132724,current,0,none,0,"interest_rate, current_balance",monitor,medium
L101756,0.43205405108036976,0.42335838856561553,0.4155823440027216,current,0,none,0,"interest_rate, current_balance",monitor,medium
L101756,0.3985864194332818,0.34550843169954676,0.7830038686809344,current,0,none,0,"interest_rate, current_balance",monitor,medium
L101756,0.42773653658252453,0.38913851151939205,0.4350288580577338,current,0,none,0,"interest_rate, current_balance",monitor,medium
L101756,0.41707850390608137,0.35532246708215753,0.781942069762015,current,0,none,0,"interest_rate, current_balance",monitor,medium
L101756,0.4134998305042506,0.3256243468389535,0.7786242909127054,current,0,none,0,"interest_rate, current_balance",monitor,medium
L101756,0.4077131445043693,0.3162152350235152,0.8112716944302408,current,0,none,0,"interest_rate, current_balance",monitor,medium
L101756,0.41511515918446723,0.3633560857285329,0.8038673167719205,current,0,none,0,"interest_rate, current_balance",monitor,medium
L101756,0.41314984072253524,0.3939582351297976,0.7959128490160194,current,0,none,0,"interest_rate, current_balance",monitor,medium
L101756,0.4134971058214986,0.39797128557458505,0.469316011892637,current,0,none,0,"interest_rate, current_balance",monitor,medium
L101756,0.41571043642270855,0.39033726029016774,0.7765528190086854,current,0,none,0,"interest_rate, current_balance",monitor,medium
L101756,0.41450281323543947,0.3703325634587633,0.42425976086525535,current,0,none,0,"interest_rate, current_balance",monitor,medium
L101762,0.31831772566405886,0.29887058416260603,0.1106622503046966,current,0,none,0,"interest_rate, current_balance",monitor,low
L101762,0.31152135163009365,0.2913856569590338,0.1141093138654809,current,0,none,0,"interest_rate, current_balance",monitor,low
L101762,0.2826728321277036,0.336250279668343,0.2868941056097736,current,0,none,0,"interest_rate, current_balance",monitor,medium
L101762,0.28469113022020404,0.26908585689218373,0.10965876624994322,current,0,none,0,"interest_rate, current_balance",monitor,low
L101762,0.2659756156520904,0.30102602444660287,0.3016054607187088,current,0,none,0,"interest_rate, current_balance",monitor,medium
L101762,0.2624035108846097,0.23977253489731085,0.11814855093148037,current,0,none,0,"interest_rate, current_balance",monitor,low
L101762,0.24430069396748494,0.14077604386102832,0.10701710245486441,current,0,balance_increase_anomaly,1,"interest_rate, current_balance",monitor,low
L101762,0.2543785328328068,0.1413402607609913,0.11289698979005114,current,0,balance_increase_anomaly,1,"interest_rate, current_balance",monitor,low
L101762,0.24094787604771967,0.1677726068911237,0.25071961622864775,current,0,balance_increase_anomaly,1,"interest_rate, current_balance",monitor,low
L101762,0.30395582422095613,0.3589924989389914,0.2289276428417485,current,0,none,0,"interest_rate, current_balance",monitor,medium
L101762,0.2892116082430723,0.24877376690325265,0.09036444149888323,current,0,none,0,"interest_rate, current_balance",monitor,low
L101762,0.31476546496986374,0.2884519746350043,0.19560567524072692,current,0,none,0,"interest_rate, current_balance",monitor,low
L101769,0.41428891382643546,0.3211619960600797,0.2782111073977999,current,0,none,0,"interest_rate, current_balance",monitor,medium
L101769,0.432554535613737,0.3201710250479146,0.2905012368021885,current,0,none,0,"interest_rate, current_balance",monitor,medium
L101769,0.41726459554193646,0.36283727175031905,0.27939182686852454,current,0,none,0,"interest_rate, current_balance",monitor,medium
L101769,0.4319167256863286,0.351043419570428,0.27719852518884275,current,0,none,0,"interest_rate, current_balance",monitor,medium
L101769,0.14057877452408835,0.12290721337360946,0.20654358005166948,unknown,0,none,0,"interest_rate, current_balance",monitor,low
L101774,0.482722270186772,0.5291189686710667,0.286406409658756,delinquent_30_60,0,severe_delinquency,1,"interest_rate, current_balance",review,medium
L101774,0.52055038035996,0.5524758401579787,0.30906128651837644,current,0,none,0,"interest_rate, current_balance",review,medium
L101774,0.4997119283441743,0.5498706239662765,0.23048590771018473,current,0,none,0,"interest_rate, current_balance",review,medium
L101774,0.4982681439483459,0.5262410092239442,0.20068362533135,unknown,0,severe_delinquency,1,"interest_rate, current_balance",review,medium
L101785,0.3538513452134806,0.38049229739128065,0.18106972541551408,current,0,none,0,"interest_rate, current_balance",monitor,medium
L101785,0.3626206173580515,0.4438182394179671,0.28155587690306827,current,0,none,0,"interest_rate, current_balance",monitor,medium
L101785,0.38285329226145187,0.4406250950451543,0.27136907006626804,current,0,none,0,"interest_rate, current_balance",monitor,medium
L101785,0.3725810373383831,0.39518699517410993,0.18782674118136553,current,0,none,0,"interest_rate, current_balance",monitor,medium
L101785,0.3547985675823935,0.420053059111036,0.22059095212180665,current,0,none,0,"interest_rate, current_balance",monitor,medium
L101785,0.34894820304867413,0.39216056607726546,0.15691990976918327,current,0,none,0,"interest_rate, current_balance",monitor,medium
L101785,0.37879407495050654,0.431882797435475,0.26328402146269253,current,0,none,0,"interest_rate, current_balance",monitor,medium
L101785,0.39549763520189846,0.43050016742216113,0.25996747299041784,current,0,none,0,"interest_rate, current_balance",monitor,medium
L101785,0.3206396734959917,0.3429703837990472,0.1850310359930776,current,0,none,0,"interest_rate, current_balance",monitor,medium
L101785,0.33239908013549563,0.3496686261181789,0.19003205807511236,current,0,none,0,"interest_rate, current_balance",monitor,medium
L101785,0.35195586371428345,0.3770604306208569,0.175364813538523,current,0,none,0,"interest_rate, current_balance",monitor,medium
L101785,0.3658738620297611,0.37994833787891175,0.2561369584263087,current,0,none,0,"interest_rate, current_balance",monitor,medium
L101786,0.37030070237355145,0.37805242394743377,0.11520591778239327,current,0,none,0,"interest_rate, current_balance",monitor,medium
L101786,0.38182323305110394,0.37668575947661703,0.363195273392761,current,0,none,0,"interest_rate, current_balance",monitor,medium
L101786,0.37340314834599936,0.39583975728091714,0.3296724290214152,current,0,none,0,"interest_rate, current_balance",monitor,medium
L101786,0.38156689784554854,0.375360974785212,0.33691042759707285,current,0,none,0,"interest_rate, current_balance",monitor,medium
L101786,0.38715849876008385,0.37953658034772925,0.12570663171867738,current,0,none,0,"interest_rate, current_balance",monitor,medium
L101786,0.4129439884096563,0.3468014716875102,0.10510894912854603,current,0,none,0,"interest_rate, current_balance",monitor,medium
L101786,0.4116567968927282,0.3401762548086725,0.10468476495630516,current,0,none,0,"interest_rate, current_balance",monitor,medium
L101786,0.4294926876634143,0.33450681902726315,0.1214793444463349,current,0,none,0,"interest_rate, current_balance",monitor,medium
L101786,0.4169575057125454,0.3489086319665399,0.28924525332729134,current,0,none,0,"interest_rate, current_balance",monitor,medium
L101786,0.4157107119745588,0.3202759788113484,0.10260555348096875,current,0,none,0,"interest_rate, current_balance",monitor,medium
L101786,0.4082542789465043,0.30840078191772907,0.10230322407614731,current,0,none,0,"interest_rate, current_balance",monitor,medium
L101786,0.36859220619555383,0.25542374212651364,0.1060338355127611,current,0,none,0,"interest_rate, current_balance",monitor,low
L101788,0.5047908094559581,0.507885198536792,0.3409363052022588,current,0,none,0,"interest_rate, current_balance",review,medium
L101788,0.4916234106093405,0.4994520003928692,0.3869624450699372,current,0,none,0,"interest_rate, current_balance",monitor,medium
L101788,0.4874297219941127,0.5029948692495378,0.2890439810422678,current,0,none,0,"interest_rate, current_balance",review,medium
L101788,0.5004747886932602,0.4306223253259525,0.10369385530425115,current,0,none,0,"interest_rate, current_balance",monitor,medium
L101788,0.5027109496715657,0.4164982295259157,0.11683657462661093,current,0,none,0,"interest_rate, current_balance",monitor,medium
L101788,0.4915036779735507,0.4958386189240935,0.3564311625549567,current,0,none,0,"interest_rate, current_balance",monitor,medium
L101788,0.4714834277176259,0.4449679559144911,0.12548686316607222,current,0,none,0,"interest_rate, current_balance",monitor,medium
L101788,0.48991870081465244,0.431189615334227,0.11759090643050268,current,0,none,0,"interest_rate, current_balance",monitor,medium
L101788,0.43525212441849875,0.5040037421392879,0.3696454968225157,current,0,none,0,"interest_rate, current_balance",review,medium
L101788,0.4528751642441094,0.505536978897454,0.3697012551276162,current,0,none,0,"interest_rate, current_balance",review,medium
L101788,0.38996250403551364,0.36522382867789754,0.10709137862613098,current,0,none,0,"interest_rate, current_balance",monitor,medium
L101788,0.3592437121276249,0.34839812161516737,0.10718880844399464,current,0,none,0,"interest_rate, current_balance",monitor,medium
L101806,0.4050472846632866,0.447539745128788,0.16161995723490033,current,0,none,0,"interest_rate, current_balance",monitor,medium
L101806,0.3759446268768286,0.47415184566457774,0.2786225095132462,current,0,none,0,"interest_rate, current_balance",monitor,medium
L101806,0.3785595561725576,0.463305795948019,0.18318023267181735,current,0,none,0,"interest_rate, current_balance",monitor,medium
L101806,0.37470819118754184,0.45494237173382,0.17509285810929232,current,0,none,0,"interest_rate, current_balance",monitor,medium
L101806,0.4180998829541035,0.467983759133789,0.15382993195042244,current,0,none,0,"interest_rate, current_balance",monitor,medium
L101806,0.39726081489880183,0.45614431024281005,0.18492368062183845,current,0,none,0,"interest_rate, current_balance",monitor,medium
L101806,0.4603149883302408,0.43996517492494774,0.155578400061336,current,0,none,0,"interest_rate, current_balance",monitor,medium
L101806,0.4625925737068254,0.4352796366491533,0.13924991719552413,current,0,none,0,"interest_rate, current_balance",monitor,medium
L101806,0.45475289632268434,0.43944978054537587,0.14979320935935905,current,0,none,0,"interest_rate, current_balance",monitor,medium
L101806,0.3920295605046764,0.43851759383816424,0.14010934467261257,current,0,none,0,"interest_rate, current_balance",monitor,medium
L101806,0.41568908486919964,0.4358543460214424,0.20878554001167868,current,0,none,0,"interest_rate, current_balance",monitor,medium
L101806,0.39802381318145613,0.400567500473545,0.14110628507360684,current,0,none,0,"interest_rate, current_balance",monitor,medium
L101808,0.4814091650829756,0.5654496306539335,0.30954956706889036,current,0,none,0,"interest_rate, current_balance",review,medium
L101808,0.4337937392663034,0.5328787298021791,0.12070370919698575,current,0,none,0,"interest_rate, current_balance",review,medium
L101808,0.45467176318276825,0.5711634680812933,0.13838017116473653,current,0,none,0,"interest_rate, current_balance",review,medium
L101808,0.4682792803494611,0.5588181510141412,0.1248336588917045,current,0,none,0,"interest_rate, current_balance",review,medium
L101808,0.49819639689503314,0.5665976342483818,0.12386989120010997,current,0,none,0,"interest_rate, current_balance",review,medium
L101808,0.5163113980096015,0.5671051946838518,0.13002723056222523,current,0,none,0,"interest_rate, current_balance",review,medium
L101808,0.525423478274365,0.5586372785018295,0.12055503440065443,current,0,none,0,"interest_rate, current_balance",review,medium
L101808,0.4918005923890729,0.5444810640874032,0.13639946247355353,current,0,none,0,"interest_rate, current_balance",review,medium
L101808,0.504017146083611,0.5308724703845952,0.10311093531842729,current,0,none,0,"interest_rate, current_balance",review,medium
L101808,0.44358682896791085,0.5335769366409852,0.10956576517587978,current,0,none,0,"interest_rate, current_balance",review,medium
L101808,0.4657828213809731,0.4704232352873841,0.09014925032672605,current,0,none,0,"interest_rate, current_balance",monitor,medium
L101808,0.48177606994231553,0.44354166744689727,0.2107001981775093,current,0,none,0,"interest_rate, current_balance",monitor,medium
L101809,0.3915966784035269,0.3474587142237342,0.3723142381663306,current,0,none,0,"interest_rate, current_balance",monitor,medium
L101809,0.3783325770021298,0.3778990826436635,0.3789021794610049,current,0,none,0,"interest_rate, current_balance",monitor,medium
L101809,0.38055680008453713,0.40312003638642496,0.28317607834523817,current,0,none,0,"interest_rate, current_balance",monitor,medium
L101809,0.38301204342542033,0.3995670511596261,0.27310603381587595,current,0,none,0,"interest_rate, current_balance",monitor,medium
L101809,0.35994530657076274,0.39840502768512587,0.3568019128732908,current,0,none,0,"interest_rate, current_balance",monitor,medium
L101809,0.3559284408151516,0.3572640179795135,0.2516837408747094,current,0,none,0,"interest_rate, current_balance",monitor,medium
L101809,0.36395265899704443,0.35580272090218706,0.2351703775953546,current,0,none,0,"interest_rate, current_balance",monitor,medium
L101809,0.3672761561545797,0.3452845607352948,0.25916802813460327,current,0,none,0,"interest_rate, current_balance",monitor,medium
L101809,0.3729302041728747,0.3497637977885028,0.3485040671217044,current,0,none,0,"interest_rate, current_balance",monitor,medium
L101809,0.37308340102255805,0.35559128597563294,0.19672324011255776,current,0,none,0,"interest_rate, current_balance",monitor,medium
L101809,0.37522070685084474,0.3832384377970884,0.22204650395073344,current,0,none,0,"interest_rate, current_balance",monitor,medium
L101809,0.3810826864406175,0.3707476383251359,0.3094034908693584,current,0,none,0,"interest_rate, current_balance",monitor,medium
L101811,0.5397153127473174,0.5160100288113791,0.08402559852298254,current,0,none,0,"interest_rate, current_balance",review,medium
L101811,0.5196452790332585,0.5091668574800997,0.08423648108460415,current,0,none,0,"interest_rate, current_balance",review,medium
L101811,0.5282839690971353,0.4673378907712443,0.07254684498846421,current,0,none,0,"interest_rate, current_balance",monitor,medium
L101811,0.5255208787619075,0.4738351407810899,0.07802042977739437,current,0,none,0,"interest_rate, current_balance",monitor,medium
L101811,0.46965555054341623,0.4572535211748292,0.06985293656090304,unknown,1,flagged_anomaly,1,"interest_rate, current_balance",monitor,medium
L101813,0.48511212562778466,0.34789801808842336,0.2033348639397359,current,0,none,0,"interest_rate, current_balance",monitor,medium
L101813,0.14145587503158413,0.06080065398317674,0.4362461239549227,unknown,0,none,0,"interest_rate, current_balance",monitor,low
L101816,0.2917722724830967,0.27962366689579576,0.7958564558117216,current,0,none,0,"interest_rate, current_balance",monitor,low
L101816,0.379795491101458,0.34527503778924856,0.44432393562372946,current,0,none,0,"interest_rate, current_balance",monitor,medium
L101816,0.3538512373837931,0.35412246517059265,0.408874410969096,current,0,none,0,"interest_rate, current_balance",monitor,medium
L101816,0.26992403586815555,0.29264168028818927,0.8383273475733999,current,0,none,0,"interest_rate, current_balance",monitor,low
L101816,0.27365817671478054,0.3047133629411694,0.7985519459668392,current,0,none,0,"interest_rate, current_balance",monitor,medium
L101816,0.28944957796580584,0.27649272373971884,0.8134624579557389,current,0,none,0,"interest_rate, current_balance",monitor,low
L101816,0.3073150793866147,0.29361869415199693,0.8064915481120898,current,0,none,0,"interest_rate, current_balance",monitor,low
L101816,0.3026246240040041,0.29897456370834274,0.8093144394273659,current,0,none,0,"interest_rate, current_balance",monitor,low
L101816,0.26660173320039815,0.32963353159331427,0.7544669446107516,current,0,none,0,"interest_rate, current_balance",monitor,medium
L101816,0.27400525581681556,0.2571403408702826,0.7910584351760357,current,0,balance_increase_anomaly,1,"interest_rate, current_balance",monitor,low
L101816,0.27258570233246004,0.2521644309617184,0.7430917970199196,current,0,balance_increase_anomaly,1,"interest_rate, current_balance",monitor,low
L101816,0.2842539417585053,0.2271434952915348,0.6781620836606327,current,0,balance_increase_anomaly,1,"interest_rate, current_balance",monitor,low
L101821,0.427007567603002,0.4076312612481587,0.28674556908438725,current,0,none,0,"interest_rate, current_balance",monitor,medium
L101821,0.3885839222320519,0.39826635657269416,0.18143785363438325,current,0,none,0,"interest_rate, current_balance",monitor,medium
L101821,0.12792490052471495,0.08097384598083485,0.28370042376832894,unknown,0,none,0,"interest_rate, current_balance",monitor,low
L101828,0.2885611884962048,0.2938550317602513,0.22901308347155558,current,0,none,0,"interest_rate, current_balance",monitor,low
L101828,0.2766212782246726,0.3058409284404373,0.25676568826669666,current,0,none,0,"interest_rate, current_balance",monitor,medium
L101828,0.2781914134908556,0.32541108062745294,0.24024274574178217,current,0,none,0,"interest_rate, current_balance",monitor,medium
L101828,0.28410278128044564,0.3209324142865802,0.26482423841421376,current,0,none,0,"interest_rate, current_balance",monitor,medium
L101828,0.29398979843235895,0.38864181706988865,0.323007564748155,current,0,none,0,"interest_rate, current_balance",monitor,medium
L101828,0.2980975201417417,0.350103750345823,0.3730196442159883,current,0,none,0,"interest_rate, current_balance",monitor,medium
L101828,0.28442093070221686,0.31311967082802955,0.23972415928097965,current,0,none,0,"interest_rate, current_balance",monitor,medium
L101828,0.3122060096122762,0.3578351381634886,0.3604726431371765,current,0,none,0,"interest_rate, current_balance",monitor,medium
L101828,0.30480296315187166,0.4003364359529422,0.31084690277393473,current,0,none,0,"interest_rate, current_balance",monitor,medium
L101828,0.2766493944783604,0.3827945782245203,0.24479108721025844,current,0,none,0,"interest_rate, current_balance",monitor,medium
L101828,0.2914849224921898,0.35288347491567795,0.2292486891463118,current,0,none,0,"interest_rate, current_balance",monitor,medium
L101828,0.3063733394585605,0.31581740220835364,0.23089376785023508,current,0,none,0,"interest_rate, current_balance",monitor,medium
L101835,0.3426854703158196,0.406680540454867,0.09935280955189808,current,0,none,0,"interest_rate, current_balance",monitor,medium
L101835,0.35818435036887714,0.3910572726783535,0.09214246404066002,current,0,balance_increase_anomaly,1,"interest_rate, current_balance",monitor,medium
L101835,0.35437389120973495,0.39692078805881786,0.09310185694871481,current,0,balance_increase_anomaly,1,"interest_rate, current_balance",monitor,medium
L101835,0.36472565048680555,0.4265323017824941,0.2277848333490512,current,0,balance_increase_anomaly,1,"interest_rate, current_balance",monitor,medium
L101835,0.34786602336090794,0.4343696175982154,0.20573094517294563,current,0,balance_increase_anomaly,1,"interest_rate, current_balance",monitor,medium
L101835,0.3700163600712068,0.4084554183480921,0.08840474641618819,current,0,balance_increase_anomaly,1,"interest_rate, current_balance",monitor,medium
L101835,0.33309091167612725,0.4479629940681077,0.20750728374881552,current,0,balance_increase_anomaly,1,"interest_rate, current_balance",monitor,medium
L101835,0.3413679784127402,0.3977871526907374,0.07785203160129661,current,0,balance_increase_anomaly,1,"interest_rate, current_balance",monitor,medium
L101835,0.309118825915412,0.39552254423775,0.07637102432317948,current,0,balance_increase_anomaly,1,"interest_rate, current_balance",monitor,medium
L101835,0.28170542213013067,0.4178367286451829,0.18155852777659498,current,0,balance_increase_anomaly,1,"interest_rate, current_balance",monitor,medium
L101835,0.28986395538192544,0.42249448968169434,0.18697100507272835,current,0,balance_increase_anomaly,1,"interest_rate, current_balance",monitor,medium
L101835,0.29837030279114035,0.3442257578017549,0.18856774484372343,current,0,balance_increase_anomaly,1,"interest_rate, current_balance",monitor,medium
L101840,0.5343101947116142,0.46517293696820083,0.2641080396143271,current,0,none,0,"interest_rate, current_balance",monitor,medium
L101840,0.5349618965524998,0.4501623867700241,0.2857033034500311,current,0,none,0,"interest_rate, current_balance",monitor,medium
L101840,0.47354770964155063,0.45657655853332374,0.24430984127333114,current,0,none,0,"interest_rate, current_balance",monitor,medium
L101840,0.5346265328952847,0.4392620041253654,0.37863863584129615,current,0,none,0,"interest_rate, current_balance",monitor,medium
L101840,0.4312754764306666,0.46611172655371547,0.3170642219978215,current,0,none,0,"interest_rate, current_balance",monitor,medium
L101840,0.4337038686353098,0.4587746553419118,0.21237128977303782,current,0,none,0,"interest_rate, current_balance",monitor,medium
L101840,0.48190186014697056,0.4973005245435275,0.20239174413484207,current,0,none,0,"interest_rate, current_balance",monitor,medium
L101840,0.46035308706729616,0.4864118236698727,0.3070389154986923,current,0,none,0,"interest_rate, current_balance",monitor,medium
L101840,0.4678240809081303,0.4924103082341703,0.1999330805473594,current,0,none,0,"interest_rate, current_balance",monitor,medium
L101840,0.41772184824466635,0.4960807558561414,0.27425562501300393,current,0,none,0,"interest_rate, current_balance",monitor,medium
L101840,0.3584461402602484,0.47014974268439014,0.2934595213321285,current,0,none,0,"interest_rate, current_balance",monitor,medium
L101840,0.34973549605227644,0.3870051053539127,0.2777976063316986,current,0,none,0,"interest_rate, current_balance",monitor,medium
L101848,0.3887254799811456,0.4465743651706616,0.2306363526367112,current,0,none,0,"interest_rate, current_balance",monitor,medium
L101848,0.36255285246075536,0.4462143394805342,0.23187118068732487,current,0,none,0,"interest_rate, current_balance",monitor,medium
L101848,0.3702443826750828,0.4669214402576047,0.23479463788652272,current,0,none,0,"interest_rate, current_balance",monitor,medium
L101848,0.4340639569046734,0.4671306217669428,0.1914750569782073,current,0,none,0,"interest_rate, current_balance",monitor,medium
L101848,0.4459019809157196,0.46665771729163424,0.18903186825306736,current,0,none,0,"interest_rate, current_balance",monitor,medium
L101848,0.45049806890398847,0.48281415537536315,0.3010422906100333,current,0,none,0,"interest_rate, current_balance",monitor,medium
L101848,0.4372365657918319,0.4495100516018464,0.2875048005075412,current,0,none,0,"interest_rate, current_balance",monitor,medium
L101848,0.4800522964542091,0.4479590980418886,0.19690805510820567,current,0,none,0,"interest_rate, current_balance",monitor,medium
L101848,0.5004230548090728,0.4641488782387856,0.2431699881839231,current,0,none,0,"interest_rate, current_balance",monitor,medium
L101848,0.48122808704778264,0.46850398543577304,0.20261383858857723,current,0,none,0,"interest_rate, current_balance",monitor,medium
L101848,0.42367844912844416,0.4287426617346648,0.1689652757962204,current,0,none,0,"interest_rate, current_balance",monitor,medium
L101848,0.4336937739372397,0.43642112342591466,0.23793969819205207,current,0,none,0,"interest_rate, current_balance",monitor,medium
L101855,0.5428292618626736,0.46302146185826853,0.05418341852088787,current,0,none,0,"interest_rate, current_balance",monitor,medium
L101855,0.5373519415387261,0.46576032925774274,0.059936472693336296,current,0,none,0,"interest_rate, current_balance",monitor,medium
L101855,0.4764489923488578,0.45188144245389644,0.06071324318843011,current,0,none,0,"interest_rate, current_balance",monitor,medium
L101855,0.5177618478641695,0.44246037444652087,0.05657189084730252,current,0,none,0,"interest_rate, current_balance",monitor,medium
L101855,0.514733655536195,0.502096601977171,0.20374246950099148,current,0,none,0,"interest_rate, current_balance",review,medium
L101855,0.5454444811596413,0.4990209286226626,0.2171470283579004,current,0,none,0,"interest_rate, current_balance",monitor,medium
L101855,0.43283870115332745,0.3675824406074345,0.1322755271064476,current,1,flagged_anomaly,1,"interest_rate, current_balance",monitor,medium
L101855,0.4949050341572746,0.44284303221276267,0.0907910397820718,current,0,none,0,"interest_rate, current_balance",monitor,medium
L101855,0.48995402048539094,0.4861736410771044,0.19578057996697504,current,0,none,0,"interest_rate, current_balance",monitor,medium
L101855,0.487193221563547,0.44342094214625566,0.0738968306981507,current,0,none,0,"interest_rate, current_balance",monitor,medium
L101855,0.4645288410888028,0.4177435853064233,0.06392899315797541,current,0,none,0,"interest_rate, current_balance",monitor,medium
L101855,0.46012374378970333,0.355393701428194,0.06867900078937611,current,0,none,0,"interest_rate, current_balance",monitor,medium
L101857,0.3007982431624566,0.3689714377190873,0.20958974693647509,current,0,none,0,"interest_rate, current_balance",monitor,medium
L101857,0.3265848979552367,0.3990561342696247,0.10794268702039304,current,0,none,0,"interest_rate, current_balance",monitor,medium
L101857,0.3409395710588544,0.4040154712128256,0.09927498053892782,current,0,none,0,"interest_rate, current_balance",monitor,medium
L101857,0.29985453276472773,0.3526969564571012,0.07859726724946592,current,0,none,0,"interest_rate, current_balance",monitor,medium
L101857,0.3255233233965381,0.41300539316196516,0.10029022181603313,current,0,none,0,"interest_rate, current_balance",monitor,medium
L101857,0.3302934681968897,0.38782117268272115,0.08885347289408282,current,0,none,0,"interest_rate, current_balance",monitor,medium
L101857,0.3388015039706415,0.3521083622549297,0.08159061626897555,current,0,none,0,"interest_rate, current_balance",monitor,medium
L101857,0.3497297107317684,0.3952833944743685,0.2108055175912531,current,0,none,0,"interest_rate, current_balance",monitor,medium
L101857,0.3563359349391798,0.3937535415070794,0.18024747959208917,current,0,none,0,"interest_rate, current_balance",monitor,medium
L101857,0.3454095365893704,0.3731902035061614,0.08373995887243568,current,0,none,0,"interest_rate, current_balance",monitor,medium
L101857,0.35021814270957585,0.36890283209518,0.17747190316614223,current,0,none,0,"interest_rate, current_balance",monitor,medium
L101857,0.34229163514030003,0.34359981001538176,0.17736464392365933,current,0,none,0,"interest_rate, current_balance",monitor,medium
L101858,0.43094200935553106,0.37144310279368215,0.12013646705502781,current,0,none,0,"interest_rate, current_balance",monitor,medium
L101858,0.46205953594178123,0.5293016655276359,0.3279186623517911,current,0,none,0,"interest_rate, current_balance",review,medium
L101858,0.45133424020604385,0.5512178804774935,0.30596777801648717,current,0,none,0,"interest_rate, current_balance",review,medium
L101858,0.47096715063998523,0.5370733266956081,0.32027529948751915,current,0,none,0,"interest_rate, current_balance",review,medium
L101858,0.46261099077233525,0.4052155497236033,0.11265291072335132,current,0,none,0,"interest_rate, current_balance",monitor,medium
L101858,0.4231239282966197,0.4159774184690313,0.10087550524903809,current,0,none,0,"interest_rate, current_balance",monitor,medium
L101858,0.46868721709947075,0.5294281612821825,0.2994181555652609,current,0,none,0,"interest_rate, current_balance",review,medium
L101858,0.45998005452167584,0.4104918720378832,0.11570158738569698,current,0,none,0,"interest_rate, current_balance",monitor,medium
L101858,0.4554602944445033,0.5194673708443424,0.28599780786813145,current,0,none,0,"interest_rate, current_balance",review,medium
L101858,0.42481679085040064,0.4069436092215135,0.08092711202283007,current,0,none,0,"interest_rate, current_balance",monitor,medium
L101858,0.40517075991667456,0.47685332912269207,0.2449264070238648,current,0,none,0,"interest_rate, current_balance",monitor,medium
L101858,0.42281995368289377,0.3550666882122516,0.08693364445230488,current,0,none,0,"interest_rate, current_balance",monitor,medium
L101859,0.34452930273795596,0.3149006185931133,0.6403188554712161,current,0,none,0,"interest_rate, current_balance",monitor,medium
L101859,0.33604069589122704,0.3086536108326784,0.6115937008256086,current,0,none,0,"interest_rate, current_balance",monitor,medium
L101859,0.3656696719358141,0.3563650893603715,0.6538502463992748,current,0,none,0,"interest_rate, current_balance",monitor,medium
L101859,0.3984201920985482,0.44479714495934153,0.25364654058226305,current,0,none,0,"interest_rate, current_balance",monitor,medium
L101859,0.3930077331864142,0.39229346477474974,0.22589100704895135,current,0,none,0,"interest_rate, current_balance",monitor,medium
L101859,0.31106684731658335,0.32674285347972604,0.6159936750196779,current,0,none,0,"interest_rate, current_balance",monitor,medium
L101859,0.40934266453351603,0.37191180468936774,0.22329105809633223,current,0,none,0,"interest_rate, current_balance",monitor,medium
L101859,0.3108315102871297,0.3477766073156257,0.1888814897412278,delinquent_30_60,0,severe_delinquency,1,"interest_rate, current_balance",monitor,medium
L101859,0.12978095764589473,0.12940797260333897,0.1917111537227535,unknown,0,none,0,"interest_rate, current_balance",monitor,low
L101865,0.3155558972368826,0.3170177212642169,0.17440310267992398,current,0,none,0,"interest_rate, current_balance",monitor,medium
L101865,0.3156765945154801,0.3204235042137151,0.16875615735244368,current,0,none,0,"interest_rate, current_balance",monitor,medium
L101865,0.3086155606649439,0.34622184537882306,0.25345927789829353,current,0,none,0,"interest_rate, current_balance",monitor,medium
L101865,0.3217829380098064,0.3179161735379819,0.14980731863908928,current,0,none,0,"interest_rate, current_balance",monitor,medium
L101865,0.29582257205105106,0.3149856786458443,0.1429017480107093,current,0,none,0,"interest_rate, current_balance",monitor,medium
L101865,0.3129514066927359,0.32677235025413337,0.15618076471124798,current,0,none,0,"interest_rate, current_balance",monitor,medium
L101865,0.3236554048819439,0.32394452068997137,0.15116864228633872,current,0,none,0,"interest_rate, current_balance",monitor,medium
L101865,0.3268229288015083,0.3283294774802648,0.15909233397606773,current,0,none,0,"interest_rate, current_balance",monitor,medium
L101865,0.3281862048546331,0.3722184067422893,0.15416257614972706,current,0,none,0,"interest_rate, current_balance",monitor,medium
L101865,0.3274609812927023,0.36278416153789916,0.24044952955956395,current,0,none,0,"interest_rate, current_balance",monitor,medium
L101865,0.35157903131527246,0.41997170791128496,0.2541041448799221,current,0,none,0,"interest_rate, current_balance",monitor,medium
L101865,0.3689523545208275,0.31906588954016585,0.1652013595441615,current,0,none,0,"interest_rate, current_balance",monitor,medium
L101870,0.3316938909738776,0.4620618400291116,0.12358623504197702,current,0,none,0,"interest_rate, current_balance",monitor,medium
L101870,0.3589118780440831,0.4421157060792255,0.1531413519366651,current,0,none,0,"interest_rate, current_balance",monitor,medium
L101870,0.38349824515284525,0.4624453903095841,0.3558193135023805,current,0,none,0,"interest_rate, current_balance",monitor,medium
L101870,0.38336385403085527,0.44068355296876416,0.3735116550621962,current,0,none,0,"interest_rate, current_balance",monitor,medium
L101870,0.38912536343552967,0.4715290668627003,0.12642392966520802,current,0,none,0,"interest_rate, current_balance",monitor,medium
L101870,0.35496892512085143,0.44390322748097777,0.37393244259225566,current,0,none,0,"interest_rate, current_balance",monitor,medium
L101870,0.370916929193021,0.42443627563775543,0.13967271404562004,current,0,none,0,"interest_rate, current_balance",monitor,medium
L101870,0.36763287702681086,0.4258218158087663,0.14155178159993112,current,0,none,0,"interest_rate, current_balance",monitor,medium
L101870,0.37319472168298984,0.4518577241157857,0.13843139016682626,current,0,none,0,"interest_rate, current_balance",monitor,medium
L101870,0.36851360422363927,0.45964841844742343,0.12029741203673834,current,0,none,0,"interest_rate, current_balance",monitor,medium
L101870,0.36507150417897033,0.4553931947849395,0.1236398215042621,current,0,none,0,"interest_rate, current_balance",monitor,medium
L101870,0.3509156914550678,0.4003651813260522,0.119706044112664,current,0,none,0,"interest_rate, current_balance",monitor,medium
L101875,0.41207349288405404,0.4005873297688292,0.37859885678332694,current,0,none,0,"interest_rate, current_balance",monitor,medium
L101875,0.4045074517972144,0.3487745390163764,0.13559788641847376,current,0,none,0,"interest_rate, current_balance",monitor,medium
L101875,0.4178353676546287,0.3669091639617233,0.15359893503491948,current,0,none,0,"interest_rate, current_balance",monitor,medium
L101875,0.428072826648406,0.33804176794347074,0.13132511771165373,current,0,none,0,"interest_rate, current_balance",monitor,medium
L101875,0.43529828584587715,0.37229688504601205,0.1411102400420035,current,0,none,0,"interest_rate, current_balance",monitor,medium
L101875,0.36675836665112793,0.2769309245532029,0.39777466280476714,current,0,balance_increase_anomaly,1,"interest_rate, current_balance",monitor,low
L101875,0.46000724776290325,0.3424579351346685,0.13424908410526948,current,0,none,0,"interest_rate, current_balance",monitor,medium
L101875,0.46446407357187863,0.3424360191941785,0.14638506384743005,current,0,none,0,"interest_rate, current_balance",monitor,medium
L101875,0.4223070615809175,0.45457426924920885,0.32950626260979327,current,0,none,0,"interest_rate, current_balance",monitor,medium
L101875,0.43286361961781733,0.28901454101903906,0.13383839266215075,current,0,none,0,"interest_rate, current_balance",monitor,low
L101875,0.4234676433078728,0.3063144657918888,0.14235393944368752,current,0,none,0,"interest_rate, current_balance",monitor,medium
L101875,0.44006829418037163,0.253937113527671,0.15024797009717802,current,0,none,0,"interest_rate, current_balance",monitor,low
L101878,0.30709962278246666,0.35622028263593153,0.7869106613297076,current,0,none,0,"interest_rate, current_balance",monitor,medium
L101878,0.21951083381995024,0.3595575106598283,0.6600865643566138,current,1,flagged_anomaly,1,"interest_rate, current_balance",monitor,medium
L101878,0.24845822298352335,0.4029599999213941,0.7661709235057046,current,0,none,0,"interest_rate, current_balance",monitor,medium
L101878,0.36529340478457756,0.41419805141266886,0.27242465946595246,current,0,none,0,"interest_rate, current_balance",monitor,medium
L101878,0.25570329782648943,0.3798846578060793,0.7258602800242218,current,0,none,0,"interest_rate, current_balance",monitor,medium
L101878,0.25656860041223406,0.3850545767961655,0.7362497143062207,current,0,none,0,"interest_rate, current_balance",monitor,medium
L101878,0.24115392797863958,0.391941666288437,0.7432126909495963,current,0,none,0,"interest_rate, current_balance",monitor,medium
L101878,0.2674620283358917,0.3831623574462426,0.7472613441730536,current,0,none,0,"interest_rate, current_balance",monitor,medium
L101878,0.24434518257104842,0.4246700583660146,0.7267953595023122,current,0,none,0,"interest_rate, current_balance",monitor,medium
L101878,0.2253256981269873,0.3214761760872633,0.666478655556834,current,0,none,0,"interest_rate, current_balance",monitor,medium
L101878,0.24700636470346127,0.3799079102291935,0.7224727609112044,current,0,none,0,"interest_rate, current_balance",monitor,medium
L101878,0.262412099407204,0.33568487631954047,0.7520818018763452,current,0,none,0,"interest_rate, current_balance",monitor,medium
L101879,0.45073898651399813,0.4983880936244308,0.2906996607670276,current,0,none,0,"interest_rate, current_balance",monitor,medium
L101879,0.43672309054692265,0.4777824560588627,0.2164331116569403,current,0,none,0,"interest_rate, current_balance",monitor,medium
L101879,0.43991928464200064,0.4913465871239719,0.21477945023522854,current,0,none,0,"interest_rate, current_balance",monitor,medium
L101879,0.44920286007759586,0.47116338628864723,0.18332753753047185,current,0,none,0,"interest_rate, current_balance",monitor,medium
L101879,0.47411106560880123,0.47051019459418036,0.17769336020863746,current,0,none,0,"interest_rate, current_balance",monitor,medium
L101879,0.4572531278510749,0.4884627532059164,0.19908341678759356,current,0,none,0,"interest_rate, current_balance",monitor,medium
L101879,0.4827738567106663,0.47847455711588216,0.18646708457102704,current,0,none,0,"interest_rate, current_balance",monitor,medium
L101879,0.48552217330174025,0.4707799172668035,0.18954486177137592,current,0,none,0,"interest_rate, current_balance",monitor,medium
L101879,0.47657171364828266,0.48589450780263527,0.1768002633267068,current,0,none,0,"interest_rate, current_balance",monitor,medium
L101879,0.44593612686100387,0.4951181161278393,0.16428972672041617,current,0,none,0,"interest_rate, current_balance",monitor,medium
L101879,0.4398521742968913,0.4743319588983615,0.1626714804950119,current,0,none,0,"interest_rate, current_balance",monitor,medium
L101879,0.434686447821149,0.42459475832069954,0.1393466395816074,current,0,none,0,"interest_rate, current_balance",monitor,medium
L101880,0.37088957068147,0.37129325548829023,0.14957949713631394,delinquent_30_60,1,flagged_anomaly,1,"interest_rate, current_balance",monitor,medium
L101880,0.42361922803338403,0.4014007550248248,0.13741555212300333,current,0,none,0,"interest_rate, current_balance",monitor,medium
L101880,0.4190072564415826,0.4383170560719943,0.14590110243803825,current,0,none,0,"interest_rate, current_balance",monitor,medium
L101880,0.4325410968823535,0.4273468525095337,0.1761181209261785,current,0,none,0,"interest_rate, current_balance",monitor,medium
L101880,0.4552584533901575,0.42970888967506105,0.18488723618268862,current,0,none,0,"interest_rate, current_balance",monitor,medium
L101880,0.4493088555539484,0.4277062604750635,0.19600092930110544,current,0,none,0,"interest_rate, current_balance",monitor,medium
L101880,0.4846150203988415,0.44905256518352965,0.3458583919110106,current,0,none,0,"interest_rate, current_balance",monitor,medium
L101880,0.46921174395112225,0.4219384158743459,0.22862879241541748,current,0,none,0,"interest_rate, current_balance",monitor,medium
L101880,0.4894526402705095,0.4399639415534918,0.3421532951907188,current,0,none,0,"interest_rate, current_balance",monitor,medium
L101880,0.43643414718513973,0.4208611232917249,0.3104758426053346,current,0,none,0,"interest_rate, current_balance",monitor,medium
L101880,0.44564777948879414,0.377899462514288,0.20134131327364238,current,0,none,0,"interest_rate, current_balance",monitor,medium
L101880,0.45958279215550185,0.3622128094333116,0.3212443251736707,current,0,none,0,"interest_rate, current_balance",monitor,medium
L101907,0.32062864213518144,0.43054006312856086,0.12754338825280073,current,0,none,0,"interest_rate, current_balance",monitor,medium
L101907,0.3384530207548347,0.4450654932857084,0.13517728898542059,current,0,none,0,"interest_rate, current_balance",monitor,medium
L101907,0.30855196305892035,0.39517109301465037,0.1409172698026271,current,1,flagged_anomaly,1,"interest_rate, current_balance",monitor,medium
L101907,0.3285177557223173,0.43132505549534433,0.1319728655838665,current,0,none,0,"interest_rate, current_balance",monitor,medium
L101907,0.2850597456830896,0.455118937518662,0.3216494057702397,current,0,none,0,"interest_rate, current_balance",monitor,medium
L101907,0.3231359472609448,0.3945875201616395,0.12387894958089385,current,0,none,0,"interest_rate, current_balance",monitor,medium
L101907,0.3022403188031019,0.42723165933916996,0.3413771280957408,current,0,none,0,"interest_rate, current_balance",monitor,medium
L101907,0.30883342872457525,0.4261643837088273,0.33720498788964376,current,0,none,0,"interest_rate, current_balance",monitor,medium
L101907,0.3458718080144937,0.40997875829530356,0.12388989526785882,current,0,none,0,"interest_rate, current_balance",monitor,medium
L101907,0.3524529461161501,0.4152480326294709,0.13025833637558423,current,0,none,0,"interest_rate, current_balance",monitor,medium
L101907,0.300124994031134,0.4740783158002616,0.329876765347597,current,0,none,0,"interest_rate, current_balance",monitor,medium
L101907,0.2993128251919164,0.4361978496125507,0.30823495908639376,current,0,none,0,"interest_rate, current_balance",monitor,medium
L101915,0.5178888290771015,0.38659402912131463,0.11085332359613635,current,0,none,0,"interest_rate, current_balance",monitor,medium
L101915,0.5183453601847986,0.392422112056556,0.10923202650406398,current,0,none,0,"interest_rate, current_balance",monitor,medium
L101915,0.5231618451334074,0.38300146453752415,0.10129562548139232,current,0,none,0,"interest_rate, current_balance",monitor,medium
L101915,0.5149093152000451,0.4813491002334471,0.2731711478150775,current,0,none,0,"interest_rate, current_balance",monitor,medium
L101915,0.5192121438935192,0.4756234421032488,0.29253018461691227,current,0,none,0,"interest_rate, current_balance",monitor,medium
L101915,0.5287472568454281,0.3908977389207988,0.10738986616811182,current,0,none,0,"interest_rate, current_balance",monitor,medium
L101915,0.4438971592245362,0.33379510708563825,0.08969208692927683,delinquent_30_60,1,flagged_anomaly,1,"interest_rate, current_balance",monitor,medium
L101915,0.4122611116416673,0.3368685881893293,0.10502063989590947,delinquent_30_60,1,flagged_anomaly,1,"interest_rate, current_balance",monitor,medium
L101915,0.4770113278535631,0.3743614987316003,0.09228329572631562,current,0,none,0,"interest_rate, current_balance",monitor,medium
L101915,0.4646366818819415,0.3866247219145788,0.10388906813849272,current,0,none,0,"interest_rate, current_balance",monitor,medium
L101915,0.5136645924429312,0.3646573410836603,0.11055045430891551,current,0,none,0,"interest_rate, current_balance",monitor,medium
L101915,0.5156642688900018,0.3145364082838383,0.10041610466968902,current,0,none,0,"interest_rate, current_balance",monitor,medium
L101919,0.38307375612526223,0.42419845611246537,0.21976428840004483,current,0,none,0,"interest_rate, current_balance",monitor,medium
L101919,0.39284270975180374,0.43560264939296267,0.10052786905403378,current,0,none,0,"interest_rate, current_balance",monitor,medium
L101919,0.3352904921128357,0.3696091106905093,0.08584093200412585,current,0,none,0,"interest_rate, current_balance",monitor,medium
L101919,0.3691409262698291,0.3822025580230015,0.08341822254336004,current,0,none,0,"interest_rate, current_balance",monitor,medium
L101919,0.3730652490234218,0.3894912453728032,0.07797328063993227,current,0,none,0,"interest_rate, current_balance",monitor,medium
L101919,0.4068615134619371,0.37690561748803003,0.08628895774983442,current,0,none,0,"interest_rate, current_balance",monitor,medium
L101919,0.419242637096695,0.37798332213663904,0.17307037908290318,current,0,none,0,"interest_rate, current_balance",monitor,medium
L101919,0.42463577497105653,0.36194398869472744,0.1543339610923949,current,0,none,0,"interest_rate, current_balance",monitor,medium
L101919,0.39517864326882396,0.3507935140789938,0.0589599241141782,current,0,none,0,"interest_rate, current_balance",monitor,medium
L101919,0.3731107294636265,0.3433829630326534,0.07549061661385655,current,0,none,0,"interest_rate, current_balance",monitor,medium
L101919,0.3838890334484817,0.3663971058608098,0.1429850223088301,current,0,none,0,"interest_rate, current_balance",monitor,medium
L101919,0.37939610443181926,0.33277749273873486,0.06371722165637866,current,0,none,0,"interest_rate, current_balance",monitor,medium
L101921,0.5015586132798054,0.5119361080361975,0.282475634084784,current,0,none,0,"interest_rate, current_balance",review,medium
L101921,0.49861360958479933,0.526468452838834,0.08869162218098081,current,0,none,0,"interest_rate, current_balance",review,medium
L101921,0.45515660262243596,0.40305828486216344,0.23793508357329402,current,0,balance_increase_anomaly,1,"interest_rate, current_balance",monitor,medium
L101921,0.09076089961550751,0.06869232760764314,0.19889755114342736,unknown,0,balance_increase_anomaly,1,"interest_rate, current_balance",monitor,low
L101924,0.4090851067720647,0.3947398762750101,0.7598622197479237,current,0,none,0,"interest_rate, current_balance",monitor,medium
L101924,0.4738498319079586,0.5100339001175754,0.2799168864051177,current,0,none,0,"interest_rate, current_balance",review,medium
L101924,0.40797438976766176,0.45596006920320054,0.7420291056902767,current,0,none,0,"interest_rate, current_balance",monitor,medium
L101924,0.41286496685800156,0.4277725776714996,0.7676613262006804,current,0,none,0,"interest_rate, current_balance",monitor,medium
L101924,0.12957411609766592,0.10911571001752085,0.26247326178991726,unknown,0,none,0,"interest_rate, current_balance",monitor,low
L101927,0.5421013097681289,0.5140479909082377,0.2645692282040182,current,0,none,0,"interest_rate, current_balance",review,medium
L101927,0.5266112535404857,0.5139237874119849,0.43171428644306664,current,0,none,0,"interest_rate, current_balance",review,medium
L101927,0.5236578333404842,0.5098779346325952,0.3009937113084358,current,0,none,0,"interest_rate, current_balance",review,medium
L101927,0.5537941003656008,0.5201377983798424,0.3767263661329271,current,0,none,0,"interest_rate, current_balance",review,medium
L101927,0.5214179516428054,0.5181796441665859,0.19428928134145815,unknown,0,severe_delinquency,1,"interest_rate, current_balance",review,medium
L101931,0.30897797913878755,0.3715479924720065,0.11116494609076778,current,0,none,0,"interest_rate, current_balance",monitor,medium
L101931,0.285400022162215,0.3967101662318203,0.24867454369857625,current,0,none,0,"interest_rate, current_balance",monitor,medium
L101931,0.2767832771167808,0.3913577471109616,0.1101693578686573,current,0,none,0,"interest_rate, current_balance",monitor,medium
L101931,0.2980482338400834,0.41238316837518585,0.12070534035918619,current,0,none,0,"interest_rate, current_balance",monitor,medium
L101931,0.14768908468765626,0.14409188611437004,0.11236967505470943,unknown,0,none,0,"interest_rate, current_balance",monitor,low
L101940,0.4150280414024348,0.4046782416953166,0.4352764740694862,current,0,none,0,"interest_rate, current_balance",monitor,medium
L101940,0.39951440726954557,0.3748087892482897,0.313641987280381,current,0,none,0,"interest_rate, current_balance",monitor,medium
L101940,0.39164288332842273,0.38801433827135645,0.30756428735126345,current,0,none,0,"interest_rate, current_balance",monitor,medium
L101940,0.378546952289078,0.41072062058818626,0.27383073045499934,current,0,none,0,"interest_rate, current_balance",monitor,medium
L101940,0.3902956885840325,0.4267028821272447,0.41566784756865316,current,0,none,0,"interest_rate, current_balance",monitor,medium
L101940,0.38745279131533233,0.3848307613951275,0.40823786548426727,current,0,none,0,"interest_rate, current_balance",monitor,medium
L101940,0.37188482237557774,0.360416222228545,0.2851697334999651,current,0,none,0,"interest_rate, current_balance",monitor,medium
L101940,0.3707156208948657,0.37728108433054136,0.2759853006641376,current,0,none,0,"interest_rate, current_balance",monitor,medium
L101940,0.40475983214132794,0.4098196413800421,0.3924674038703281,current,0,none,0,"interest_rate, current_balance",monitor,medium
L101940,0.3736352693209366,0.36735657357474044,0.2879169576297437,current,0,none,0,"interest_rate, current_balance",monitor,medium
L101940,0.3960082870130249,0.3649361556804589,0.2646682401326166,current,0,none,0,"interest_rate, current_balance",monitor,medium
L101940,0.39210719959105034,0.32560246053896613,0.3973187745933335,current,0,none,0,"interest_rate, current_balance",monitor,medium
L101942,0.43101614085962914,0.4636450884361676,0.3371415588960543,current,0,none,0,"interest_rate, current_balance",monitor,medium
L101942,0.42689235545513887,0.4151264310166339,0.2394361052997804,current,0,none,0,"interest_rate, current_balance",monitor,medium
L101942,0.4020052439467777,0.40479095574577434,0.22729728585712167,current,0,none,0,"interest_rate, current_balance",monitor,medium
L101942,0.4101585185747688,0.45041618632658387,0.2929753870069001,current,0,none,0,"interest_rate, current_balance",monitor,medium
L101942,0.39704852801596446,0.4523396119486146,0.28555534498690066,current,0,none,0,"interest_rate, current_balance",monitor,medium
L101942,0.390342183515925,0.36632680656954686,0.2805131885339819,current,0,none,0,"interest_rate, current_balance",monitor,medium
L101942,0.402068491805931,0.4088090566178727,0.28065756582626306,current,0,none,0,"interest_rate, current_balance",monitor,medium
L101942,0.39599006323668595,0.38647315449982095,0.16590828940686161,current,0,none,0,"interest_rate, current_balance",monitor,medium
L101942,0.40068393045560163,0.3873122999345174,0.1545119750874992,current,0,none,0,"interest_rate, current_balance",monitor,medium
L101942,0.38988250468980823,0.35513800250682204,0.1733893158879671,current,0,none,0,"interest_rate, current_balance",monitor,medium
L101942,0.3910965529597007,0.3590661619409494,0.2540617488132195,current,0,none,0,"interest_rate, current_balance",monitor,medium
L101942,0.409433952029223,0.3579598410568496,0.2579267673997409,current,0,none,0,"interest_rate, current_balance",monitor,medium
L101952,0.482750104563754,0.4511184661105272,0.18915938600881405,current,0,none,0,"interest_rate, current_balance",monitor,medium
L101952,0.4705897834528356,0.47951114299852793,0.16598669774146896,current,0,none,0,"interest_rate, current_balance",monitor,medium
L101952,0.49769599758428407,0.4609488417819469,0.1489175628004223,current,0,none,0,"interest_rate, current_balance",monitor,medium
L101952,0.5032471407874082,0.46766775212789147,0.13864770255227765,current,0,none,0,"interest_rate, current_balance",monitor,medium
L101952,0.5120017548536033,0.47903227374280144,0.13272931581786288,current,0,none,0,"interest_rate, current_balance",monitor,medium
L101952,0.5290708237561489,0.4681718152138664,0.1370410596783688,current,0,none,0,"interest_rate, current_balance",monitor,medium
L101952,0.533164455509149,0.4742391177502272,0.18804970537299903,current,0,none,0,"interest_rate, current_balance",monitor,medium
L101952,0.525520470003975,0.48399031299581974,0.13876363168173586,current,0,none,0,"interest_rate, current_balance",monitor,medium
L101952,0.5047487517983185,0.4778782072871675,0.11909900120735038,current,0,none,0,"interest_rate, current_balance",monitor,medium
L101952,0.49933334557850495,0.4739209002735466,0.18566570910338107,current,0,none,0,"interest_rate, current_balance",monitor,medium
L101952,0.509663474731753,0.4751513777123314,0.18770748793382735,current,0,none,0,"interest_rate, current_balance",monitor,medium
L101952,0.4984562850915813,0.41039886511028506,0.13233760776264517,current,0,none,0,"interest_rate, current_balance",monitor,medium
L101958,0.4281670918536531,0.395559200270311,0.25072851090967807,current,0,none,0,"interest_rate, current_balance",monitor,medium
L101958,0.41967527924660114,0.39647645799530573,0.2642053131122384,current,0,none,0,"interest_rate, current_balance",monitor,medium
L101958,0.40316718373598415,0.39519105555602557,0.3935654927391371,current,0,none,0,"interest_rate, current_balance",monitor,medium
L101958,0.41688741458529316,0.37351393023442137,0.28862279281353775,current,0,none,0,"interest_rate, current_balance",monitor,medium
L101958,0.4149866003380084,0.373619528578334,0.2959153325591665,current,0,none,0,"interest_rate, current_balance",monitor,medium
L101958,0.41958516646324956,0.3580550686147779,0.40100604135244494,current,0,none,0,"interest_rate, current_balance",monitor,medium
L101958,0.4382544758693413,0.355548484069879,0.29305608658607263,current,0,none,0,"interest_rate, current_balance",monitor,medium
L101958,0.45220688234989115,0.36946301666156856,0.30976796067002044,current,0,none,0,"interest_rate, current_balance",monitor,medium
L101958,0.45425633839085994,0.38866099075871136,0.41609143010787736,current,0,none,0,"interest_rate, current_balance",monitor,medium
L101958,0.4551814814526137,0.36636344167257084,0.2719489633331428,current,0,none,0,"interest_rate, current_balance",monitor,medium
L101958,0.44889517179448263,0.3479258651229863,0.2667559710137005,current,0,none,0,"interest_rate, current_balance",monitor,medium
L101958,0.4455564862242413,0.3207770867626456,0.29974577694877735,current,0,none,0,"interest_rate, current_balance",monitor,medium
L101960,0.5118217951804152,0.48940675202610445,0.3861012697496404,current,0,none,0,"interest_rate, current_balance",monitor,medium
L101960,0.5142643215305548,0.48764155531653053,0.2517548519290371,current,0,none,0,"interest_rate, current_balance",monitor,medium
L101960,0.5130409579711543,0.49013706000795054,0.26738578320233336,current,0,none,0,"interest_rate, current_balance",monitor,medium
L101960,0.528507330381827,0.4903420580436344,0.22468862835295889,current,0,none,0,"interest_rate, current_balance",monitor,medium
L101960,0.5196255269247336,0.48383848136341356,0.24740644808845202,current,0,none,0,"interest_rate, current_balance",monitor,medium
L101960,0.5232248418828372,0.5014738419513198,0.32076156749452084,current,0,none,0,"interest_rate, current_balance",review,medium
L101960,0.5284278637448236,0.48203032934592577,0.33211435172805726,current,0,none,0,"interest_rate, current_balance",monitor,medium
L101960,0.5354157674695443,0.48271128654710804,0.2165334942884952,current,0,none,0,"interest_rate, current_balance",monitor,medium
L101960,0.5284769159158598,0.48016390517657215,0.22822151279261368,current,0,none,0,"interest_rate, current_balance",monitor,medium
L101960,0.5194171689261252,0.4671753502329457,0.23867940132625795,current,0,none,0,"interest_rate, current_balance",monitor,medium
L101960,0.5374169317314739,0.4528617662277483,0.20337458714713086,current,0,none,0,"interest_rate, current_balance",monitor,medium
L101960,0.5419347382652667,0.3977576142579311,0.22349480024005217,current,0,none,0,"interest_rate, current_balance",monitor,medium
L101963,0.26896584221967745,0.35226134171866136,0.3431903054169713,current,0,none,0,"interest_rate, current_balance",monitor,medium
L101963,0.167588073804689,0.2610823959006669,0.6859323475712306,current,0,none,0,"interest_rate, current_balance",monitor,low
L101963,0.15730107977126193,0.2736459649647198,0.6767056851741944,current,0,none,0,"interest_rate, current_balance",monitor,low
L101963,0.23743702413796597,0.3472853809411088,0.34962702413875285,current,0,none,0,"interest_rate, current_balance",monitor,medium
L101963,0.042028402029069045,0.08010201680184226,0.45343970682276385,unknown,0,none,0,"interest_rate, current_balance",monitor,low
L101968,0.362399771746955,0.35612257205798564,0.17951356182401293,current,0,none,0,"interest_rate, current_balance",monitor,medium
L101968,0.33845908841559486,0.391373758904513,0.18864532910027546,current,0,none,0,"interest_rate, current_balance",monitor,medium
L101968,0.376079678264213,0.4823303455615187,0.20174426568481726,current,0,none,0,"interest_rate, current_balance",monitor,medium
L101968,0.395828397946876,0.47014929898602004,0.2545997652622362,current,0,none,0,"interest_rate, current_balance",monitor,medium
L101968,0.38886544592877303,0.49063411919624506,0.2529064450212989,current,0,none,0,"interest_rate, current_balance",monitor,medium
L101968,0.3763538253290834,0.48079643575856174,0.17733305470461616,current,0,none,0,"interest_rate, current_balance",monitor,medium
L101968,0.41074010591508103,0.4771052385223651,0.18471420558345575,current,0,none,0,"interest_rate, current_balance",monitor,medium
L101968,0.40929662644034087,0.46874128998574527,0.17844389828875723,current,0,none,0,"interest_rate, current_balance",monitor,medium
L101968,0.434552061324205,0.4665302643096094,0.1723989609293208,current,0,none,0,"interest_rate, current_balance",monitor,medium
L101968,0.3838741065737175,0.44423390390169337,0.19097352198757137,current,0,none,0,"interest_rate, current_balance",monitor,medium
L101968,0.3992002178589059,0.416430674768875,0.1399370652532177,current,0,none,0,"interest_rate, current_balance",monitor,medium
L101968,0.3785312798601127,0.3742775890026919,0.1423973698121144,current,0,none,0,"interest_rate, current_balance",monitor,medium
L101976,0.296630384311942,0.30286026961897455,0.37189347220024127,current,0,none,0,"interest_rate, current_balance",monitor,medium
L101976,0.2990118734671693,0.2882970651169697,0.12702242252104184,current,0,none,0,"interest_rate, current_balance",monitor,low
L101976,0.29698922199735794,0.2996916024741315,0.13066974480613147,current,0,none,0,"interest_rate, current_balance",monitor,low
L101976,0.2958061989169316,0.2947461574205801,0.12195124645108187,current,0,none,0,"interest_rate, current_balance",monitor,low
L101976,0.28498292687454513,0.29859575954384737,0.3829939728174053,current,0,none,0,"interest_rate, current_balance",monitor,low
L101976,0.2848886771628202,0.26519181676810405,0.12921913282132827,current,0,none,0,"interest_rate, current_balance",monitor,low
L101976,0.27936037540872255,0.2434253572139606,0.3854084548064986,current,0,none,0,"interest_rate, current_balance",monitor,low
L101976,0.27373610533854503,0.27728915647626723,0.28526295431013027,current,0,none,0,"interest_rate, current_balance",monitor,low
L101976,0.3109265438295601,0.23622457061935326,0.10239447704718131,current,0,balance_increase_anomaly,1,"interest_rate, current_balance",monitor,low
L101976,0.2718922793129503,0.26249073074003193,0.3609772146711919,current,0,balance_increase_anomaly,1,"interest_rate, current_balance",monitor,low
L101976,0.2811588894297483,0.26640473624498434,0.3589243899884099,current,0,balance_increase_anomaly,1,"interest_rate, current_balance",monitor,low
L101976,0.2841584233563461,0.2342914652040983,0.12052402782628299,current,0,balance_increase_anomaly,1,"interest_rate, current_balance",monitor,low
L101980,0.42128163370482713,0.46451532717773963,0.2882633956508465,current,0,none,0,"interest_rate, current_balance",monitor,medium
L101980,0.4280659852730339,0.47952608513978057,0.28619734897916504,current,0,none,0,"interest_rate, current_balance",monitor,medium
L101980,0.45216403758588947,0.3998103556075378,0.11115715413519983,current,0,none,0,"interest_rate, current_balance",monitor,medium
L101980,0.43259330317210803,0.5094057636289668,0.24189641026701791,current,0,none,0,"interest_rate, current_balance",review,medium
L101980,0.43956963291519713,0.5247548726397598,0.23182713594112347,current,0,none,0,"interest_rate, current_balance",review,medium
L101980,0.46117808203710436,0.4570275561547041,0.0981409043824374,current,0,none,0,"interest_rate, current_balance",monitor,medium
L101980,0.4697872514060898,0.4504460309967816,0.09623787381708294,current,0,none,0,"interest_rate, current_balance",monitor,medium
L101980,0.47947962972506586,0.4721359244715673,0.10566564001307704,current,0,none,0,"interest_rate, current_balance",monitor,medium
L101980,0.4651380866587233,0.5403012338209957,0.22258962447459651,current,0,none,0,"interest_rate, current_balance",review,medium
L101980,0.46816743033369,0.45269835135843484,0.0861166397256424,current,0,none,0,"interest_rate, current_balance",monitor,medium
L101980,0.45186492001946355,0.47821066024003966,0.20520132837211658,current,0,none,0,"interest_rate, current_balance",monitor,medium
L101980,0.4427312034430066,0.37852459651952913,0.08345022866874272,current,0,none,0,"interest_rate, current_balance",monitor,medium
L101985,0.44235117616303926,0.39364922882601877,0.722873321968639,current,0,none,0,"interest_rate, current_balance",monitor,medium
L101985,0.42659303042232105,0.39980267609591014,0.7315871671307327,current,0,none,0,"interest_rate, current_balance",monitor,medium
L101985,0.4428359759159248,0.4943302253853319,0.34128721637993586,current,0,none,0,"interest_rate, current_balance",monitor,medium
L101985,0.39219627971404486,0.4084542366111996,0.7121335206457688,current,0,none,0,"interest_rate, current_balance",monitor,medium
L101985,0.45454881198959574,0.48542213366142106,0.3065367802754173,current,0,none,0,"interest_rate, current_balance",monitor,medium
L101985,0.4833998231782254,0.40413940839788975,0.7160380162274071,current,0,none,0,"interest_rate, current_balance",monitor,medium
L101985,0.439549326288082,0.36701636276535715,0.723458706578734,current,0,none,0,"interest_rate, current_balance",monitor,medium
L101985,0.49642951137358227,0.3732362268637847,0.749400942441022,current,0,none,0,"interest_rate, current_balance",monitor,medium
L101985,0.47651747018809215,0.382082378802818,0.7188212349919718,current,0,none,0,"interest_rate, current_balance",monitor,medium
L101985,0.4682598822786695,0.3934964719105012,0.6913218093315106,current,0,none,0,"interest_rate, current_balance",monitor,medium
L101985,0.48348611178007606,0.3612919304327421,0.7044116581585731,current,0,none,0,"interest_rate, current_balance",monitor,medium
L101985,0.3951013896105023,0.42667652712479753,0.2169929155340973,current,0,none,0,"interest_rate, current_balance",monitor,medium
L101991,0.5509455637638846,0.5052087660176923,0.10114348098146814,current,0,none,0,"interest_rate, current_balance",review,medium
L101991,0.5636936104521169,0.514420351979533,0.09392010935799766,current,0,none,0,"interest_rate, current_balance",review,medium
L101991,0.5795930273870064,0.49896170140919943,0.09278395507423479,current,0,none,0,"interest_rate, current_balance",monitor,medium
L101991,0.47895013737565106,0.5209161803417458,0.061875210211881894,current,0,none,0,"interest_rate, current_balance",review,medium
L101991,0.44906851385708885,0.461366031409889,0.06869373475705642,current,1,flagged_anomaly,1,"interest_rate, current_balance",monitor,medium
L101991,0.4622846320769009,0.45922106648419486,0.08705855987240432,current,0,none,0,"interest_rate, current_balance",monitor,medium
L101991,0.4796889654961139,0.5063784910411002,0.05774603928982993,current,0,none,0,"interest_rate, current_balance",review,medium
L101991,0.48271444772675975,0.5209528592709393,0.15553654903446867,current,0,none,0,"interest_rate, current_balance",review,medium
L101991,0.4292100123192983,0.49790011821064906,0.05417611040580284,current,0,none,0,"interest_rate, current_balance",monitor,medium
L101991,0.41909139923417343,0.46287498401805277,0.05230385473668194,current,0,none,0,"interest_rate, current_balance",monitor,medium
L101991,0.4188151748505086,0.4539380004818636,0.07023622894226826,current,0,none,0,"interest_rate, current_balance",monitor,medium
L101991,0.383858600922425,0.3998994374101841,0.09276475232083592,current,0,none,0,"interest_rate, current_balance",monitor,medium
L101995,0.40361709203881446,0.38581361997974306,0.279802963954003,current,0,none,0,"interest_rate, current_balance",monitor,medium
L101995,0.29215777857982034,0.3181456395023159,0.21267936660425554,current,0,none,0,"interest_rate, current_balance",monitor,medium
L101995,0.3823084912507853,0.33116255493560537,0.2135176146634519,current,0,none,0,"interest_rate, current_balance",monitor,medium
L101995,0.38334775485088796,0.31985266424008546,0.230980203669082,current,0,none,0,"interest_rate, current_balance",monitor,medium
L101995,0.39655050560511135,0.3118814161145324,0.23028390773527396,current,0,none,0,"interest_rate, current_balance",monitor,medium
L101995,0.37570301540691176,0.26780845045542995,0.20884424845838442,current,0,none,0,"interest_rate, current_balance",monitor,low
L101995,0.37153451569139345,0.2871320122515748,0.20941240816785034,current,0,none,0,"interest_rate, current_balance",monitor,low
L101995,0.3203682965175288,0.24213271222066443,0.18207773663297888,current,0,none,0,"interest_rate, current_balance",monitor,low
L101995,0.32043977824819675,0.3048252002182686,0.26295754527754683,current,0,none,0,"interest_rate, current_balance",monitor,medium
L101995,0.31865268572267685,0.28552270123628054,0.19063926602608033,current,0,none,0,"interest_rate, current_balance",monitor,low
L101995,0.3392796038406744,0.3158798179995625,0.1878233808943203,current,0,none,0,"interest_rate, current_balance",monitor,medium
L101995,0.326278082827331,0.2639795445715102,0.2457730843149372,current,0,none,0,"interest_rate, current_balance",monitor,low
L101756,0.43205405108036976,0.42335838856561553,0.4155823440027216,current,0,none,0,"interest_rate, current_balance",monitor,medium
L101452,0.4544181311308876,0.42874690301313034,0.16760596512005246,current,0,balance_increase_anomaly,1,"interest_rate, current_balance",monitor,medium
